{
  "experiment": {
    "name": "CONTCAR",
    "file_path": "/home/dotempo/Documents/DION-JACOBSON/BULKS/MAPbBr3/MAPbBr3_n1_[NH3+]CC1CCC(C[NH3+])CC1/CONTCAR",
    "timestamp": "2025-08-06 13:14:19.851566"
  },
  "analysis_parameters": {
    "halogen_symbol": "Br",
    "central_metal": "Pb",
    "total_spacer_molecules": 2,
    "analyzed_molecules": 2
  },
  "penetration_analysis": {
    "molecule_0": {
      "formula": "C8H20N2",
      "n1_position": [
        0.2248271455113787,
        3.901651878415225,
        2.6150530197453827
      ],
      "n2_position": [
        0.36707935114917994,
        4.732179087795472,
        9.035121381425514
      ],
      "molecular_vector": [
        0.14225220563780125,
        0.8305272093802465,
        6.420068361680131
      ],
      "molecular_vector_length": 6.475128485534165,
      "low_plane_intersection": [
        0.22532566746037191,
        3.9045624557328544,
        2.637552108444813
      ],
      "high_plane_intersection": [
        0.3548452533967621,
        4.660751365321546,
        8.482977085582498
      ],
      "penetration_segments": {
        "n1_to_low_plane": 0.022692046552930337,
        "low_plane_to_high_plane": 5.895556814540181,
        "high_plane_to_n2": 0.5568796244410528,
        "total_calculated": 6.475128485534165,
        "molecular_length": 6.475128485534165,
        "length_difference": 0.0
      },
      "penetration_parameters": {
        "t_low_plane": 0.022692046552930546,
        "t_high_plane": 5.918248861093112
      }
    },
    "molecule_1": {
      "formula": "C8H20N2",
      "n1_position": [
        3.8175156500451632,
        7.7268125245432175,
        2.1879428211756076
      ],
      "n2_position": [
        4.333488102364314,
        0.4971618689219622,
        8.967456959776795
      ],
      "molecular_vector": [
        0.5159724523191511,
        -7.229650655621255,
        6.779514138601188
      ],
      "molecular_vector_length": 9.924509465428025,
      "low_plane_intersection": [
        3.8248353581867938,
        7.624250977841954,
        2.2841186239991362
      ],
      "high_plane_intersection": [
        4.312199198098168,
        0.7954555859477717,
        8.687735771525466
      ],
      "penetration_segments": {
        "n1_to_low_plane": 0.14079145584084415,
        "low_plane_to_high_plane": 9.374235040199368,
        "high_plane_to_n2": 0.4094829693878154,
        "total_calculated": 9.924509465428027,
        "molecular_length": 9.924509465428025,
        "length_difference": 1.7763568394002505e-15
      },
      "penetration_parameters": {
        "t_low_plane": 0.1407914558408444,
        "t_high_plane": 9.51502649604021
      }
    },
    "comparative_analysis": {
      "molecule_1": {
        "id": "molecule_0",
        "segments": {
          "n1_to_low_plane": 0.022692046552930337,
          "low_plane_to_high_plane": 5.895556814540181,
          "high_plane_to_n2": 0.5568796244410528,
          "total_calculated": 6.475128485534165,
          "molecular_length": 6.475128485534165,
          "length_difference": 0.0
        }
      },
      "molecule_2": {
        "id": "molecule_1",
        "segments": {
          "n1_to_low_plane": 0.14079145584084415,
          "low_plane_to_high_plane": 9.374235040199368,
          "high_plane_to_n2": 0.4094829693878154,
          "total_calculated": 9.924509465428027,
          "molecular_length": 9.924509465428025,
          "length_difference": 1.7763568394002505e-15
        }
      },
      "penetration_comparison": {
        "n1_to_low_diff": 0.11809940928791382,
        "low_to_high_diff": 3.478678225659187,
        "high_to_n2_diff": 0.14739665505323735
      }
    },
    "plane_reference": {
      "plane_analysis": {
        "low_plane": {
          "normal_vector": [
            0.025074220438022897,
            0.07048657405395575,
            0.9971975362723082
          ],
          "center_position": [
            2.854474364830901,
            2.1854717412004026,
            2.6929563377409256
          ],
          "angle_vs_z_axis_degrees": 6.608929308577855
        },
        "high_plane": {
          "normal_vector": [
            0.0014966588439444851,
            0.05442733757114212,
            0.998516612249001
          ],
          "center_position": [
            5.47023014551021,
            5.700440531974302,
            8.418638146707226
          ],
          "angle_vs_z_axis_degrees": 4.996378442019148
        }
      },
      "vector_analysis_results": {
        "angle_between_planes_degrees": 1.6362895019756625,
        "distance_between_plane_centers_angstrom": 7.20975839274794,
        "angle_between_low_plane_and_z": 6.608929308577855,
        "angle_between_high_plane_and_z": 4.996378442019148
      }
    }
  }
}