{
  "experiment": {
    "name": "CONTCAR",
    "file_path": "/home/dotempo/Documents/DION-JACOBSON/BULKS/MAPbCl3/MAPbCl3_n3_[NH3+]CCC1=CC=C(CC[NH3+])C=C1/CONTCAR",
    "timestamp": "2025-08-06 13:14:06.634653"
  },
  "analysis_parameters": {
    "halogen_symbol": "Cl",
    "central_metal": "Pb",
    "total_spacer_molecules": 6,
    "analyzed_molecules": 2
  },
  "penetration_analysis": {
    "molecule_1": {
      "formula": "C10H18N2",
      "n1_position": [
        5.70154573280931,
        7.54315637770431,
        3.8665657109162668
      ],
      "n2_position": [
        0.7345890162618167,
        1.3939668521484871,
        12.337658229927957
      ],
      "molecular_vector": [
        -4.966956716547494,
        -6.149189525555823,
        8.471092519011691
      ],
      "molecular_vector_length": 11.586310858548442,
      "low_plane_intersection": [
        5.348469141821024,
        7.106040654953807,
        4.468734128972869
      ],
      "high_plane_intersection": [
        1.2129819575140113,
        1.9862266666235007,
        11.521764092520144
      ],
      "penetration_segments": {
        "n1_to_low_plane": 0.8236140102526157,
        "low_plane_to_high_plane": 9.6467601397239,
        "high_plane_to_n2": 1.1159367085719256,
        "total_calculated": 11.586310858548442,
        "molecular_length": 11.586310858548442,
        "length_difference": 0.0
      },
      "penetration_parameters": {
        "t_low_plane": 0.8236140102526158,
        "t_high_plane": 10.470374149976516
      }
    },
    "molecule_2": {
      "formula": "C10H18N2",
      "n1_position": [
        0.7689027998906415,
        3.734249335814824,
        4.341617360206204
      ],
      "n2_position": [
        4.5200101037018,
        3.8218078330974103,
        11.62224782860052
      ],
      "molecular_vector": [
        3.7511073038111586,
        0.08755849728258625,
        7.280630468394316
      ],
      "molecular_vector_length": 8.190607578956731,
      "low_plane_intersection": [
        0.8580898187671017,
        3.736331142790061,
        4.514722972609635
      ],
      "high_plane_intersection": [
        4.457901269808102,
        3.8203580862031585,
        11.501699032797351
      ],
      "penetration_segments": {
        "n1_to_low_plane": 0.19474139596377368,
        "low_plane_to_high_plane": 7.860250471575413,
        "high_plane_to_n2": 0.1356157114175435,
        "total_calculated": 8.19060757895673,
        "molecular_length": 8.190607578956731,
        "length_difference": 1.7763568394002505e-15
      },
      "penetration_parameters": {
        "t_low_plane": 0.19474139596377357,
        "t_high_plane": 8.054991867539188
      }
    },
    "comparative_analysis": {
      "molecule_1": {
        "id": "molecule_1",
        "segments": {
          "n1_to_low_plane": 0.8236140102526157,
          "low_plane_to_high_plane": 9.6467601397239,
          "high_plane_to_n2": 1.1159367085719256,
          "total_calculated": 11.586310858548442,
          "molecular_length": 11.586310858548442,
          "length_difference": 0.0
        }
      },
      "molecule_2": {
        "id": "molecule_2",
        "segments": {
          "n1_to_low_plane": 0.19474139596377368,
          "low_plane_to_high_plane": 7.860250471575413,
          "high_plane_to_n2": 0.1356157114175435,
          "total_calculated": 8.19060757895673,
          "molecular_length": 8.190607578956731,
          "length_difference": 1.7763568394002505e-15
        }
      },
      "penetration_comparison": {
        "n1_to_low_diff": 0.628872614288842,
        "low_to_high_diff": 1.7865096681484873,
        "high_to_n2_diff": 0.9803209971543821
      }
    },
    "plane_reference": {
      "plane_analysis": {
        "low_plane": {
          "normal_vector": [
            -0.042103425944007136,
            0.06970821814341696,
            0.9966785167981937
          ],
          "center_position": [
            3.2049689520866305,
            2.375008188434134,
            4.7090755607214145
          ],
          "angle_vs_z_axis_degrees": 3.4897338460619705
        },
        "high_plane": {
          "normal_vector": [
            0.06720780660743864,
            -0.10805221434386715,
            0.9918708735044114
          ],
          "center_position": [
            3.61528341846822,
            2.7249506211400907,
            11.439462398714191
          ],
          "angle_vs_z_axis_degrees": 12.070100635483836
        }
      },
      "vector_analysis_results": {
        "angle_between_planes_degrees": 11.981526682490495,
        "distance_between_plane_centers_angstrom": 6.751957098246151,
        "angle_between_low_plane_and_z": 3.4897338460619705,
        "angle_between_high_plane_and_z": 12.070100635483836
      }
    }
  }
}