{
  "experiment": {
    "name": "CONTCAR",
    "file_path": "/home/dotempo/Documents/DION-JACOBSON/BULKS/MAPbBr3/MAPbBr3_n1_CC(C)(C[NH3+])C[NH3+]/CONTCAR",
    "timestamp": "2025-08-06 13:14:18.526097"
  },
  "analysis_parameters": {
    "halogen_symbol": "Br",
    "central_metal": "Pb",
    "total_spacer_molecules": 2,
    "analyzed_molecules": 2
  },
  "penetration_analysis": {
    "molecule_0": {
      "formula": "C5H16N2",
      "n1_position": [
        7.688971539802366,
        3.869563794843083,
        3.0299943260303053
      ],
      "n2_position": [
        0.773577286369707,
        4.920962943344055,
        7.621296237527626
      ],
      "molecular_vector": [
        -6.915394253432659,
        1.0513991485009715,
        4.591301911497321
      ],
      "molecular_vector_length": 8.367088567261431,
      "low_plane_intersection": [
        7.791741280701443,
        3.8539389419260828,
        2.96176294390776
      ],
      "high_plane_intersection": [
        1.2009612879760638,
        4.855984554707888,
        7.337545389548912
      ],
      "penetration_segments": {
        "n1_to_low_plane": 0.12434338414042788,
        "low_plane_to_high_plane": 7.974330588468581,
        "high_plane_to_n2": 0.5171013629332788,
        "total_calculated": 8.615775335542287,
        "molecular_length": 8.367088567261431,
        "length_difference": 0.24868676828085512
      },
      "penetration_parameters": {
        "t_low_plane": -0.124343384140428,
        "t_high_plane": 7.849987204328152
      }
    },
    "molecule_1": {
      "formula": "C5H16N2",
      "n1_position": [
        3.675110415047957,
        0.5749192808096625,
        2.9027931791973387
      ],
      "n2_position": [
        4.788825290399078,
        7.888925678453668,
        7.704564583830937
      ],
      "molecular_vector": [
        1.1137148753511212,
        7.314006397644006,
        4.801771404633598
      ],
      "molecular_vector_length": 8.819980670654143,
      "low_plane_intersection": [
        3.662891663472408,
        0.4946760972330617,
        2.850112144567809
      ],
      "high_plane_intersection": [
        4.720377132547833,
        7.439411825751358,
        7.409450983084304
      ],
      "penetration_segments": {
        "n1_to_low_plane": 0.0967654784011878,
        "low_plane_to_high_plane": 8.37467614303199,
        "high_plane_to_n2": 0.542070006023342,
        "total_calculated": 9.013511627456522,
        "molecular_length": 8.819980670654143,
        "length_difference": 0.19353095680237864
      },
      "penetration_parameters": {
        "t_low_plane": -0.09676547840118781,
        "t_high_plane": 8.2779106646308
      }
    },
    "comparative_analysis": {
      "molecule_1": {
        "id": "molecule_0",
        "segments": {
          "n1_to_low_plane": 0.12434338414042788,
          "low_plane_to_high_plane": 7.974330588468581,
          "high_plane_to_n2": 0.5171013629332788,
          "total_calculated": 8.615775335542287,
          "molecular_length": 8.367088567261431,
          "length_difference": 0.24868676828085512
        }
      },
      "molecule_2": {
        "id": "molecule_1",
        "segments": {
          "n1_to_low_plane": 0.0967654784011878,
          "low_plane_to_high_plane": 8.37467614303199,
          "high_plane_to_n2": 0.542070006023342,
          "total_calculated": 9.013511627456522,
          "molecular_length": 8.819980670654143,
          "length_difference": 0.19353095680237864
        }
      },
      "penetration_comparison": {
        "n1_to_low_diff": 0.027577905739240086,
        "low_to_high_diff": 0.40034555456341003,
        "high_to_n2_diff": 0.02496864309006319
      }
    },
    "plane_reference": {
      "plane_analysis": {
        "low_plane": {
          "normal_vector": [
            -0.0003184897250091041,
            -0.0328273276191105,
            0.9994609872954936
          ],
          "center_position": [
            2.2383259292783633,
            2.2270521215335157,
            2.906558135434267
          ],
          "angle_vs_z_axis_degrees": 3.54541249183431
        },
        "high_plane": {
          "normal_vector": [
            0.0035511267685549527,
            -0.03265610826777431,
            0.9994603384284326
          ],
          "center_position": [
            6.170578964742358,
            6.402645569299941,
            7.370423319688976
          ],
          "angle_vs_z_axis_degrees": 3.3685330013760706
        }
      },
      "vector_analysis_results": {
        "angle_between_planes_degrees": 0.22192976445501428,
        "distance_between_plane_centers_angstrom": 7.26803184907352,
        "angle_between_low_plane_and_z": 3.54541249183431,
        "angle_between_high_plane_and_z": 3.3685330013760706
      }
    }
  }
}