{
  "experiment": {
    "name": "CONTCAR",
    "file_path": "/home/dotempo/Documents/DION-JACOBSON/BULKS/MAPbI3/MAPbI3_n3_[NH3+]CCCCCC[NH3+]/CONTCAR",
    "timestamp": "2025-08-06 13:15:44.971399"
  },
  "analysis_parameters": {
    "halogen_symbol": "I",
    "central_metal": "Pb",
    "total_spacer_molecules": 6,
    "analyzed_molecules": 2
  },
  "penetration_analysis": {
    "molecule_0": {
      "formula": "C6H18N2",
      "n1_position": [
        2.6443062436023417,
        0.8371243870466749,
        5.086918371846974
      ],
      "n2_position": [
        7.703348726686348,
        7.64392025946137,
        11.98597552625389
      ],
      "molecular_vector": [
        5.059042483084006,
        6.806795872414695,
        6.899057154406916
      ],
      "molecular_vector_length": 10.932674444715884,
      "low_plane_intersection": [
        3.095395592920537,
        1.4440521073210366,
        5.702072566162678
      ],
      "high_plane_intersection": [
        7.250179902154814,
        7.034194665212582,
        11.367985534769858
      ],
      "penetration_segments": {
        "n1_to_low_plane": 0.974811541524796,
        "low_plane_to_high_plane": 8.978557581351284,
        "high_plane_to_n2": 0.9793053218398049,
        "total_calculated": 10.932674444715884,
        "molecular_length": 10.932674444715884,
        "length_difference": 0.0
      },
      "penetration_parameters": {
        "t_low_plane": 0.9748115415247958,
        "t_high_plane": 9.95336912287608
      }
    },
    "molecule_5": {
      "formula": "C6H18N2",
      "n1_position": [
        7.0416257976279795,
        3.444279616750555,
        5.361386401034306
      ],
      "n2_position": [
        3.3133840491098105,
        5.026617475601813,
        11.716564761273832
      ],
      "molecular_vector": [
        -3.728241748518169,
        1.582337858851258,
        6.355178360239526
      ],
      "molecular_vector_length": 7.536038191610002,
      "low_plane_intersection": [
        6.76015345231274,
        3.563741920499764,
        5.841185480228743
      ],
      "high_plane_intersection": [
        3.5984499632016727,
        4.905629991806032,
        11.23064006789831
      ],
      "penetration_segments": {
        "n1_to_low_plane": 0.5689508586777594,
        "low_plane_to_high_plane": 6.390872655711714,
        "high_plane_to_n2": 0.5762146772205283,
        "total_calculated": 7.536038191610002,
        "molecular_length": 7.536038191610002,
        "length_difference": 0.0
      },
      "penetration_parameters": {
        "t_low_plane": 0.5689508586777599,
        "t_high_plane": 6.959823514389475
      }
    },
    "comparative_analysis": {
      "molecule_1": {
        "id": "molecule_0",
        "segments": {
          "n1_to_low_plane": 0.974811541524796,
          "low_plane_to_high_plane": 8.978557581351284,
          "high_plane_to_n2": 0.9793053218398049,
          "total_calculated": 10.932674444715884,
          "molecular_length": 10.932674444715884,
          "length_difference": 0.0
        }
      },
      "molecule_2": {
        "id": "molecule_5",
        "segments": {
          "n1_to_low_plane": 0.5689508586777594,
          "low_plane_to_high_plane": 6.390872655711714,
          "high_plane_to_n2": 0.5762146772205283,
          "total_calculated": 7.536038191610002,
          "molecular_length": 7.536038191610002,
          "length_difference": 0.0
        }
      },
      "penetration_comparison": {
        "n1_to_low_diff": 0.4058606828470366,
        "low_to_high_diff": 2.5876849256395698,
        "high_to_n2_diff": 0.4030906446192766
      }
    },
    "plane_reference": {
      "plane_analysis": {
        "low_plane": {
          "normal_vector": [
            0.005479284646879204,
            -0.07491668582189699,
            0.9971747427734127
          ],
          "center_position": [
            5.906240704685439,
            6.375166554470072,
            6.057096932642924
          ],
          "angle_vs_z_axis_degrees": 6.1765601314370295
        },
        "high_plane": {
          "normal_vector": [
            0.00588128496328998,
            -0.0744346368438639,
            0.9972085515703837
          ],
          "center_position": [
            4.447230292957295,
            2.1069263608334543,
            11.016730543095646
          ],
          "angle_vs_z_axis_degrees": 6.140856141064555
        }
      },
      "vector_analysis_results": {
        "angle_between_planes_degrees": 0.03601524100137819,
        "distance_between_plane_centers_angstrom": 6.704069755159068,
        "angle_between_low_plane_and_z": 6.1765601314370295,
        "angle_between_high_plane_and_z": 6.140856141064555
      }
    }
  }
}