{
  "experiment": {
    "name": "CONTCAR",
    "file_path": "/home/dotempo/Documents/DION-JACOBSON/BULKS/MAPbCl3/MAPbCl3_n2_CC(C)(C[NH3+])C[NH3+]/CONTCAR",
    "timestamp": "2025-08-06 13:13:07.998536"
  },
  "salt_structure_info": {
    "total_atoms": 50,
    "halogen_symbol": "Cl"
  },
  "vector_analysis": {
    "plane_analysis": {
      "low_plane": {
        "normal_vector": [
          -0.010634332144646907,
          0.030835718133392236,
          0.9994678931646755
        ],
        "center_position": [
          5.8967211101425425,
          2.1584459426541893,
          4.560169469564041
        ],
        "angle_vs_z_axis_degrees": 1.817572013371516
      },
      "high_plane": {
        "normal_vector": [
          -0.006544363353377649,
          0.028189670861950025,
          0.9995811691728661
        ],
        "center_position": [
          5.891832888631876,
          2.455210386740816,
          9.154109062384368
        ],
        "angle_vs_z_axis_degrees": 1.5396930026363576
      }
    },
    "vector_analysis_results": {
      "angle_between_planes_degrees": 0.2791797594639605,
      "distance_between_plane_centers_angstrom": 4.603517569475083,
      "angle_between_low_plane_and_z": 1.817572013371516,
      "angle_between_high_plane_and_z": 1.5396930026363576
    }
  }
}