{
  "experiment": {
    "name": "CONTCAR",
    "file_path": "/home/dotempo/Documents/DION-JACOBSON/BULKS/MAPbCl3/MAPbCl3_n2_CC(C)(C[NH3+])C[NH3+]/CONTCAR",
    "timestamp": "2025-08-06 13:13:08.022635"
  },
  "analysis_parameters": {
    "halogen_symbol": "Cl",
    "central_metal": "Pb",
    "total_spacer_molecules": 4,
    "analyzed_molecules": 2
  },
  "penetration_analysis": {
    "molecule_1": {
      "formula": "C5H16N2",
      "n1_position": [
        7.212088570461658,
        3.9417247340876735,
        4.493252390608913
      ],
      "n2_position": [
        0.6988395574874746,
        4.010554457858724,
        9.294826629581658
      ],
      "molecular_vector": [
        -6.513249012974184,
        0.06882972377105068,
        4.801574238972745
      ],
      "molecular_vector_length": 8.092111307208414,
      "low_plane_intersection": [
        7.1774778231197,
        3.9420904882872,
        4.518767471100647
      ],
      "high_plane_intersection": [
        0.9926111631765595,
        4.007449982898366,
        9.078257883137514
      ],
      "penetration_segments": {
        "n1_to_low_plane": 0.04300066209028607,
        "low_plane_to_high_plane": 7.684126513942113,
        "high_plane_to_n2": 0.36498413117601536,
        "total_calculated": 8.092111307208414,
        "molecular_length": 8.092111307208414,
        "length_difference": 0.0
      },
      "penetration_parameters": {
        "t_low_plane": 0.0430006620902862,
        "t_high_plane": 7.7271271760324
      }
    },
    "molecule_3": {
      "formula": "C5H16N2",
      "n1_position": [
        3.4612329638627584,
        0.4648764106229785,
        4.6274806020129775
      ],
      "n2_position": [
        5.084046311056929,
        7.2440524169878895,
        9.28754379484318
      ],
      "molecular_vector": [
        1.622813347194171,
        6.779176006364911,
        4.660063192830202
      ],
      "molecular_vector_length": 8.3849233417054,
      "low_plane_intersection": [
        3.447528381929305,
        0.40762659000672563,
        4.588126588840956
      ],
      "high_plane_intersection": [
        4.99226323945984,
        6.860635804204132,
        9.023979957132571
      ],
      "penetration_segments": {
        "n1_to_low_plane": 0.07081028088708219,
        "low_plane_to_high_plane": 7.981499157650182,
        "high_plane_to_n2": 0.4742344649423005,
        "total_calculated": 8.526543903479565,
        "molecular_length": 8.3849233417054,
        "length_difference": 0.1416205617741646
      },
      "penetration_parameters": {
        "t_low_plane": -0.07081028088708195,
        "t_high_plane": 7.9106888767631
      }
    },
    "comparative_analysis": {
      "molecule_1": {
        "id": "molecule_1",
        "segments": {
          "n1_to_low_plane": 0.04300066209028607,
          "low_plane_to_high_plane": 7.684126513942113,
          "high_plane_to_n2": 0.36498413117601536,
          "total_calculated": 8.092111307208414,
          "molecular_length": 8.092111307208414,
          "length_difference": 0.0
        }
      },
      "molecule_2": {
        "id": "molecule_3",
        "segments": {
          "n1_to_low_plane": 0.07081028088708219,
          "low_plane_to_high_plane": 7.981499157650182,
          "high_plane_to_n2": 0.4742344649423005,
          "total_calculated": 8.526543903479565,
          "molecular_length": 8.3849233417054,
          "length_difference": 0.1416205617741646
        }
      },
      "penetration_comparison": {
        "n1_to_low_diff": 0.027809618796796116,
        "low_to_high_diff": 0.29737264370806926,
        "high_to_n2_diff": 0.10925033376628512
      }
    },
    "plane_reference": {
      "plane_analysis": {
        "low_plane": {
          "normal_vector": [
            -0.010634332144646907,
            0.030835718133392236,
            0.9994678931646755
          ],
          "center_position": [
            5.8967211101425425,
            2.1584459426541893,
            4.560169469564041
          ],
          "angle_vs_z_axis_degrees": 1.817572013371516
        },
        "high_plane": {
          "normal_vector": [
            -0.006544363353377649,
            0.028189670861950025,
            0.9995811691728661
          ],
          "center_position": [
            5.891832888631876,
            2.455210386740816,
            9.154109062384368
          ],
          "angle_vs_z_axis_degrees": 1.5396930026363576
        }
      },
      "vector_analysis_results": {
        "angle_between_planes_degrees": 0.2791797594639605,
        "distance_between_plane_centers_angstrom": 4.603517569475083,
        "angle_between_low_plane_and_z": 1.817572013371516,
        "angle_between_high_plane_and_z": 1.5396930026363576
      }
    }
  }
}