{
  "experiment": {
    "name": "CONTCAR",
    "file_path": "/home/dotempo/Documents/DION-JACOBSON/BULKS/MAPbCl3/MAPbCl3_n3_[NH3+]CCCCCCCCC[NH3+]/CONTCAR",
    "timestamp": "2025-08-06 13:14:00.189812"
  },
  "salt_structure_info": {
    "total_atoms": 74,
    "halogen_symbol": "Cl"
  },
  "vector_analysis": {
    "plane_analysis": {
      "low_plane": {
        "normal_vector": [
          -0.002827419653760164,
          0.06187516117011854,
          0.9980798916561106
        ],
        "center_position": [
          2.5181313255853413,
          1.7669366470697594,
          4.6478057258584995
        ],
        "angle_vs_z_axis_degrees": 2.591293440097177
      },
      "high_plane": {
        "normal_vector": [
          0.05104647253343018,
          -0.03627751802694764,
          0.9980371733195604
        ],
        "center_position": [
          4.569158016914389,
          3.1909919084196314,
          15.687142050419448
        ],
        "angle_vs_z_axis_degrees": 6.377531670919095
      }
    },
    "vector_analysis_results": {
      "angle_between_planes_degrees": 6.4185250471263,
      "distance_between_plane_centers_angstrom": 11.31819731064507,
      "angle_between_low_plane_and_z": 2.591293440097177,
      "angle_between_high_plane_and_z": 6.377531670919095
    }
  }
}