{
  "experiment": {
    "name": "CONTCAR",
    "file_path": "/home/dotempo/Documents/DION-JACOBSON/BULKS/MAPbI3/MAPbI3_n2_[NH3+]CCCCCCCC[NH3+]/CONTCAR",
    "timestamp": "2025-08-06 13:15:56.189714"
  },
  "salt_structure_info": {
    "total_atoms": 68,
    "halogen_symbol": "I"
  },
  "vector_analysis": {
    "plane_analysis": {
      "low_plane": {
        "normal_vector": [
          0.03346210946532162,
          -0.11946701818676277,
          0.9922741147463711
        ],
        "center_position": [
          5.686871443470009,
          6.161560111345269,
          5.919533776233287
        ],
        "angle_vs_z_axis_degrees": 9.853713294281848
      },
      "high_plane": {
        "normal_vector": [
          0.01511221540340957,
          -0.11383974041729909,
          0.9933841827044173
        ],
        "center_position": [
          5.481897255594156,
          2.4271865300290982,
          12.287632412849783
        ],
        "angle_vs_z_axis_degrees": 10.329964062376275
      }
    },
    "vector_analysis_results": {
      "angle_between_planes_degrees": 1.1015529029179632,
      "distance_between_plane_centers_angstrom": 7.385136471874057,
      "angle_between_low_plane_and_z": 9.853713294281848,
      "angle_between_high_plane_and_z": 10.329964062376275
    }
  }
}