{
  "experiment": {
    "name": "CONTCAR",
    "file_path": "/home/dotempo/Documents/DION-JACOBSON/BULKS/MAPbI3/MAPbI3_n2_[NH3+]CCCCCCCC[NH3+]/CONTCAR",
    "timestamp": "2025-08-06 13:15:56.219454"
  },
  "analysis_parameters": {
    "halogen_symbol": "I",
    "central_metal": "Pb",
    "total_spacer_molecules": 4,
    "analyzed_molecules": 2
  },
  "penetration_analysis": {
    "molecule_0": {
      "formula": "C8H22N2",
      "n1_position": [
        3.962343904518738,
        0.3399600279517022,
        5.283510596188878
      ],
      "n2_position": [
        8.504787799635297,
        7.992568485200855,
        13.340309500453417
      ],
      "molecular_vector": [
        4.542443895116559,
        7.652608457249153,
        8.05679890426454
      ],
      "molecular_vector_length": 12.00450837493986,
      "low_plane_intersection": [
        3.95815241844422,
        0.3328986745210561,
        5.276076280830857
      ],
      "high_plane_intersection": [
        8.21598180126751,
        7.506019993542073,
        12.828062810142914
      ],
      "penetration_segments": {
        "n1_to_low_plane": 0.011077017316402885,
        "low_plane_to_high_plane": 11.252345579901904,
        "high_plane_to_n2": 0.7632398123543573,
        "total_calculated": 12.026662409572664,
        "molecular_length": 12.00450837493986,
        "length_difference": 0.022154034632803743
      },
      "penetration_parameters": {
        "t_low_plane": -0.011077017316403108,
        "t_high_plane": 11.241268562585503
      }
    },
    "molecule_1": {
      "formula": "C8H22N2",
      "n1_position": [
        7.3361248309025,
        3.3935458875258253,
        5.330711130178985
      ],
      "n2_position": [
        4.1638236448473,
        5.3909254091114445,
        12.86394576091543
      ],
      "molecular_vector": [
        -3.1723011860551997,
        1.9973795215856192,
        7.533234630736445
      ],
      "molecular_vector_length": 8.414430686031212,
      "low_plane_intersection": [
        7.247855524398418,
        3.4491229890856734,
        5.540323445526165
      ],
      "high_plane_intersection": [
        4.258529714707599,
        5.33129552108557,
        12.639048122460194
      ],
      "penetration_segments": {
        "n1_to_low_plane": 0.23413160280857184,
        "low_plane_to_high_plane": 7.929094164884833,
        "high_plane_to_n2": 0.25120491833780667,
        "total_calculated": 8.414430686031212,
        "molecular_length": 8.414430686031212,
        "length_difference": 0.0
      },
      "penetration_parameters": {
        "t_low_plane": 0.23413160280857181,
        "t_high_plane": 8.163225767693405
      }
    },
    "comparative_analysis": {
      "molecule_1": {
        "id": "molecule_0",
        "segments": {
          "n1_to_low_plane": 0.011077017316402885,
          "low_plane_to_high_plane": 11.252345579901904,
          "high_plane_to_n2": 0.7632398123543573,
          "total_calculated": 12.026662409572664,
          "molecular_length": 12.00450837493986,
          "length_difference": 0.022154034632803743
        }
      },
      "molecule_2": {
        "id": "molecule_1",
        "segments": {
          "n1_to_low_plane": 0.23413160280857184,
          "low_plane_to_high_plane": 7.929094164884833,
          "high_plane_to_n2": 0.25120491833780667,
          "total_calculated": 8.414430686031212,
          "molecular_length": 8.414430686031212,
          "length_difference": 0.0
        }
      },
      "penetration_comparison": {
        "n1_to_low_diff": 0.22305458549216894,
        "low_to_high_diff": 3.3232514150170713,
        "high_to_n2_diff": 0.5120348940165507
      }
    },
    "plane_reference": {
      "plane_analysis": {
        "low_plane": {
          "normal_vector": [
            0.03346210946532162,
            -0.11946701818676277,
            0.9922741147463711
          ],
          "center_position": [
            5.686871443470009,
            6.161560111345269,
            5.919533776233287
          ],
          "angle_vs_z_axis_degrees": 9.853713294281848
        },
        "high_plane": {
          "normal_vector": [
            0.01511221540340957,
            -0.11383974041729909,
            0.9933841827044173
          ],
          "center_position": [
            5.481897255594156,
            2.4271865300290982,
            12.287632412849783
          ],
          "angle_vs_z_axis_degrees": 10.329964062376275
        }
      },
      "vector_analysis_results": {
        "angle_between_planes_degrees": 1.1015529029179632,
        "distance_between_plane_centers_angstrom": 7.385136471874057,
        "angle_between_low_plane_and_z": 9.853713294281848,
        "angle_between_high_plane_and_z": 10.329964062376275
      }
    }
  }
}