{
  "experiment": {
    "name": "CONTCAR",
    "file_path": "/home/dotempo/Documents/DION-JACOBSON/BULKS/MAPbI3/MAPbI3_n3_CC(C)(CCCC[NH3+])C(C)(C)CCCC[NH3+]/CONTCAR",
    "timestamp": "2025-08-06 13:15:47.910532"
  },
  "salt_structure_info": {
    "total_atoms": 104,
    "halogen_symbol": "I"
  },
  "vector_analysis": {
    "plane_analysis": {
      "low_plane": {
        "normal_vector": [
          -0.023290915690189925,
          0.08313950594197803,
          0.9962657054210167
        ],
        "center_position": [
          5.392111666933143,
          2.435773249457424,
          5.88439961237267
        ],
        "angle_vs_z_axis_degrees": 8.208561861168658
      },
      "high_plane": {
        "normal_vector": [
          -0.005848251374349227,
          0.08566878983396674,
          0.9963065072578047
        ],
        "center_position": [
          5.178823119349837,
          6.144848730832038,
          16.457214502856644
        ],
        "angle_vs_z_axis_degrees": 7.559598906997665
      }
    },
    "vector_analysis_results": {
      "angle_between_planes_degrees": 1.0098590771005904,
      "distance_between_plane_centers_angstrom": 11.206567165707087,
      "angle_between_low_plane_and_z": 8.208561861168658,
      "angle_between_high_plane_and_z": 7.559598906997665
    }
  }
}