{
  "experiment": {
    "name": "CONTCAR",
    "file_path": "/home/dotempo/Documents/DION-JACOBSON/BULKS/MAPbI3/MAPbI3_n3_CC(C)(CCCC[NH3+])C(C)(C)CCCC[NH3+]/CONTCAR",
    "timestamp": "2025-08-06 13:15:47.937843"
  },
  "analysis_parameters": {
    "halogen_symbol": "I",
    "central_metal": "Pb",
    "total_spacer_molecules": 6,
    "analyzed_molecules": 2
  },
  "penetration_analysis": {
    "molecule_0": {
      "formula": "C14H34N2",
      "n1_position": [
        8.06735456846271,
        4.265248687806423,
        5.550651316285375
      ],
      "n2_position": [
        3.9460780196760106,
        4.862327708758795,
        17.06690672858371
      ],
      "molecular_vector": [
        -4.1212765487867,
        0.5970790209523722,
        11.516255412298335
      ],
      "molecular_vector_length": 12.246042726943728,
      "low_plane_intersection": [
        7.981264378104596,
        4.277721193828316,
        5.791216735499793
      ],
      "high_plane_intersection": [
        4.126209054075455,
        4.836230828243941,
        16.563559046071063
      ],
      "penetration_segments": {
        "n1_to_low_plane": 0.25581009597779963,
        "low_plane_to_high_plane": 11.45498770925506,
        "high_plane_to_n2": 0.5352449217108677,
        "total_calculated": 12.246042726943728,
        "molecular_length": 12.246042726943728,
        "length_difference": 0.0
      },
      "penetration_parameters": {
        "t_low_plane": 0.25581009597779947,
        "t_high_plane": 11.710797805232861
      }
    },
    "molecule_5": {
      "formula": "C14H34N2",
      "n1_position": [
        2.6153451935388463,
        0.8089113860805964,
        4.976600843735882
      ],
      "n2_position": [
        8.194210763006142,
        7.489623816417915,
        17.390124499524692
      ],
      "molecular_vector": [
        5.578865569467295,
        6.680712430337319,
        12.41352365578881
      ],
      "molecular_vector_length": 15.16084526574556,
      "low_plane_intersection": [
        3.040538037364937,
        1.318081410285119,
        5.9226966690223275
      ],
      "high_plane_intersection": [
        7.75030264501671,
        6.958042181253543,
        16.4023853516562
      ],
      "penetration_segments": {
        "n1_to_low_plane": 1.1554827469996218,
        "low_plane_to_high_plane": 12.79902008133734,
        "high_plane_to_n2": 1.2063424374086003,
        "total_calculated": 15.16084526574556,
        "molecular_length": 15.16084526574556,
        "length_difference": 0.0
      },
      "penetration_parameters": {
        "t_low_plane": 1.155482746999622,
        "t_high_plane": 13.95450282833696
      }
    },
    "comparative_analysis": {
      "molecule_1": {
        "id": "molecule_0",
        "segments": {
          "n1_to_low_plane": 0.25581009597779963,
          "low_plane_to_high_plane": 11.45498770925506,
          "high_plane_to_n2": 0.5352449217108677,
          "total_calculated": 12.246042726943728,
          "molecular_length": 12.246042726943728,
          "length_difference": 0.0
        }
      },
      "molecule_2": {
        "id": "molecule_5",
        "segments": {
          "n1_to_low_plane": 1.1554827469996218,
          "low_plane_to_high_plane": 12.79902008133734,
          "high_plane_to_n2": 1.2063424374086003,
          "total_calculated": 15.16084526574556,
          "molecular_length": 15.16084526574556,
          "length_difference": 0.0
        }
      },
      "penetration_comparison": {
        "n1_to_low_diff": 0.8996726510218223,
        "low_to_high_diff": 1.34403237208228,
        "high_to_n2_diff": 0.6710975156977326
      }
    },
    "plane_reference": {
      "plane_analysis": {
        "low_plane": {
          "normal_vector": [
            -0.023290915690189925,
            0.08313950594197803,
            0.9962657054210167
          ],
          "center_position": [
            5.392111666933143,
            2.435773249457424,
            5.88439961237267
          ],
          "angle_vs_z_axis_degrees": 8.208561861168658
        },
        "high_plane": {
          "normal_vector": [
            -0.005848251374349227,
            0.08566878983396674,
            0.9963065072578047
          ],
          "center_position": [
            5.178823119349837,
            6.144848730832038,
            16.457214502856644
          ],
          "angle_vs_z_axis_degrees": 7.559598906997665
        }
      },
      "vector_analysis_results": {
        "angle_between_planes_degrees": 1.0098590771005904,
        "distance_between_plane_centers_angstrom": 11.206567165707087,
        "angle_between_low_plane_and_z": 8.208561861168658,
        "angle_between_high_plane_and_z": 7.559598906997665
      }
    }
  }
}