{
  "experiment": {
    "name": "CONTCAR",
    "file_path": "/home/dotempo/Documents/DION-JACOBSON/BULKS/MAPbBr3/MAPbBr3_n2_CC(C)(C[NH3+])C[NH3+]/CONTCAR",
    "timestamp": "2025-08-06 13:14:29.168852"
  },
  "analysis_parameters": {
    "halogen_symbol": "Br",
    "central_metal": "Pb",
    "total_spacer_molecules": 4,
    "analyzed_molecules": 2
  },
  "penetration_analysis": {
    "molecule_1": {
      "formula": "C5H16N2",
      "n1_position": [
        7.794691909148201,
        3.837379174013778,
        3.210084510978199
      ],
      "n2_position": [
        0.6016454191540281,
        4.891054907093192,
        7.964118032968969
      ],
      "molecular_vector": [
        -7.193046489994173,
        1.0536757330794142,
        4.75403352199077
      ],
      "molecular_vector_length": 8.686252649210125,
      "low_plane_intersection": [
        7.621604669058827,
        3.8627339141564363,
        3.3244814556883977
      ],
      "high_plane_intersection": [
        1.524175428982133,
        4.755917801313945,
        7.354398827363108
      ],
      "penetration_segments": {
        "n1_to_low_plane": 0.20901845968355728,
        "low_plane_to_high_plane": 7.36319596483386,
        "high_plane_to_n2": 1.1140382246927065,
        "total_calculated": 8.686252649210124,
        "molecular_length": 8.686252649210125,
        "length_difference": 1.7763568394002505e-15
      },
      "penetration_parameters": {
        "t_low_plane": 0.20901845968355717,
        "t_high_plane": 7.572214424517418
      }
    },
    "molecule_3": {
      "formula": "C5H16N2",
      "n1_position": [
        3.5426513674893267,
        0.6666388392817413,
        3.2073585736454917
      ],
      "n2_position": [
        4.783966029512507,
        8.048162701289046,
        7.985745285761106
      ],
      "molecular_vector": [
        1.2413146620231799,
        7.381523862007304,
        4.778386712115614
      ],
      "molecular_vector_length": 8.88035676006657,
      "low_plane_intersection": [
        3.5634716593396956,
        0.7904474800795288,
        3.2875053800628273
      ],
      "high_plane_intersection": [
        4.604763979048732,
        6.982531035049783,
        7.295914799650259
      ],
      "penetration_segments": {
        "n1_to_low_plane": 0.1489482281459836,
        "low_plane_to_high_plane": 7.44939826575646,
        "high_plane_to_n2": 1.282010266164127,
        "total_calculated": 8.88035676006657,
        "molecular_length": 8.88035676006657,
        "length_difference": 0.0
      },
      "penetration_parameters": {
        "t_low_plane": 0.14894822814598369,
        "t_high_plane": 7.598346493902444
      }
    },
    "comparative_analysis": {
      "molecule_1": {
        "id": "molecule_1",
        "segments": {
          "n1_to_low_plane": 0.20901845968355728,
          "low_plane_to_high_plane": 7.36319596483386,
          "high_plane_to_n2": 1.1140382246927065,
          "total_calculated": 8.686252649210124,
          "molecular_length": 8.686252649210125,
          "length_difference": 1.7763568394002505e-15
        }
      },
      "molecule_2": {
        "id": "molecule_3",
        "segments": {
          "n1_to_low_plane": 0.1489482281459836,
          "low_plane_to_high_plane": 7.44939826575646,
          "high_plane_to_n2": 1.282010266164127,
          "total_calculated": 8.88035676006657,
          "molecular_length": 8.88035676006657,
          "length_difference": 0.0
        }
      },
      "penetration_comparison": {
        "n1_to_low_diff": 0.06007023153757368,
        "low_to_high_diff": 0.08620230092259984,
        "high_to_n2_diff": 0.16797204147142053
      }
    },
    "plane_reference": {
      "plane_analysis": {
        "low_plane": {
          "normal_vector": [
            0.0004052324651221829,
            -0.012569673921004481,
            0.9999209164149777
          ],
          "center_position": [
            2.1287556440302104,
            2.258406901577075,
            3.3065400501579028
          ],
          "angle_vs_z_axis_degrees": 1.5187525773612816
        },
        "high_plane": {
          "normal_vector": [
            0.008349137396038308,
            0.014710863520436976,
            0.9998569309652383
          ],
          "center_position": [
            2.2175164626727573,
            6.464112595423266,
            7.323476583312441
          ],
          "angle_vs_z_axis_degrees": 0.9486708237503554
        }
      },
      "vector_analysis_results": {
        "angle_between_planes_degrees": 1.628038946817249,
        "distance_between_plane_centers_angstrom": 5.816495334612414,
        "angle_between_low_plane_and_z": 1.5187525773612816,
        "angle_between_high_plane_and_z": 0.9486708237503554
      }
    }
  }
}