{
  "experiment": {
    "name": "CONTCAR",
    "file_path": "/home/dotempo/Documents/DION-JACOBSON/BULKS/MAPbBr3/MAPbBr3_n1_[NH3+]CCCCCCCCC[NH3+]/CONTCAR",
    "timestamp": "2025-08-06 13:14:54.124699"
  },
  "analysis_parameters": {
    "halogen_symbol": "Br",
    "central_metal": "Pb",
    "total_spacer_molecules": 2,
    "analyzed_molecules": 2
  },
  "penetration_analysis": {
    "molecule_0": {
      "formula": "C9H24N2",
      "n1_position": [
        0.30810430927364735,
        4.39383047259342,
        2.7057139075214507
      ],
      "n2_position": [
        0.5292314872359221,
        4.53085750298016,
        15.10091672730167
      ],
      "molecular_vector": [
        0.2211271779622747,
        0.13702703038674002,
        12.395202819780218
      ],
      "molecular_vector_length": 12.397932350976014,
      "low_plane_intersection": [
        0.3159708792427492,
        4.398705190989091,
        3.146671600562895
      ],
      "high_plane_intersection": [
        0.5216939830166492,
        4.526186698472038,
        14.678404694118775
      ],
      "penetration_segments": {
        "n1_to_low_plane": 0.44105479575099105,
        "low_plane_to_high_plane": 11.53427248122691,
        "high_plane_to_n2": 0.4226050739981142,
        "total_calculated": 12.397932350976017,
        "molecular_length": 12.397932350976014,
        "length_difference": 3.552713678800501e-15
      },
      "penetration_parameters": {
        "t_low_plane": 0.441054795750991,
        "t_high_plane": 11.9753272769779
      }
    },
    "molecule_1": {
      "formula": "C9H24N2",
      "n1_position": [
        4.531496535717093,
        0.5087650372307047,
        2.7892313025137168
      ],
      "n2_position": [
        4.74266488831225,
        0.6373427472399901,
        15.07954974256201
      ],
      "molecular_vector": [
        0.21116835259515732,
        0.12857771000928542,
        12.290318440048294
      ],
      "molecular_vector_length": 12.292804873520124,
      "low_plane_intersection": [
        4.537457221574614,
        0.5123944226391994,
        3.1361522611218993
      ],
      "high_plane_intersection": [
        4.735640049846303,
        0.6330654129139124,
        14.670693487941767
      ],
      "penetration_segments": {
        "n1_to_low_plane": 0.34699114359873184,
        "low_plane_to_high_plane": 11.536874760285944,
        "high_plane_to_n2": 0.4089389696354492,
        "total_calculated": 12.292804873520124,
        "molecular_length": 12.292804873520124,
        "length_difference": 0.0
      },
      "penetration_parameters": {
        "t_low_plane": 0.3469911435987319,
        "t_high_plane": 11.883865903884674
      }
    },
    "comparative_analysis": {
      "molecule_1": {
        "id": "molecule_0",
        "segments": {
          "n1_to_low_plane": 0.44105479575099105,
          "low_plane_to_high_plane": 11.53427248122691,
          "high_plane_to_n2": 0.4226050739981142,
          "total_calculated": 12.397932350976017,
          "molecular_length": 12.397932350976014,
          "length_difference": 3.552713678800501e-15
        }
      },
      "molecule_2": {
        "id": "molecule_1",
        "segments": {
          "n1_to_low_plane": 0.34699114359873184,
          "low_plane_to_high_plane": 11.536874760285944,
          "high_plane_to_n2": 0.4089389696354492,
          "total_calculated": 12.292804873520124,
          "molecular_length": 12.292804873520124,
          "length_difference": 0.0
        }
      },
      "penetration_comparison": {
        "n1_to_low_diff": 0.0940636521522592,
        "low_to_high_diff": 0.002602279059033208,
        "high_to_n2_diff": 0.013666104362665021
      }
    },
    "plane_reference": {
      "plane_analysis": {
        "low_plane": {
          "normal_vector": [
            0.0018036502914796431,
            -0.0007475558421581697,
            0.9999980940011279
          ],
          "center_position": [
            5.750334109573575,
            5.784105018542265,
            3.137905556765245
          ],
          "angle_vs_z_axis_degrees": 0.7323368437932053
        },
        "high_plane": {
          "normal_vector": [
            -0.004896144190102845,
            -0.007280275866378591,
            0.9999615119370241
          ],
          "center_position": [
            5.951775512717294,
            5.9041451338529285,
            14.71502448321893
          ],
          "angle_vs_z_axis_degrees": 1.2684896973031072
        }
      },
      "vector_analysis_results": {
        "angle_between_planes_degrees": 0.5361539757984014,
        "distance_between_plane_centers_angstrom": 11.57949355133619,
        "angle_between_low_plane_and_z": 0.7323368437932053,
        "angle_between_high_plane_and_z": 1.2684896973031072
      }
    }
  }
}