{
  "experiment": {
    "name": "CONTCAR",
    "file_path": "/home/dotempo/Documents/DION-JACOBSON/BULKS/MAPbBr3/MAPbBr3_n1_CC(C)(CC[NH3+])C(C)(C)CC[NH3+]/CONTCAR",
    "timestamp": "2025-08-06 13:14:13.926053"
  },
  "salt_structure_info": {
    "total_atoms": 80,
    "halogen_symbol": "Br"
  },
  "vector_analysis": {
    "plane_analysis": {
      "low_plane": {
        "normal_vector": [
          0.0042567978153379305,
          -0.02719186771608212,
          0.9996211692448648
        ],
        "center_position": [
          2.5024577933482144,
          2.2980073920127877,
          3.092681044215789
        ],
        "angle_vs_z_axis_degrees": 2.1036862070964792
      },
      "high_plane": {
        "normal_vector": [
          -0.006863498848010961,
          0.029634923332200077,
          0.9995372247708727
        ],
        "center_position": [
          2.6215661879524554,
          5.443214906491473,
          10.670637909862734
        ],
        "angle_vs_z_axis_degrees": 2.9875152961821207
      }
    },
    "vector_analysis_results": {
      "angle_between_planes_degrees": 3.3181575842461,
      "distance_between_plane_centers_angstrom": 8.205604631981975,
      "angle_between_low_plane_and_z": 2.1036862070964792,
      "angle_between_high_plane_and_z": 2.9875152961821207
    }
  }
}