{
  "experiment": {
    "name": "CONTCAR",
    "file_path": "/home/dotempo/Documents/DION-JACOBSON/BULKS/MAPbBr3/MAPbBr3_n1_CC(C)(CC[NH3+])C(C)(C)CC[NH3+]/CONTCAR",
    "timestamp": "2025-08-06 13:14:13.951890"
  },
  "analysis_parameters": {
    "halogen_symbol": "Br",
    "central_metal": "Pb",
    "total_spacer_molecules": 2,
    "analyzed_molecules": 2
  },
  "penetration_analysis": {
    "molecule_0": {
      "formula": "C10H26N2",
      "n1_position": [
        8.051743055664963,
        3.767842591083866,
        2.7425400990523716
      ],
      "n2_position": [
        1.3833774220170298,
        3.983620949910632,
        11.139316788126488
      ],
      "molecular_vector": [
        -6.668365633647933,
        0.21577835882676588,
        8.396776689074116
      ],
      "molecular_vector_length": 10.72471534775321,
      "low_plane_intersection": [
        7.759497546030737,
        3.7772992195754367,
        3.1105343599550737
      ],
      "high_plane_intersection": [
        1.7258389205850273,
        3.9725394069686124,
        10.70809077472805
      ],
      "penetration_segments": {
        "n1_to_low_plane": 0.47001770368904394,
        "low_plane_to_high_plane": 9.703917694150478,
        "high_plane_to_n2": 0.550779949913688,
        "total_calculated": 10.72471534775321,
        "molecular_length": 10.72471534775321,
        "length_difference": 0.0
      },
      "penetration_parameters": {
        "t_low_plane": 0.4700177036890439,
        "t_high_plane": 10.17393539783952
      }
    },
    "molecule_1": {
      "formula": "C10H26N2",
      "n1_position": [
        3.550252108947582,
        7.28229287529186,
        2.6321436125141218
      ],
      "n2_position": [
        5.887727379753463,
        0.46400585148056706,
        11.21851282428878
      ],
      "molecular_vector": [
        2.3374752708058812,
        -6.818287023811293,
        8.586369211774658
      ],
      "molecular_vector_length": 11.210645156350916,
      "low_plane_intersection": [
        3.7077356258182204,
        6.822922103350798,
        3.2106359873891073
      ],
      "high_plane_intersection": [
        5.78219099412649,
        0.771849693786649,
        10.830840542324061
      ],
      "penetration_segments": {
        "n1_to_low_plane": 0.7552986111387817,
        "low_plane_to_high_plane": 9.949188903621385,
        "high_plane_to_n2": 0.506157641590749,
        "total_calculated": 11.210645156350916,
        "molecular_length": 11.210645156350916,
        "length_difference": 0.0
      },
      "penetration_parameters": {
        "t_low_plane": 0.7552986111387814,
        "t_high_plane": 10.704487514760165
      }
    },
    "comparative_analysis": {
      "molecule_1": {
        "id": "molecule_0",
        "segments": {
          "n1_to_low_plane": 0.47001770368904394,
          "low_plane_to_high_plane": 9.703917694150478,
          "high_plane_to_n2": 0.550779949913688,
          "total_calculated": 10.72471534775321,
          "molecular_length": 10.72471534775321,
          "length_difference": 0.0
        }
      },
      "molecule_2": {
        "id": "molecule_1",
        "segments": {
          "n1_to_low_plane": 0.7552986111387817,
          "low_plane_to_high_plane": 9.949188903621385,
          "high_plane_to_n2": 0.506157641590749,
          "total_calculated": 11.210645156350916,
          "molecular_length": 11.210645156350916,
          "length_difference": 0.0
        }
      },
      "penetration_comparison": {
        "n1_to_low_diff": 0.2852809074497378,
        "low_to_high_diff": 0.24527120947090708,
        "high_to_n2_diff": 0.0446223083229389
      }
    },
    "plane_reference": {
      "plane_analysis": {
        "low_plane": {
          "normal_vector": [
            0.0042567978153379305,
            -0.02719186771608212,
            0.9996211692448648
          ],
          "center_position": [
            2.5024577933482144,
            2.2980073920127877,
            3.092681044215789
          ],
          "angle_vs_z_axis_degrees": 2.1036862070964792
        },
        "high_plane": {
          "normal_vector": [
            -0.006863498848010961,
            0.029634923332200077,
            0.9995372247708727
          ],
          "center_position": [
            2.6215661879524554,
            5.443214906491473,
            10.670637909862734
          ],
          "angle_vs_z_axis_degrees": 2.9875152961821207
        }
      },
      "vector_analysis_results": {
        "angle_between_planes_degrees": 3.3181575842461,
        "distance_between_plane_centers_angstrom": 8.205604631981975,
        "angle_between_low_plane_and_z": 2.1036862070964792,
        "angle_between_high_plane_and_z": 2.9875152961821207
      }
    }
  }
}