{
  "experiment": {
    "name": "CONTCAR",
    "file_path": "/home/dotempo/Documents/DION-JACOBSON/BULKS/MAPbCl3/MAPbCl3_n1_[NH3+]CCCC[NH3+]/CONTCAR",
    "timestamp": "2025-08-06 13:13:29.776988"
  },
  "salt_structure_info": {
    "total_atoms": 44,
    "halogen_symbol": "Cl"
  },
  "vector_analysis": {
    "plane_analysis": {
      "low_plane": {
        "normal_vector": [
          -0.07991714187306517,
          -0.01062584100976263,
          0.9967448730430849
        ],
        "center_position": [
          6.082384928403789,
          6.092320494940729,
          4.894536570124875
        ],
        "angle_vs_z_axis_degrees": 7.849562980606344
      },
      "high_plane": {
        "normal_vector": [
          -0.0438634892456749,
          0.026609964726275394,
          0.9986830849115554
        ],
        "center_position": [
          2.356310489542665,
          3.425414535482095,
          9.908641438954092
        ],
        "angle_vs_z_axis_degrees": 4.880417110813716
      }
    },
    "vector_analysis_results": {
      "angle_between_planes_degrees": 2.9720613985811766,
      "distance_between_plane_centers_angstrom": 6.7924418110240055,
      "angle_between_low_plane_and_z": 7.849562980606344,
      "angle_between_high_plane_and_z": 4.880417110813716
    }
  }
}