dihedral,ideal_angle,extracted_angle,error
N1-C1-C2-C3,179.51208390561942,179.46548595182847,0.04659795379095044
C1-C2-C3-N2,180.47452043154126,180.14273534116307,0.33178509037819026
