{
  "experiment": {
    "name": "CONTCAR",
    "file_path": "/home/dotempo/Documents/DION-JACOBSON/BULKS/MAPbCl3/MAPbCl3_n3_[NH3+]CCCC1CCC(CCC[NH3+])CC1/CONTCAR",
    "timestamp": "2025-08-06 13:13:31.892968"
  },
  "salt_structure_info": {
    "total_atoms": 88,
    "halogen_symbol": "Cl"
  },
  "vector_analysis": {
    "plane_analysis": {
      "low_plane": {
        "normal_vector": [
          -0.026910561120715805,
          0.03378028961426197,
          0.9990669215491748
        ],
        "center_position": [
          6.07749557075536,
          2.730158977456467,
          4.877664066917691
        ],
        "angle_vs_z_axis_degrees": 5.250131153424388
      },
      "high_plane": {
        "normal_vector": [
          0.03592156429528709,
          -0.03297229406890853,
          0.9988105270983145
        ],
        "center_position": [
          3.067601955508946,
          1.1421603792033235,
          15.13839097780204
        ],
        "angle_vs_z_axis_degrees": 0.14267900931464134
      }
    },
    "vector_analysis_results": {
      "angle_between_planes_degrees": 5.254288879650599,
      "distance_between_plane_centers_angstrom": 10.810352254339417,
      "angle_between_low_plane_and_z": 5.250131153424388,
      "angle_between_high_plane_and_z": 0.14267900931464134
    }
  }
}