{
  "experiment": {
    "name": "CONTCAR",
    "file_path": "/home/dotempo/Documents/DION-JACOBSON/BULKS/MAPbCl3/MAPbCl3_n3_[NH3+]C1CCC([NH3+])CC1/CONTCAR",
    "timestamp": "2025-08-06 13:13:13.390220"
  },
  "salt_structure_info": {
    "total_atoms": 52,
    "halogen_symbol": "Cl"
  },
  "vector_analysis": {
    "plane_analysis": {
      "low_plane": {
        "normal_vector": [
          -0.07040406571680373,
          -0.03388493141852077,
          0.9969428664438631
        ],
        "center_position": [
          2.6420652480209514,
          2.447523912974356,
          4.6860345286662675
        ],
        "angle_vs_z_axis_degrees": 5.508564984892195
      },
      "high_plane": {
        "normal_vector": [
          -0.0038400408650643377,
          0.03550614486311421,
          0.999362080410856
        ],
        "center_position": [
          5.807850885837299,
          2.5970585437476297,
          9.482420443042047
        ],
        "angle_vs_z_axis_degrees": 0.13668379693744254
      }
    },
    "vector_analysis_results": {
      "angle_between_planes_degrees": 5.513177582112015,
      "distance_between_plane_centers_angstrom": 5.74890225608569,
      "angle_between_low_plane_and_z": 5.508564984892195,
      "angle_between_high_plane_and_z": 0.13668379693744254
    }
  }
}