{
  "experiment": {
    "name": "CONTCAR",
    "file_path": "/home/dotempo/Documents/DION-JACOBSON/BULKS/MAPbCl3/MAPbCl3_n3_[NH3+]C1CCC([NH3+])CC1/CONTCAR",
    "timestamp": "2025-08-06 13:13:13.417831"
  },
  "analysis_parameters": {
    "halogen_symbol": "Cl",
    "central_metal": "Pb",
    "total_spacer_molecules": 6,
    "analyzed_molecules": 2
  },
  "penetration_analysis": {
    "molecule_1": {
      "formula": "C6H16N2",
      "n1_position": [
        4.16824731483113,
        7.723763102997725,
        4.361594011259475
      ],
      "n2_position": [
        4.528269226300621,
        1.4854111813021398,
        9.646781519067192
      ],
      "molecular_vector": [
        0.3600219114694907,
        -6.238351921695585,
        5.285187507807716
      ],
      "molecular_vector_length": 8.184122278433277,
      "low_plane_intersection": [
        4.2084849846874235,
        7.026536803498357,
        4.952290364155752
      ],
      "high_plane_intersection": [
        4.519039082789469,
        1.6453483453355515,
        9.511281324144903
      ],
      "penetration_segments": {
        "n1_to_low_plane": 0.9146943555713075,
        "low_plane_to_high_plane": 7.059605629450937,
        "high_plane_to_n2": 0.20982229341103173,
        "total_calculated": 8.184122278433277,
        "molecular_length": 8.184122278433277,
        "length_difference": 0.0
      },
      "penetration_parameters": {
        "t_low_plane": 0.9146943555713073,
        "t_high_plane": 7.974299985022245
      }
    },
    "molecule_5": {
      "formula": "C6H16N2",
      "n1_position": [
        0.18876707794383782,
        3.721356584911343,
        4.252371552247059
      ],
      "n2_position": [
        0.5059718560168978,
        5.223981863712164,
        9.758655242904023
      ],
      "molecular_vector": [
        0.3172047780730599,
        1.5026252788008212,
        5.506283690656964
      ],
      "molecular_vector_length": 5.716437849020884,
      "low_plane_intersection": [
        0.20649959345061167,
        3.8053569780298506,
        4.560186149247807
      ],
      "high_plane_intersection": [
        0.48371918037499684,
        5.118569098041989,
        9.372376241355514
      ],
      "penetration_segments": {
        "n1_to_low_plane": 0.31956272354108306,
        "low_plane_to_high_plane": 4.995853305902895,
        "high_plane_to_n2": 0.40102181957690525,
        "total_calculated": 5.716437849020884,
        "molecular_length": 5.716437849020884,
        "length_difference": 0.0
      },
      "penetration_parameters": {
        "t_low_plane": 0.3195627235410827,
        "t_high_plane": 5.315416029443978
      }
    },
    "comparative_analysis": {
      "molecule_1": {
        "id": "molecule_1",
        "segments": {
          "n1_to_low_plane": 0.9146943555713075,
          "low_plane_to_high_plane": 7.059605629450937,
          "high_plane_to_n2": 0.20982229341103173,
          "total_calculated": 8.184122278433277,
          "molecular_length": 8.184122278433277,
          "length_difference": 0.0
        }
      },
      "molecule_2": {
        "id": "molecule_5",
        "segments": {
          "n1_to_low_plane": 0.31956272354108306,
          "low_plane_to_high_plane": 4.995853305902895,
          "high_plane_to_n2": 0.40102181957690525,
          "total_calculated": 5.716437849020884,
          "molecular_length": 5.716437849020884,
          "length_difference": 0.0
        }
      },
      "penetration_comparison": {
        "n1_to_low_diff": 0.5951316320302245,
        "low_to_high_diff": 2.0637523235480417,
        "high_to_n2_diff": 0.19119952616587352
      }
    },
    "plane_reference": {
      "plane_analysis": {
        "low_plane": {
          "normal_vector": [
            -0.07040406571680373,
            -0.03388493141852077,
            0.9969428664438631
          ],
          "center_position": [
            2.6420652480209514,
            2.447523912974356,
            4.6860345286662675
          ],
          "angle_vs_z_axis_degrees": 5.508564984892195
        },
        "high_plane": {
          "normal_vector": [
            -0.0038400408650643377,
            0.03550614486311421,
            0.999362080410856
          ],
          "center_position": [
            5.807850885837299,
            2.5970585437476297,
            9.482420443042047
          ],
          "angle_vs_z_axis_degrees": 0.13668379693744254
        }
      },
      "vector_analysis_results": {
        "angle_between_planes_degrees": 5.513177582112015,
        "distance_between_plane_centers_angstrom": 5.74890225608569,
        "angle_between_low_plane_and_z": 5.508564984892195,
        "angle_between_high_plane_and_z": 0.13668379693744254
      }
    }
  }
}