{
  "experiment": {
    "name": "CONTCAR",
    "file_path": "/home/dotempo/Documents/DION-JACOBSON/BULKS/MAPbBr3/MAPbBr3_n3_CC(C)(CCCC[NH3+])CCCC[NH3+]/CONTCAR",
    "timestamp": "2025-08-06 13:14:31.991364"
  },
  "analysis_parameters": {
    "halogen_symbol": "Br",
    "central_metal": "Pb",
    "total_spacer_molecules": 6,
    "analyzed_molecules": 2
  },
  "penetration_analysis": {
    "molecule_3": {
      "formula": "C11H28N2",
      "n1_position": [
        1.6542671656732786,
        3.9433959955438977,
        3.4909692721991497
      ],
      "n2_position": [
        5.384652771346521,
        5.039680392532651,
        14.367792620082172
      ],
      "molecular_vector": [
        3.7303856056732423,
        1.0962843969887537,
        10.876823347883022
      ],
      "molecular_vector_length": 11.550883186455845,
      "low_plane_intersection": [
        1.7530223086607652,
        3.972418121893229,
        3.778913296896287
      ],
      "high_plane_intersection": [
        5.237848797870809,
        4.996537692943468,
        13.939750842354359
      ],
      "penetration_segments": {
        "n1_to_low_plane": 0.30578852732419676,
        "low_plane_to_high_plane": 10.790526223539729,
        "high_plane_to_n2": 0.4545684355919212,
        "total_calculated": 11.550883186455847,
        "molecular_length": 11.550883186455845,
        "length_difference": 1.7763568394002505e-15
      },
      "penetration_parameters": {
        "t_low_plane": 0.30578852732419687,
        "t_high_plane": 11.096314750863923
      }
    },
    "molecule_4": {
      "formula": "C11H28N2",
      "n1_position": [
        6.091534053551741,
        0.29094554858948046,
        3.070642417482054
      ],
      "n2_position": [
        1.730535412756943,
        1.3077330221443617,
        14.37920750156534
      ],
      "molecular_vector": [
        -4.360998640794798,
        1.0167874735548812,
        11.308565084083286
      ],
      "molecular_vector_length": 12.162886588813521,
      "low_plane_intersection": [
        5.928127690484622,
        0.32904451553516295,
        3.494373687336583
      ],
      "high_plane_intersection": [
        2.023806574347173,
        1.2393554627774803,
        13.618722050571623
      ],
      "penetration_segments": {
        "n1_to_low_plane": 0.4557426464855828,
        "low_plane_to_high_plane": 10.889206544956616,
        "high_plane_to_n2": 0.8179373973713209,
        "total_calculated": 12.16288658881352,
        "molecular_length": 12.162886588813521,
        "length_difference": 1.7763568394002505e-15
      },
      "penetration_parameters": {
        "t_low_plane": 0.4557426464855829,
        "t_high_plane": 11.3449491914422
      }
    },
    "comparative_analysis": {
      "molecule_1": {
        "id": "molecule_3",
        "segments": {
          "n1_to_low_plane": 0.30578852732419676,
          "low_plane_to_high_plane": 10.790526223539729,
          "high_plane_to_n2": 0.4545684355919212,
          "total_calculated": 11.550883186455847,
          "molecular_length": 11.550883186455845,
          "length_difference": 1.7763568394002505e-15
        }
      },
      "molecule_2": {
        "id": "molecule_4",
        "segments": {
          "n1_to_low_plane": 0.4557426464855828,
          "low_plane_to_high_plane": 10.889206544956616,
          "high_plane_to_n2": 0.8179373973713209,
          "total_calculated": 12.16288658881352,
          "molecular_length": 12.162886588813521,
          "length_difference": 1.7763568394002505e-15
        }
      },
      "penetration_comparison": {
        "n1_to_low_diff": 0.14995411916138607,
        "low_to_high_diff": 0.09868032141688765,
        "high_to_n2_diff": 0.36336896177939965
      }
    },
    "plane_reference": {
      "plane_analysis": {
        "low_plane": {
          "normal_vector": [
            0.012434289292442295,
            -0.06368424894078925,
            0.9978926319432565
          ],
          "center_position": [
            2.9852583557182593,
            5.406837362720756,
            3.8551017866184485
          ],
          "angle_vs_z_axis_degrees": 7.29276432655496
        },
        "high_plane": {
          "normal_vector": [
            -0.003129883868557059,
            -0.08247508681906114,
            0.996588211791188
          ],
          "center_position": [
            3.500030739395128,
            2.5178851976143446,
            13.729166123439146
          ],
          "angle_vs_z_axis_degrees": 7.496658534116556
        }
      },
      "vector_analysis_results": {
        "angle_between_planes_degrees": 1.4000236250529259,
        "distance_between_plane_centers_angstrom": 10.300882571262704,
        "angle_between_low_plane_and_z": 7.29276432655496,
        "angle_between_high_plane_and_z": 7.496658534116556
      }
    }
  }
}