{
  "experiment": {
    "name": "CONTCAR",
    "file_path": "/home/dotempo/Documents/DION-JACOBSON/BULKS/MAPbBr3/MAPbBr3_n2_[NH3+]CCCC[NH3+]/CONTCAR",
    "timestamp": "2025-08-06 13:15:07.918632"
  },
  "analysis_parameters": {
    "halogen_symbol": "Br",
    "central_metal": "Pb",
    "total_spacer_molecules": 4,
    "analyzed_molecules": 2
  },
  "penetration_analysis": {
    "molecule_1": {
      "formula": "C4H14N2",
      "n1_position": [
        7.412373604142021,
        3.3624100447564276,
        3.6452390094946074
      ],
      "n2_position": [
        1.6298750512594582,
        5.732117110647083,
        8.691637120297543
      ],
      "molecular_vector": [
        -5.782498552882563,
        2.3697070658906556,
        5.046398110802935
      ],
      "molecular_vector_length": 8.032367956271454,
      "low_plane_intersection": [
        7.045414420436013,
        3.5127924032765363,
        3.9654850267586594
      ],
      "high_plane_intersection": [
        2.3806971330180673,
        5.424425136996149,
        8.036393180280127
      ],
      "penetration_segments": {
        "n1_to_low_plane": 0.509736606330895,
        "low_plane_to_high_plane": 6.479677482295838,
        "high_plane_to_n2": 1.0429538676447223,
        "total_calculated": 8.032367956271456,
        "molecular_length": 8.032367956271454,
        "length_difference": 1.7763568394002505e-15
      },
      "penetration_parameters": {
        "t_low_plane": 0.509736606330895,
        "t_high_plane": 6.989414088626733
      }
    },
    "molecule_3": {
      "formula": "C4H14N2",
      "n1_position": [
        3.2084104092403476,
        7.25320766461157,
        3.3803329362252366
      ],
      "n2_position": [
        5.448949913512969,
        1.4737420355789277,
        8.46852734889452
      ],
      "molecular_vector": [
        2.2405395042726215,
        -5.779465629032642,
        5.088194412669283
      ],
      "molecular_vector_length": 8.019473960834013,
      "low_plane_intersection": [
        3.462634963574948,
        6.597436110023445,
        3.9576688655681087
      ],
      "high_plane_intersection": [
        5.256487108131543,
        1.9701993247487817,
        8.031450399739654
      ],
      "penetration_segments": {
        "n1_to_low_plane": 0.9099358390258901,
        "low_plane_to_high_plane": 6.420663655081643,
        "high_plane_to_n2": 0.6888744667264814,
        "total_calculated": 8.019473960834015,
        "molecular_length": 8.019473960834013,
        "length_difference": 1.7763568394002505e-15
      },
      "penetration_parameters": {
        "t_low_plane": 0.90993583902589,
        "t_high_plane": 7.330599494107532
      }
    },
    "comparative_analysis": {
      "molecule_1": {
        "id": "molecule_1",
        "segments": {
          "n1_to_low_plane": 0.509736606330895,
          "low_plane_to_high_plane": 6.479677482295838,
          "high_plane_to_n2": 1.0429538676447223,
          "total_calculated": 8.032367956271456,
          "molecular_length": 8.032367956271454,
          "length_difference": 1.7763568394002505e-15
        }
      },
      "molecule_2": {
        "id": "molecule_3",
        "segments": {
          "n1_to_low_plane": 0.9099358390258901,
          "low_plane_to_high_plane": 6.420663655081643,
          "high_plane_to_n2": 0.6888744667264814,
          "total_calculated": 8.019473960834015,
          "molecular_length": 8.019473960834013,
          "length_difference": 1.7763568394002505e-15
        }
      },
      "penetration_comparison": {
        "n1_to_low_diff": 0.40019923269499513,
        "low_to_high_diff": 0.05901382721419424,
        "high_to_n2_diff": 0.35407940091824086
      }
    },
    "plane_reference": {
      "plane_analysis": {
        "low_plane": {
          "normal_vector": [
            -0.029002669795310115,
            -0.031154681458151756,
            0.9990937047984966
          ],
          "center_position": [
            6.119222176896773,
            6.125488911502936,
            4.020070176672372
          ],
          "angle_vs_z_axis_degrees": 6.118746014675663
        },
        "high_plane": {
          "normal_vector": [
            -0.02945020709059398,
            -0.0259483851822374,
            0.9992293863817033
          ],
          "center_position": [
            2.770501179859659,
            2.8206067178379173,
            7.980264853646565
          ],
          "angle_vs_z_axis_degrees": 5.924050290076107
        }
      },
      "vector_analysis_results": {
        "angle_between_planes_degrees": 0.2995001290324407,
        "distance_between_plane_centers_angstrom": 6.149741499407604,
        "angle_between_low_plane_and_z": 6.118746014675663,
        "angle_between_high_plane_and_z": 5.924050290076107
      }
    }
  }
}