{
  "experiment": {
    "name": "CONTCAR",
    "file_path": "/home/dotempo/Documents/DION-JACOBSON/BULKS/MAPbBr3/MAPbBr3_n2_[NH3+]CCCC[NH3+]/CONTCAR",
    "timestamp": "2025-08-06 13:15:07.894022"
  },
  "salt_structure_info": {
    "total_atoms": 44,
    "halogen_symbol": "Br"
  },
  "vector_analysis": {
    "plane_analysis": {
      "low_plane": {
        "normal_vector": [
          -0.029002669795310115,
          -0.031154681458151756,
          0.9990937047984966
        ],
        "center_position": [
          6.119222176896773,
          6.125488911502936,
          4.020070176672372
        ],
        "angle_vs_z_axis_degrees": 6.118746014675663
      },
      "high_plane": {
        "normal_vector": [
          -0.02945020709059398,
          -0.0259483851822374,
          0.9992293863817033
        ],
        "center_position": [
          2.770501179859659,
          2.8206067178379173,
          7.980264853646565
        ],
        "angle_vs_z_axis_degrees": 5.924050290076107
      }
    },
    "vector_analysis_results": {
      "angle_between_planes_degrees": 0.2995001290324407,
      "distance_between_plane_centers_angstrom": 6.149741499407604,
      "angle_between_low_plane_and_z": 6.118746014675663,
      "angle_between_high_plane_and_z": 5.924050290076107
    }
  }
}