{
  "experiment": {
    "name": "CONTCAR",
    "file_path": "/home/dotempo/Documents/DION-JACOBSON/BULKS/MAPbBr3/MAPbBr3_n1_[NH3+]CCCC1=CC=C(CCC[NH3+])C=C1/CONTCAR",
    "timestamp": "2025-08-06 13:14:23.676140"
  },
  "analysis_parameters": {
    "halogen_symbol": "Br",
    "central_metal": "Pb",
    "total_spacer_molecules": 2,
    "analyzed_molecules": 2
  },
  "penetration_analysis": {
    "molecule_0": {
      "formula": "C12H22N2",
      "n1_position": [
        0.3490550051754927,
        3.517041574932649,
        3.1729943355847454
      ],
      "n2_position": [
        -0.5223880433790367,
        6.283134397418317,
        13.62786911797934
      ],
      "molecular_vector": [
        -0.8714430485545294,
        2.7660928224856685,
        10.454874782394596
      ],
      "molecular_vector_length": 10.849658483336293,
      "low_plane_intersection": [
        0.36004560823438325,
        3.482155728649966,
        3.041137894760186
      ],
      "high_plane_intersection": [
        -0.5156192362661152,
        6.261649173796535,
        13.546662398952597
      ],
      "penetration_segments": {
        "n1_to_low_plane": 0.1368354362487205,
        "low_plane_to_high_plane": 10.902220775589441,
        "high_plane_to_n2": 0.08427314399557226,
        "total_calculated": 11.123329355833734,
        "molecular_length": 10.849658483336293,
        "length_difference": 0.2736708724974406
      },
      "penetration_parameters": {
        "t_low_plane": -0.13683543624872044,
        "t_high_plane": 10.765385339340721
      }
    },
    "molecule_1": {
      "formula": "C12H22N2",
      "n1_position": [
        4.515289073269572,
        7.721581445234201,
        3.38079051882237
      ],
      "n2_position": [
        3.688476980516417,
        2.807725189778289,
        13.03485471523404
      ],
      "molecular_vector": [
        -0.8268120927531548,
        -4.9138562554559115,
        9.654064196411671
      ],
      "molecular_vector_length": 10.864186902131413,
      "low_plane_intersection": [
        4.525448186467407,
        7.781958430978131,
        3.2621701795093205
      ],
      "high_plane_intersection": [
        3.694644448485335,
        2.8443792872751903,
        12.962841821103545
      ],
      "penetration_segments": {
        "n1_to_low_plane": 0.13348922386182396,
        "low_plane_to_high_plane": 10.916636521814109,
        "high_plane_to_n2": 0.0810396041791286,
        "total_calculated": 11.131165349855062,
        "molecular_length": 10.864186902131413,
        "length_difference": 0.2669784477236483
      },
      "penetration_parameters": {
        "t_low_plane": -0.13348922386182388,
        "t_high_plane": 10.783147297952285
      }
    },
    "comparative_analysis": {
      "molecule_1": {
        "id": "molecule_0",
        "segments": {
          "n1_to_low_plane": 0.1368354362487205,
          "low_plane_to_high_plane": 10.902220775589441,
          "high_plane_to_n2": 0.08427314399557226,
          "total_calculated": 11.123329355833734,
          "molecular_length": 10.849658483336293,
          "length_difference": 0.2736708724974406
        }
      },
      "molecule_2": {
        "id": "molecule_1",
        "segments": {
          "n1_to_low_plane": 0.13348922386182396,
          "low_plane_to_high_plane": 10.916636521814109,
          "high_plane_to_n2": 0.0810396041791286,
          "total_calculated": 11.131165349855062,
          "molecular_length": 10.864186902131413,
          "length_difference": 0.2669784477236483
        }
      },
      "penetration_comparison": {
        "n1_to_low_diff": 0.00334621238689653,
        "low_to_high_diff": 0.014415746224667458,
        "high_to_n2_diff": 0.0032335398164436563
      }
    },
    "plane_reference": {
      "plane_analysis": {
        "low_plane": {
          "normal_vector": [
            -0.11256746958754105,
            0.05805769309590203,
            0.9919465051418046
          ],
          "center_position": [
            5.708707135197866,
            4.953098582639708,
            3.5620185494262393
          ],
          "angle_vs_z_axis_degrees": 5.241265317518013
        },
        "high_plane": {
          "normal_vector": [
            0.11170405835998345,
            -0.0320610266399336,
            0.9932241911656718
          ],
          "center_position": [
            4.7899396721253265,
            3.9428760499944455,
            12.875117429788418
          ],
          "angle_vs_z_axis_degrees": 12.570834945752829
        }
      },
      "vector_analysis_results": {
        "angle_between_planes_degrees": 13.882542259697352,
        "distance_between_plane_centers_angstrom": 9.412677300963217,
        "angle_between_low_plane_and_z": 5.241265317518013,
        "angle_between_high_plane_and_z": 12.570834945752829
      }
    }
  }
}