{
  "experiment": {
    "name": "CONTCAR",
    "file_path": "/home/dotempo/Documents/DION-JACOBSON/BULKS/MAPbBr3/MAPbBr3_n1_[NH3+]CCCC1=CC=C(CCC[NH3+])C=C1/CONTCAR",
    "timestamp": "2025-08-06 13:14:23.649999"
  },
  "salt_structure_info": {
    "total_atoms": 76,
    "halogen_symbol": "Br"
  },
  "vector_analysis": {
    "plane_analysis": {
      "low_plane": {
        "normal_vector": [
          -0.11256746958754105,
          0.05805769309590203,
          0.9919465051418046
        ],
        "center_position": [
          5.708707135197866,
          4.953098582639708,
          3.5620185494262393
        ],
        "angle_vs_z_axis_degrees": 5.241265317518013
      },
      "high_plane": {
        "normal_vector": [
          0.11170405835998345,
          -0.0320610266399336,
          0.9932241911656718
        ],
        "center_position": [
          4.7899396721253265,
          3.9428760499944455,
          12.875117429788418
        ],
        "angle_vs_z_axis_degrees": 12.570834945752829
      }
    },
    "vector_analysis_results": {
      "angle_between_planes_degrees": 13.882542259697352,
      "distance_between_plane_centers_angstrom": 9.412677300963217,
      "angle_between_low_plane_and_z": 5.241265317518013,
      "angle_between_high_plane_and_z": 12.570834945752829
    }
  }
}