{
  "experiment": {
    "name": "CONTCAR",
    "file_path": "/home/dotempo/Documents/DION-JACOBSON/BULKS/MAPbI3/MAPbI3_n2_CC(C)(CCCC[NH3+])C(C)(C)CCCC[NH3+]/CONTCAR",
    "timestamp": "2025-08-06 13:15:53.185091"
  },
  "salt_structure_info": {
    "total_atoms": 104,
    "halogen_symbol": "I"
  },
  "vector_analysis": {
    "plane_analysis": {
      "low_plane": {
        "normal_vector": [
          -0.029896932180757587,
          0.09610435690856456,
          0.9949221708401972
        ],
        "center_position": [
          5.804502878794593,
          2.437165325321226,
          5.668156907945985
        ],
        "angle_vs_z_axis_degrees": 9.828096255045581
      },
      "high_plane": {
        "normal_vector": [
          -0.01722216183426288,
          0.10249182408470389,
          0.9945847490976043
        ],
        "center_position": [
          5.172965262508094,
          6.1362029111201135,
          16.42838313141479
        ],
        "angle_vs_z_axis_degrees": 9.535560837940487
      }
    },
    "vector_analysis_results": {
      "angle_between_planes_degrees": 0.8134523363320734,
      "distance_between_plane_centers_angstrom": 11.395796909482172,
      "angle_between_low_plane_and_z": 9.828096255045581,
      "angle_between_high_plane_and_z": 9.535560837940487
    }
  }
}