{
  "experiment": {
    "name": "CONTCAR",
    "file_path": "/home/dotempo/Documents/DION-JACOBSON/BULKS/MAPbBr3/MAPbBr3_n3_CC(C)(C[NH3+])C[NH3+]/CONTCAR",
    "timestamp": "2025-08-06 13:14:15.509682"
  },
  "analysis_parameters": {
    "halogen_symbol": "Br",
    "central_metal": "Pb",
    "total_spacer_molecules": 6,
    "analyzed_molecules": 2
  },
  "penetration_analysis": {
    "molecule_1": {
      "formula": "C5H16N2",
      "n1_position": [
        3.613426266539518,
        0.7392511880486949,
        3.4406515584052833
      ],
      "n2_position": [
        4.7476284182170225,
        8.064638301040699,
        8.303809190826845
      ],
      "molecular_vector": [
        1.1342021516775045,
        7.325387112992003,
        4.8631576324215615
      ],
      "molecular_vector_length": 8.865552043377743,
      "low_plane_intersection": [
        3.6675221306876185,
        1.0886361239797082,
        3.6726002584012942
      ],
      "high_plane_intersection": [
        4.597371596875553,
        7.094185740122873,
        7.659547842486587
      ],
      "penetration_segments": {
        "n1_to_low_plane": 0.4228432279264828,
        "low_plane_to_high_plane": 7.268218300241872,
        "high_plane_to_n2": 1.174490515209389,
        "total_calculated": 8.865552043377743,
        "molecular_length": 8.865552043377743,
        "length_difference": 0.0
      },
      "penetration_parameters": {
        "t_low_plane": 0.4228432279264827,
        "t_high_plane": 7.691061528168354
      }
    },
    "molecule_5": {
      "formula": "C5H16N2",
      "n1_position": [
        7.8752013536827405,
        3.9340046753582683,
        3.506691214617671
      ],
      "n2_position": [
        0.6076643389215202,
        4.907345061084913,
        8.268648218956631
      ],
      "molecular_vector": [
        -7.267537014761221,
        0.9733403857266452,
        4.76195700433896
      ],
      "molecular_vector_length": 8.743038389403527,
      "low_plane_intersection": [
        7.766295466407523,
        3.948590428153618,
        3.5780503493108453
      ],
      "high_plane_intersection": [
        1.6126936098128581,
        4.772741607919277,
        7.61011615143968
      ],
      "penetration_segments": {
        "n1_to_low_plane": 0.13101664997994747,
        "low_plane_to_high_plane": 7.402945063236068,
        "high_plane_to_n2": 1.2090766761875107,
        "total_calculated": 8.743038389403527,
        "molecular_length": 8.743038389403527,
        "length_difference": 0.0
      },
      "penetration_parameters": {
        "t_low_plane": 0.13101664997994772,
        "t_high_plane": 7.533961713216016
      }
    },
    "comparative_analysis": {
      "molecule_1": {
        "id": "molecule_1",
        "segments": {
          "n1_to_low_plane": 0.4228432279264828,
          "low_plane_to_high_plane": 7.268218300241872,
          "high_plane_to_n2": 1.174490515209389,
          "total_calculated": 8.865552043377743,
          "molecular_length": 8.865552043377743,
          "length_difference": 0.0
        }
      },
      "molecule_2": {
        "id": "molecule_5",
        "segments": {
          "n1_to_low_plane": 0.13101664997994747,
          "low_plane_to_high_plane": 7.402945063236068,
          "high_plane_to_n2": 1.2090766761875107,
          "total_calculated": 8.743038389403527,
          "molecular_length": 8.743038389403527,
          "length_difference": 0.0
        }
      },
      "penetration_comparison": {
        "n1_to_low_diff": 0.2918265779465353,
        "low_to_high_diff": 0.1347267629941955,
        "high_to_n2_diff": 0.03458616097812173
      }
    },
    "plane_reference": {
      "plane_analysis": {
        "low_plane": {
          "normal_vector": [
            0.009075279440949867,
            0.020045601056892813,
            0.9997578772789623
          ],
          "center_position": [
            6.2616986205434015,
            2.3322576067425826,
            3.6241165027086097
          ],
          "angle_vs_z_axis_degrees": 0.8664409775630197
        },
        "high_plane": {
          "normal_vector": [
            -0.006433870865103714,
            -0.01301924313074333,
            0.9998945467468027
          ],
          "center_position": [
            6.347140037063657,
            6.485222669419154,
            7.662877739547932
          ],
          "angle_vs_z_axis_degrees": 2.055238217198695
        }
      },
      "vector_analysis_results": {
        "angle_between_planes_degrees": 2.092656974199814,
        "distance_between_plane_centers_angstrom": 5.793618159290885,
        "angle_between_low_plane_and_z": 0.8664409775630197,
        "angle_between_high_plane_and_z": 2.055238217198695
      }
    }
  }
}