{
  "experiment": {
    "name": "CONTCAR",
    "file_path": "/home/dotempo/Documents/DION-JACOBSON/BULKS/MAPbBr3/MAPbBr3_n3_CC(C)(C[NH3+])C[NH3+]/CONTCAR",
    "timestamp": "2025-08-06 13:14:15.482864"
  },
  "salt_structure_info": {
    "total_atoms": 50,
    "halogen_symbol": "Br"
  },
  "vector_analysis": {
    "plane_analysis": {
      "low_plane": {
        "normal_vector": [
          0.009075279440949867,
          0.020045601056892813,
          0.9997578772789623
        ],
        "center_position": [
          6.2616986205434015,
          2.3322576067425826,
          3.6241165027086097
        ],
        "angle_vs_z_axis_degrees": 0.8664409775630197
      },
      "high_plane": {
        "normal_vector": [
          -0.006433870865103714,
          -0.01301924313074333,
          0.9998945467468027
        ],
        "center_position": [
          6.347140037063657,
          6.485222669419154,
          7.662877739547932
        ],
        "angle_vs_z_axis_degrees": 2.055238217198695
      }
    },
    "vector_analysis_results": {
      "angle_between_planes_degrees": 2.092656974199814,
      "distance_between_plane_centers_angstrom": 5.793618159290885,
      "angle_between_low_plane_and_z": 0.8664409775630197,
      "angle_between_high_plane_and_z": 2.055238217198695
    }
  }
}