{
  "experiment": {
    "name": "CONTCAR",
    "file_path": "/home/dotempo/Documents/DION-JACOBSON/BULKS/MAPbCl3/MAPbCl3_n2_CC(C)(CC[NH3+])C(C)(C)CC[NH3+]/CONTCAR",
    "timestamp": "2025-08-06 13:13:45.576591"
  },
  "salt_structure_info": {
    "total_atoms": 80,
    "halogen_symbol": "Cl"
  },
  "vector_analysis": {
    "plane_analysis": {
      "low_plane": {
        "normal_vector": [
          0.02718976221308724,
          0.00400030790835745,
          0.9996222858497275
        ],
        "center_position": [
          2.4697327126598085,
          5.919099855610268,
          4.7832900014178605
        ],
        "angle_vs_z_axis_degrees": 1.6523997944952786
      },
      "high_plane": {
        "normal_vector": [
          -0.0017488663785676791,
          0.016510247526749518,
          0.9998621670975432
        ],
        "center_position": [
          2.1436848533955284,
          2.517560702990323,
          12.02859337823049
        ],
        "angle_vs_z_axis_degrees": 0.4091544068053439
      }
    },
    "vector_analysis_results": {
      "angle_between_planes_degrees": 1.806483051193075,
      "distance_between_plane_centers_angstrom": 8.010692656405544,
      "angle_between_low_plane_and_z": 1.6523997944952786,
      "angle_between_high_plane_and_z": 0.4091544068053439
    }
  }
}