{
  "experiment": {
    "name": "CONTCAR",
    "file_path": "/home/dotempo/Documents/DION-JACOBSON/BULKS/MAPbBr3/MAPbBr3_n3_[NH3+]CCCC1=CC=C(CCC[NH3+])C=C1/CONTCAR",
    "timestamp": "2025-08-06 13:15:06.192155"
  },
  "analysis_parameters": {
    "halogen_symbol": "Br",
    "central_metal": "Pb",
    "total_spacer_molecules": 6,
    "analyzed_molecules": 2
  },
  "penetration_analysis": {
    "molecule_3": {
      "formula": "C12H22N2",
      "n1_position": [
        1.9737968423543544,
        4.906034187239055,
        3.637509245269939
      ],
      "n2_position": [
        6.018495668790306,
        4.914403679469547,
        12.098497935876779
      ],
      "molecular_vector": [
        4.044698826435952,
        0.008369492230491993,
        8.46098869060684
      ],
      "molecular_vector_length": 9.378058875244355,
      "low_plane_intersection": [
        2.1225558614524735,
        4.906342006809308,
        3.9486939421350034
      ],
      "high_plane_intersection": [
        5.662572434029897,
        4.913667185387835,
        11.353952397813657
      ],
      "penetration_segments": {
        "n1_to_low_plane": 0.34491340373914775,
        "low_plane_to_high_plane": 8.207900083929156,
        "high_plane_to_n2": 0.8252453875760524,
        "total_calculated": 9.378058875244355,
        "molecular_length": 9.378058875244355,
        "length_difference": 0.0
      },
      "penetration_parameters": {
        "t_low_plane": 0.3449134037391476,
        "t_high_plane": 8.552813487668303
      }
    },
    "molecule_5": {
      "formula": "C12H22N2",
      "n1_position": [
        6.312690989624073,
        0.9203422675193214,
        3.1544518932047056
      ],
      "n2_position": [
        1.6359637993729124,
        0.7621207791013751,
        12.454809367429261
      ],
      "molecular_vector": [
        -4.676727190251161,
        -0.15822148841794625,
        9.300357474224555
      ],
      "molecular_vector_length": 10.411218007504994,
      "low_plane_intersection": [
        6.177061259075612,
        0.9157536873075365,
        3.424171491316586
      ],
      "high_plane_intersection": [
        2.0389017421904274,
        0.7757528423924624,
        11.653508210512665
      ],
      "penetration_segments": {
        "n1_to_low_plane": 0.30193565619622087,
        "low_plane_to_high_plane": 9.212271558181145,
        "high_plane_to_n2": 0.897010793127629,
        "total_calculated": 10.411218007504996,
        "molecular_length": 10.411218007504994,
        "length_difference": 1.7763568394002505e-15
      },
      "penetration_parameters": {
        "t_low_plane": 0.30193565619622087,
        "t_high_plane": 9.514207214377366
      }
    },
    "comparative_analysis": {
      "molecule_1": {
        "id": "molecule_3",
        "segments": {
          "n1_to_low_plane": 0.34491340373914775,
          "low_plane_to_high_plane": 8.207900083929156,
          "high_plane_to_n2": 0.8252453875760524,
          "total_calculated": 9.378058875244355,
          "molecular_length": 9.378058875244355,
          "length_difference": 0.0
        }
      },
      "molecule_2": {
        "id": "molecule_5",
        "segments": {
          "n1_to_low_plane": 0.30193565619622087,
          "low_plane_to_high_plane": 9.212271558181145,
          "high_plane_to_n2": 0.897010793127629,
          "total_calculated": 10.411218007504996,
          "molecular_length": 10.411218007504994,
          "length_difference": 1.7763568394002505e-15
        }
      },
      "penetration_comparison": {
        "n1_to_low_diff": 0.04297774754292688,
        "low_to_high_diff": 1.0043714742519896,
        "high_to_n2_diff": 0.07176540555157662
      }
    },
    "plane_reference": {
      "plane_analysis": {
        "low_plane": {
          "normal_vector": [
            0.03009990189624645,
            -0.10013734621428796,
            0.9945182289928104
          ],
          "center_position": [
            2.8961682649543357,
            5.907790051474805,
            4.026115038972155
          ],
          "angle_vs_z_axis_degrees": 9.548917440514677
        },
        "high_plane": {
          "normal_vector": [
            -0.015654346538225117,
            0.08582581071446359,
            0.9961871669770025
          ],
          "center_position": [
            3.4117393405480314,
            6.0496299658159085,
            11.220714134747547
          ],
          "angle_vs_z_axis_degrees": 6.01111388087059
        }
      },
      "vector_analysis_results": {
        "angle_between_planes_degrees": 10.989920991024539,
        "distance_between_plane_centers_angstrom": 7.214443030769681,
        "angle_between_low_plane_and_z": 9.548917440514677,
        "angle_between_high_plane_and_z": 6.01111388087059
      }
    }
  }
}