{
  "experiment": {
    "name": "CONTCAR",
    "file_path": "/home/dotempo/Documents/DION-JACOBSON/BULKS/MAPbBr3/MAPbBr3_n1_[NH3+]CCC1CCC(CC[NH3+])CC1/CONTCAR",
    "timestamp": "2025-08-06 13:14:28.434701"
  },
  "salt_structure_info": {
    "total_atoms": 76,
    "halogen_symbol": "Br"
  },
  "vector_analysis": {
    "plane_analysis": {
      "low_plane": {
        "normal_vector": [
          0.09616701657829499,
          0.05009121495153659,
          0.9941040061820035
        ],
        "center_position": [
          2.5219194884222715,
          2.687878211318835,
          2.603512808313571
        ],
        "angle_vs_z_axis_degrees": 10.909013307225596
      },
      "high_plane": {
        "normal_vector": [
          0.08121681246814938,
          0.03580103348146334,
          0.9960532693456573
        ],
        "center_position": [
          5.195624850524029,
          4.656248177483603,
          10.339344595921789
        ],
        "angle_vs_z_axis_degrees": 9.720393213138783
      }
    },
    "vector_analysis_results": {
      "angle_between_planes_degrees": 1.1902266110667632,
      "distance_between_plane_centers_angstrom": 8.418210862956625,
      "angle_between_low_plane_and_z": 10.909013307225596,
      "angle_between_high_plane_and_z": 9.720393213138783
    }
  }
}