{
  "experiment": {
    "name": "CONTCAR",
    "file_path": "/home/dotempo/Documents/DION-JACOBSON/BULKS/MAPbBr3/MAPbBr3_n1_[NH3+]CCC1CCC(CC[NH3+])CC1/CONTCAR",
    "timestamp": "2025-08-06 13:14:28.462004"
  },
  "analysis_parameters": {
    "halogen_symbol": "Br",
    "central_metal": "Pb",
    "total_spacer_molecules": 2,
    "analyzed_molecules": 2
  },
  "penetration_analysis": {
    "molecule_0": {
      "formula": "C10H24N2",
      "n1_position": [
        7.730301681509144,
        4.204949257243082,
        1.9028374435894253
      ],
      "n2_position": [
        -0.31217475057202504,
        3.214494073835977,
        11.037805275182004
      ],
      "molecular_vector": [
        -8.04247643208117,
        -0.9904551834071049,
        9.13496783159258
      ],
      "molecular_vector_length": 12.211063258993883,
      "low_plane_intersection": [
        7.613748487231617,
        4.19059538050005,
        2.035223244080861
      ],
      "high_plane_intersection": [
        -0.12401762939605465,
        3.237666189730568,
        10.82408885788903
      ],
      "penetration_segments": {
        "n1_to_low_plane": 0.17696519727225282,
        "low_plane_to_high_plane": 11.748415097187856,
        "high_plane_to_n2": 0.2856829645337738,
        "total_calculated": 12.211063258993882,
        "molecular_length": 12.211063258993883,
        "length_difference": 1.7763568394002505e-15
      },
      "penetration_parameters": {
        "t_low_plane": 0.17696519727225274,
        "t_high_plane": 11.925380294460108
      }
    },
    "molecule_1": {
      "formula": "C10H24N2",
      "n1_position": [
        3.7720402472559256,
        7.66038132951777,
        1.803219436924956
      ],
      "n2_position": [
        4.179555804197776,
        -0.43276549777702594,
        11.153618671400686
      ],
      "molecular_vector": [
        0.40751555694185004,
        -8.093146827294795,
        9.35039923447573
      ],
      "molecular_vector_length": 12.373158866731881,
      "low_plane_intersection": [
        3.7914951429365633,
        7.2740124545852956,
        2.2496098595242
      ],
      "high_plane_intersection": [
        4.154972785875095,
        0.055446481752194465,
        10.589564043816747
      ],
      "penetration_segments": {
        "n1_to_low_plane": 0.5906977313913283,
        "low_plane_to_high_plane": 11.036061185819822,
        "high_plane_to_n2": 0.7463999495207307,
        "total_calculated": 12.373158866731881,
        "molecular_length": 12.373158866731881,
        "length_difference": 0.0
      },
      "penetration_parameters": {
        "t_low_plane": 0.5906977313913282,
        "t_high_plane": 11.62675891721115
      }
    },
    "comparative_analysis": {
      "molecule_1": {
        "id": "molecule_0",
        "segments": {
          "n1_to_low_plane": 0.17696519727225282,
          "low_plane_to_high_plane": 11.748415097187856,
          "high_plane_to_n2": 0.2856829645337738,
          "total_calculated": 12.211063258993882,
          "molecular_length": 12.211063258993883,
          "length_difference": 1.7763568394002505e-15
        }
      },
      "molecule_2": {
        "id": "molecule_1",
        "segments": {
          "n1_to_low_plane": 0.5906977313913283,
          "low_plane_to_high_plane": 11.036061185819822,
          "high_plane_to_n2": 0.7463999495207307,
          "total_calculated": 12.373158866731881,
          "molecular_length": 12.373158866731881,
          "length_difference": 0.0
        }
      },
      "penetration_comparison": {
        "n1_to_low_diff": 0.4137325341190755,
        "low_to_high_diff": 0.7123539113680337,
        "high_to_n2_diff": 0.46071698498695696
      }
    },
    "plane_reference": {
      "plane_analysis": {
        "low_plane": {
          "normal_vector": [
            0.09616701657829499,
            0.05009121495153659,
            0.9941040061820035
          ],
          "center_position": [
            2.5219194884222715,
            2.687878211318835,
            2.603512808313571
          ],
          "angle_vs_z_axis_degrees": 10.909013307225596
        },
        "high_plane": {
          "normal_vector": [
            0.08121681246814938,
            0.03580103348146334,
            0.9960532693456573
          ],
          "center_position": [
            5.195624850524029,
            4.656248177483603,
            10.339344595921789
          ],
          "angle_vs_z_axis_degrees": 9.720393213138783
        }
      },
      "vector_analysis_results": {
        "angle_between_planes_degrees": 1.1902266110667632,
        "distance_between_plane_centers_angstrom": 8.418210862956625,
        "angle_between_low_plane_and_z": 10.909013307225596,
        "angle_between_high_plane_and_z": 9.720393213138783
      }
    }
  }
}