{
  "experiment": {
    "name": "CONTCAR",
    "file_path": "/home/dotempo/Documents/DION-JACOBSON/BULKS/MAPbI3/MAPbI3_n1_[NH3+]CCCCC[NH3+]/CONTCAR",
    "timestamp": "2025-08-06 13:16:13.221930"
  },
  "salt_structure_info": {
    "total_atoms": 50,
    "halogen_symbol": "I"
  },
  "vector_analysis": {
    "plane_analysis": {
      "low_plane": {
        "normal_vector": [
          -0.002290363342689942,
          0.001531954478244653,
          0.9999962036684114
        ],
        "center_position": [
          6.0865221148124995,
          6.517800769753052,
          4.7714318421182265
        ],
        "angle_vs_z_axis_degrees": 0.183269774123738
      },
      "high_plane": {
        "normal_vector": [
          0.004149833514492615,
          -0.000454456755685914,
          0.9999912861374639
        ],
        "center_position": [
          6.090674840145105,
          2.227820473424332,
          10.93190321760823
        ],
        "angle_vs_z_axis_degrees": 0.3432890623697363
      }
    },
    "vector_analysis_results": {
      "angle_between_planes_degrees": 0.38615043626031964,
      "distance_between_plane_centers_angstrom": 7.507020431319475,
      "angle_between_low_plane_and_z": 0.183269774123738,
      "angle_between_high_plane_and_z": 0.3432890623697363
    }
  }
}