{
  "experiment": {
    "name": "CONTCAR",
    "file_path": "/home/dotempo/Documents/DION-JACOBSON/BULKS/MAPbI3/MAPbI3_n2_[NH3+]CCCC1=CC=C(CCC[NH3+])C=C1/CONTCAR",
    "timestamp": "2025-08-06 13:15:45.678411"
  },
  "analysis_parameters": {
    "halogen_symbol": "I",
    "central_metal": "Pb",
    "total_spacer_molecules": 4,
    "analyzed_molecules": 2
  },
  "penetration_analysis": {
    "molecule_0": {
      "formula": "C12H22N2",
      "n1_position": [
        0.2887546743474583,
        4.148779441854536,
        4.792065407211005
      ],
      "n2_position": [
        7.413467370423919,
        6.453775543931487,
        14.00390634549722
      ],
      "molecular_vector": [
        7.124712696076461,
        2.3049961020769505,
        9.211840938286215
      ],
      "molecular_vector_length": 11.871501653308604,
      "low_plane_intersection": [
        0.7491125024133007,
        4.297714991190684,
        5.387281420506925
      ],
      "high_plane_intersection": [
        7.0837271330569145,
        6.347097563463947,
        13.577571313173694
      ],
      "penetration_segments": {
        "n1_to_low_plane": 0.7670679436669533,
        "low_plane_to_high_plane": 10.55500639375557,
        "high_plane_to_n2": 0.5494273158860814,
        "total_calculated": 11.871501653308604,
        "molecular_length": 11.871501653308604,
        "length_difference": 0.0
      },
      "penetration_parameters": {
        "t_low_plane": 0.7670679436669535,
        "t_high_plane": 11.322074337422523
      }
    },
    "molecule_3": {
      "formula": "C12H22N2",
      "n1_position": [
        5.586592063957662,
        7.874932106271677,
        4.492855775742222
      ],
      "n2_position": [
        3.2841776699318883,
        8.88804400122986,
        14.387930809968012
      ],
      "molecular_vector": [
        -2.3024143940257735,
        1.0131118949581825,
        9.89507503422579
      ],
      "molecular_vector_length": 10.2098000806324,
      "low_plane_intersection": [
        5.389173269694783,
        7.9618006253684115,
        5.341301558337386
      ],
      "high_plane_intersection": [
        3.3631136760705043,
        8.853310459358756,
        14.048687924034695
      ],
      "penetration_segments": {
        "n1_to_low_plane": 0.8754316454994006,
        "low_plane_to_high_plane": 8.98433551146382,
        "high_plane_to_n2": 0.35003292366917793,
        "total_calculated": 10.209800080632398,
        "molecular_length": 10.2098000806324,
        "length_difference": 1.7763568394002505e-15
      },
      "penetration_parameters": {
        "t_low_plane": 0.8754316454994008,
        "t_high_plane": 9.85976715696322
      }
    },
    "comparative_analysis": {
      "molecule_1": {
        "id": "molecule_0",
        "segments": {
          "n1_to_low_plane": 0.7670679436669533,
          "low_plane_to_high_plane": 10.55500639375557,
          "high_plane_to_n2": 0.5494273158860814,
          "total_calculated": 11.871501653308604,
          "molecular_length": 11.871501653308604,
          "length_difference": 0.0
        }
      },
      "molecule_2": {
        "id": "molecule_3",
        "segments": {
          "n1_to_low_plane": 0.8754316454994006,
          "low_plane_to_high_plane": 8.98433551146382,
          "high_plane_to_n2": 0.35003292366917793,
          "total_calculated": 10.209800080632398,
          "molecular_length": 10.2098000806324,
          "length_difference": 1.7763568394002505e-15
        }
      },
      "penetration_comparison": {
        "n1_to_low_diff": 0.10836370183244726,
        "low_to_high_diff": 1.5706708822917488,
        "high_to_n2_diff": 0.19939439221690347
      }
    },
    "plane_reference": {
      "plane_analysis": {
        "low_plane": {
          "normal_vector": [
            0.0511733460997335,
            -0.0522888433696092,
            0.9973199915313166
          ],
          "center_position": [
            2.8774873833010384,
            6.142095119731082,
            5.3747723352982515
          ],
          "angle_vs_z_axis_degrees": 9.403752881827067
        },
        "high_plane": {
          "normal_vector": [
            0.06223378006770206,
            -0.09438475658205166,
            0.993588684689712
          ],
          "center_position": [
            4.352069071547675,
            3.403979197105251,
            13.469091712669327
          ],
          "angle_vs_z_axis_degrees": 11.454251791094308
        }
      },
      "vector_analysis_results": {
        "angle_between_planes_degrees": 2.5031275019371453,
        "distance_between_plane_centers_angstrom": 8.671198080077186,
        "angle_between_low_plane_and_z": 9.403752881827067,
        "angle_between_high_plane_and_z": 11.454251791094308
      }
    }
  }
}