{
  "experiment": {
    "name": "CONTCAR",
    "file_path": "/home/dotempo/Documents/DION-JACOBSON/BULKS/MAPbCl3/MAPbCl3_n2_[NH3+]CCCC[NH3+]/CONTCAR",
    "timestamp": "2025-08-06 13:13:03.490160"
  },
  "salt_structure_info": {
    "total_atoms": 44,
    "halogen_symbol": "Cl"
  },
  "vector_analysis": {
    "plane_analysis": {
      "low_plane": {
        "normal_vector": [
          0.00795410034412503,
          0.013449412583794812,
          0.9998779153421014
        ],
        "center_position": [
          2.2569056030416608,
          5.990316715528896,
          4.632034407981408
        ],
        "angle_vs_z_axis_degrees": 0.48620589465835484
      },
      "high_plane": {
        "normal_vector": [
          0.01773508529101593,
          0.011035406404189499,
          0.999781819476237
        ],
        "center_position": [
          2.116083988658982,
          2.384732835767903,
          9.850985966123588
        ],
        "angle_vs_z_axis_degrees": 0.22371259511618508
      }
    },
    "vector_analysis_results": {
      "angle_between_planes_degrees": 0.5772537285709244,
      "distance_between_plane_centers_angstrom": 6.344881496710901,
      "angle_between_low_plane_and_z": 0.48620589465835484,
      "angle_between_high_plane_and_z": 0.22371259511618508
    }
  }
}