{
  "experiment": {
    "name": "CONTCAR",
    "file_path": "/home/dotempo/Documents/DION-JACOBSON/BULKS/MAPbCl3/MAPbCl3_n2_[NH3+]CCCC[NH3+]/CONTCAR",
    "timestamp": "2025-08-06 13:13:03.513804"
  },
  "analysis_parameters": {
    "halogen_symbol": "Cl",
    "central_metal": "Pb",
    "total_spacer_molecules": 4,
    "analyzed_molecules": 2
  },
  "penetration_analysis": {
    "molecule_1": {
      "formula": "C4H14N2",
      "n1_position": [
        7.7116563550497705,
        4.355130776636379,
        4.096406724371139
      ],
      "n2_position": [
        0.7070546281759744,
        4.008856207073496,
        10.293785336882879
      ],
      "molecular_vector": [
        -7.004601726873796,
        -0.34627456956288327,
        6.19737861251174
      ],
      "molecular_vector_length": 9.359051933634477,
      "low_plane_intersection": [
        7.124728675764645,
        4.326115832256422,
        4.615695784409701
      ],
      "high_plane_intersection": [
        1.2099337181739314,
        4.033716184445676,
        9.848858952977874
      ],
      "penetration_segments": {
        "n1_to_low_plane": 0.784211129469691,
        "low_plane_to_high_plane": 7.902929437445261,
        "high_plane_to_n2": 0.6719113667195264,
        "total_calculated": 9.359051933634479,
        "molecular_length": 9.359051933634477,
        "length_difference": 1.7763568394002505e-15
      },
      "penetration_parameters": {
        "t_low_plane": 0.7842111294696904,
        "t_high_plane": 8.687140566914952
      }
    },
    "molecule_3": {
      "formula": "C4H14N2",
      "n1_position": [
        4.603914385463421,
        7.543440992801002,
        4.146772271446925
      ],
      "n2_position": [
        3.4990227257466944,
        0.8755559563697165,
        10.2126788131105
      ],
      "molecular_vector": [
        -1.1048916597167264,
        -6.667885036431286,
        6.065906541663575
      ],
      "molecular_vector_length": 9.081668272458138,
      "low_plane_intersection": [
        4.521391280106035,
        7.045424219361485,
        4.599827953624939
      ],
      "high_plane_intersection": [
        3.5673888982255786,
        1.2881373841152275,
        9.837345350122384
      ],
      "penetration_segments": {
        "n1_to_low_plane": 0.6782995066331091,
        "low_plane_to_high_plane": 7.841432313458226,
        "high_plane_to_n2": 0.5619364523668035,
        "total_calculated": 9.081668272458138,
        "molecular_length": 9.081668272458138,
        "length_difference": 0.0
      },
      "penetration_parameters": {
        "t_low_plane": 0.678299506633109,
        "t_high_plane": 8.519731820091335
      }
    },
    "comparative_analysis": {
      "molecule_1": {
        "id": "molecule_1",
        "segments": {
          "n1_to_low_plane": 0.784211129469691,
          "low_plane_to_high_plane": 7.902929437445261,
          "high_plane_to_n2": 0.6719113667195264,
          "total_calculated": 9.359051933634479,
          "molecular_length": 9.359051933634477,
          "length_difference": 1.7763568394002505e-15
        }
      },
      "molecule_2": {
        "id": "molecule_3",
        "segments": {
          "n1_to_low_plane": 0.6782995066331091,
          "low_plane_to_high_plane": 7.841432313458226,
          "high_plane_to_n2": 0.5619364523668035,
          "total_calculated": 9.081668272458138,
          "molecular_length": 9.081668272458138,
          "length_difference": 0.0
        }
      },
      "penetration_comparison": {
        "n1_to_low_diff": 0.10591162283658184,
        "low_to_high_diff": 0.061497123987034996,
        "high_to_n2_diff": 0.109974914352723
      }
    },
    "plane_reference": {
      "plane_analysis": {
        "low_plane": {
          "normal_vector": [
            0.00795410034412503,
            0.013449412583794812,
            0.9998779153421014
          ],
          "center_position": [
            2.2569056030416608,
            5.990316715528896,
            4.632034407981408
          ],
          "angle_vs_z_axis_degrees": 0.48620589465835484
        },
        "high_plane": {
          "normal_vector": [
            0.01773508529101593,
            0.011035406404189499,
            0.999781819476237
          ],
          "center_position": [
            2.116083988658982,
            2.384732835767903,
            9.850985966123588
          ],
          "angle_vs_z_axis_degrees": 0.22371259511618508
        }
      },
      "vector_analysis_results": {
        "angle_between_planes_degrees": 0.5772537285709244,
        "distance_between_plane_centers_angstrom": 6.344881496710901,
        "angle_between_low_plane_and_z": 0.48620589465835484,
        "angle_between_high_plane_and_z": 0.22371259511618508
      }
    }
  }
}