{
  "experiment": {
    "name": "CONTCAR",
    "file_path": "/home/dotempo/Documents/DION-JACOBSON/BULKS/MAPbI3/MAPbI3_n1_[NH3+]CCC1=CC=C(CC[NH3+])C=C1/CONTCAR",
    "timestamp": "2025-08-06 13:15:37.010343"
  },
  "salt_structure_info": {
    "total_atoms": 64,
    "halogen_symbol": "I"
  },
  "vector_analysis": {
    "plane_analysis": {
      "low_plane": {
        "normal_vector": [
          0.024558598755893717,
          0.16076298452937984,
          0.9866874571171732
        ],
        "center_position": [
          6.510637607276536,
          2.1466338918578822,
          5.556469783438841
        ],
        "angle_vs_z_axis_degrees": 13.153398542221245
      },
      "high_plane": {
        "normal_vector": [
          0.019970792124430394,
          -0.16703920710958847,
          0.985747975270618
        ],
        "center_position": [
          5.533449460311019,
          2.1345131615270825,
          12.04285846511442
        ],
        "angle_vs_z_axis_degrees": 13.518106213215162
      }
    },
    "vector_analysis_results": {
      "angle_between_planes_degrees": 18.868748469987853,
      "distance_between_plane_centers_angstrom": 6.559594630496821,
      "angle_between_low_plane_and_z": 13.153398542221245,
      "angle_between_high_plane_and_z": 13.518106213215162
    }
  }
}