{
  "experiment": {
    "name": "CONTCAR",
    "file_path": "/home/dotempo/Documents/DION-JACOBSON/BULKS/MAPbCl3/MAPbCl3_n1_[NH3+]CCCCCC[NH3+]/CONTCAR",
    "timestamp": "2025-08-06 13:13:09.657997"
  },
  "analysis_parameters": {
    "halogen_symbol": "Cl",
    "central_metal": "Pb",
    "total_spacer_molecules": 2,
    "analyzed_molecules": 2
  },
  "penetration_analysis": {
    "molecule_0": {
      "formula": "C6H18N2",
      "n1_position": [
        7.574361529018853,
        3.5364948304314723,
        4.557736895490463
      ],
      "n2_position": [
        0.6807267271221313,
        6.978909481746221,
        12.63470736297485
      ],
      "molecular_vector": [
        -6.893634801896722,
        3.442414651314749,
        8.076970467484387
      ],
      "molecular_vector_length": 11.162879169198376,
      "low_plane_intersection": [
        6.918440236478549,
        3.8640365602209292,
        5.326251193257523
      ],
      "high_plane_intersection": [
        1.1841558094654694,
        6.7275164650346575,
        12.044861520047236
      ],
      "penetration_segments": {
        "n1_to_low_plane": 1.0621349032178584,
        "low_plane_to_high_plane": 9.285540360065328,
        "high_plane_to_n2": 0.8152039059151912,
        "total_calculated": 11.162879169198376,
        "molecular_length": 11.162879169198376,
        "length_difference": 0.0
      },
      "penetration_parameters": {
        "t_low_plane": 1.0621349032178589,
        "t_high_plane": 10.347675263283186
      }
    },
    "molecule_1": {
      "formula": "C6H18N2",
      "n1_position": [
        4.316788731426805,
        7.361946790532398,
        5.19927473238333
      ],
      "n2_position": [
        3.9679807600101342,
        3.280039488152165,
        12.333441380473358
      ],
      "molecular_vector": [
        -0.34880797141667097,
        -4.081907302380234,
        7.134166648090028
      ],
      "molecular_vector_length": 8.22678357493796,
      "low_plane_intersection": [
        4.322977881564058,
        7.434375000926133,
        5.072688094154058
      ],
      "high_plane_intersection": [
        3.9669102246411216,
        3.2675116031887548,
        12.355337031808935
      ],
      "penetration_segments": {
        "n1_to_low_plane": 0.14597372441110454,
        "low_plane_to_high_plane": 8.398006328935207,
        "high_plane_to_n2": 0.025249029586141915,
        "total_calculated": 8.569229082932454,
        "molecular_length": 8.22678357493796,
        "length_difference": 0.34244550799449414
      },
      "penetration_parameters": {
        "t_low_plane": -0.14597372441110493,
        "t_high_plane": 8.252032604524102
      }
    },
    "comparative_analysis": {
      "molecule_1": {
        "id": "molecule_0",
        "segments": {
          "n1_to_low_plane": 1.0621349032178584,
          "low_plane_to_high_plane": 9.285540360065328,
          "high_plane_to_n2": 0.8152039059151912,
          "total_calculated": 11.162879169198376,
          "molecular_length": 11.162879169198376,
          "length_difference": 0.0
        }
      },
      "molecule_2": {
        "id": "molecule_1",
        "segments": {
          "n1_to_low_plane": 0.14597372441110454,
          "low_plane_to_high_plane": 8.398006328935207,
          "high_plane_to_n2": 0.025249029586141915,
          "total_calculated": 8.569229082932454,
          "molecular_length": 8.22678357493796,
          "length_difference": 0.34244550799449414
        }
      },
      "penetration_comparison": {
        "n1_to_low_diff": 0.9161611788067539,
        "low_to_high_diff": 0.8875340311301212,
        "high_to_n2_diff": 0.7899548763290493
      }
    },
    "plane_reference": {
      "plane_analysis": {
        "low_plane": {
          "normal_vector": [
            -0.1447119393795683,
            -0.034970658506418985,
            0.9888556556164462
          ],
          "center_position": [
            5.966336126827494,
            6.021265445987272,
            5.263207495059042
          ],
          "angle_vs_z_axis_degrees": 14.20295181161895
        },
        "high_plane": {
          "normal_vector": [
            -0.10292996270826177,
            0.0064714099188158845,
            0.9946675543268406
          ],
          "center_position": [
            2.314141123484222,
            4.5308129506320975,
            12.176086384653352
          ],
          "angle_vs_z_axis_degrees": 10.836697513628577
        }
      },
      "vector_analysis_results": {
        "angle_between_planes_degrees": 3.388683940034416,
        "distance_between_plane_centers_angstrom": 7.959137611924717,
        "angle_between_low_plane_and_z": 14.20295181161895,
        "angle_between_high_plane_and_z": 10.836697513628577
      }
    }
  }
}