{
  "experiment": {
    "name": "CONTCAR",
    "file_path": "/home/dotempo/Documents/DION-JACOBSON/BULKS/MAPbBr3/MAPbBr3_n2_[NH3+]CCCCCCCCC[NH3+]/CONTCAR",
    "timestamp": "2025-08-06 13:14:23.351311"
  },
  "salt_structure_info": {
    "total_atoms": 74,
    "halogen_symbol": "Br"
  },
  "vector_analysis": {
    "plane_analysis": {
      "low_plane": {
        "normal_vector": [
          0.014639977269067,
          -0.006903247040046693,
          0.9998689995423726
        ],
        "center_position": [
          1.8466576597989357,
          2.0207786979239817,
          3.469040679386446
        ],
        "angle_vs_z_axis_degrees": 0.4365055830949326
      },
      "high_plane": {
        "normal_vector": [
          0.000780715506353323,
          -0.02033290258826153,
          0.9997929603451079
        ],
        "center_position": [
          5.792514331960661,
          5.727070308715311,
          14.842712212501848
        ],
        "angle_vs_z_axis_degrees": 0.6696486613042923
      }
    },
    "vector_analysis_results": {
      "angle_between_planes_degrees": 1.1057523259440285,
      "distance_between_plane_centers_angstrom": 12.596300509461699,
      "angle_between_low_plane_and_z": 0.4365055830949326,
      "angle_between_high_plane_and_z": 0.6696486613042923
    }
  }
}