{
  "experiment": {
    "name": "CONTCAR",
    "file_path": "/home/dotempo/Documents/DION-JACOBSON/BULKS/MAPbI3/MAPbI3_n1_[NH3+]CCC[NH3+]/CONTCAR",
    "timestamp": "2025-08-06 13:16:15.923283"
  },
  "salt_structure_info": {
    "total_atoms": 38,
    "halogen_symbol": "I"
  },
  "vector_analysis": {
    "plane_analysis": {
      "low_plane": {
        "normal_vector": [
          -0.002072392898237221,
          0.002328035304382683,
          0.9999951427078517
        ],
        "center_position": [
          6.013742746112797,
          6.484837461177033,
          4.756618451579473
        ],
        "angle_vs_z_axis_degrees": 0.19161925035340402
      },
      "high_plane": {
        "normal_vector": [
          -0.002081104378423084,
          0.0023060291531784094,
          0.999995175605418
        ],
        "center_position": [
          6.029668600610683,
          6.541356479992139,
          8.848450194612381
        ],
        "angle_vs_z_axis_degrees": 0.1928676207972866
      }
    },
    "vector_analysis_results": {
      "angle_between_planes_degrees": 0.0013560616128189076,
      "distance_between_plane_centers_angstrom": 4.092253052490894,
      "angle_between_low_plane_and_z": 0.19161925035340402,
      "angle_between_high_plane_and_z": 0.1928676207972866
    }
  }
}