{
  "experiment": {
    "name": "CONTCAR",
    "file_path": "/home/dotempo/Documents/DION-JACOBSON/BULKS/MAPbBr3/MAPbBr3_n3_[NH3+]C1=CC=C([NH3+])C=C1/CONTCAR",
    "timestamp": "2025-08-06 13:15:12.459445"
  },
  "analysis_parameters": {
    "halogen_symbol": "Br",
    "central_metal": "Pb",
    "total_spacer_molecules": 6,
    "analyzed_molecules": 2
  },
  "penetration_analysis": {
    "molecule_1": {
      "formula": "C6H10N2",
      "n1_position": [
        3.995581565115144,
        7.678255312249061,
        3.4137322303203113
      ],
      "n2_position": [
        4.135786127459062,
        1.0324782702979824,
        8.690792440589789
      ],
      "molecular_vector": [
        0.14020456234391832,
        -6.645777041951079,
        5.277060210269477
      ],
      "molecular_vector_length": 8.48724774431826,
      "low_plane_intersection": [
        3.9977841398249065,
        7.573852001867373,
        3.496633379660385
      ],
      "high_plane_intersection": [
        4.130723623985599,
        1.2724438519900367,
        8.500248458300316
      ],
      "penetration_segments": {
        "n1_to_low_plane": 0.13333230334735977,
        "low_plane_to_high_plane": 8.047458072769457,
        "high_plane_to_n2": 0.3064573682014445,
        "total_calculated": 8.48724774431826,
        "molecular_length": 8.48724774431826,
        "length_difference": 0.0
      },
      "penetration_parameters": {
        "t_low_plane": 0.13333230334736007,
        "t_high_plane": 8.180790376116816
      }
    },
    "molecule_5": {
      "formula": "C6H10N2",
      "n1_position": [
        7.747893596241396,
        3.537673704185583,
        3.354992185051866
      ],
      "n2_position": [
        0.16546549213014813,
        5.326422740530725,
        8.614807396322387
      ],
      "molecular_vector": [
        -7.582428104111248,
        1.7887490363451417,
        5.259815211270521
      ],
      "molecular_vector_length": 9.399919953156756,
      "low_plane_intersection": [
        7.5736466323691864,
        3.5787798095693564,
        3.475864657366614
      ],
      "high_plane_intersection": [
        0.20103975153108777,
        5.318030518230902,
        8.590130072890162
      ],
      "penetration_segments": {
        "n1_to_low_plane": 0.2160135895771018,
        "low_plane_to_high_plane": 9.13980503005295,
        "high_plane_to_n2": 0.04410133352670472,
        "total_calculated": 9.399919953156756,
        "molecular_length": 9.399919953156756,
        "length_difference": 0.0
      },
      "penetration_parameters": {
        "t_low_plane": 0.21601358957710207,
        "t_high_plane": 9.355818619630051
      }
    },
    "comparative_analysis": {
      "molecule_1": {
        "id": "molecule_1",
        "segments": {
          "n1_to_low_plane": 0.13333230334735977,
          "low_plane_to_high_plane": 8.047458072769457,
          "high_plane_to_n2": 0.3064573682014445,
          "total_calculated": 8.48724774431826,
          "molecular_length": 8.48724774431826,
          "length_difference": 0.0
        }
      },
      "molecule_2": {
        "id": "molecule_5",
        "segments": {
          "n1_to_low_plane": 0.2160135895771018,
          "low_plane_to_high_plane": 9.13980503005295,
          "high_plane_to_n2": 0.04410133352670472,
          "total_calculated": 9.399919953156756,
          "molecular_length": 9.399919953156756,
          "length_difference": 0.0
        }
      },
      "penetration_comparison": {
        "n1_to_low_diff": 0.08268128622974202,
        "low_to_high_diff": 1.0923469572834925,
        "high_to_n2_diff": 0.2623560346747398
      }
    },
    "plane_reference": {
      "plane_analysis": {
        "low_plane": {
          "normal_vector": [
            0.01734108568300147,
            0.010323929967329488,
            0.9997963308681246
          ],
          "center_position": [
            5.828834487508331,
            2.2727449393453503,
            3.519613917180237
          ],
          "angle_vs_z_axis_degrees": 0.27771745990840685
        },
        "high_plane": {
          "normal_vector": [
            0.023496153581816767,
            0.0006119438552876155,
            0.9997237399859912
          ],
          "center_position": [
            6.0961545560794175,
            2.334414827642628,
            8.453405583839185
          ],
          "angle_vs_z_axis_degrees": 0.9365297874502105
        }
      },
      "vector_analysis_results": {
        "angle_between_planes_degrees": 0.6588124287817044,
        "distance_between_plane_centers_angstrom": 4.941413097907999,
        "angle_between_low_plane_and_z": 0.27771745990840685,
        "angle_between_high_plane_and_z": 0.9365297874502105
      }
    }
  }
}