{
  "experiment": {
    "name": "CONTCAR",
    "file_path": "/home/dotempo/Documents/DION-JACOBSON/BULKS/MAPbI3/MAPbI3_n1_[NH3+]CC1=CC=C(C[NH3+])C=C1/CONTCAR",
    "timestamp": "2025-08-06 13:15:28.571878"
  },
  "analysis_parameters": {
    "halogen_symbol": "I",
    "central_metal": "Pb",
    "total_spacer_molecules": 2,
    "analyzed_molecules": 2
  },
  "penetration_analysis": {
    "molecule_0": {
      "formula": "C8H14N2",
      "n1_position": [
        8.086476717246116,
        3.5890278974577274,
        4.013781334398345
      ],
      "n2_position": [
        0.8747774380271207,
        5.062879179861612,
        11.086919181441804
      ],
      "molecular_vector": [
        -7.211699279218996,
        1.473851282403885,
        7.0731378470434585
      ],
      "molecular_vector_length": 10.208335961350896,
      "low_plane_intersection": [
        7.426860887379124,
        3.7238332462532266,
        4.660723685999903
      ],
      "high_plane_intersection": [
        1.5379825153452789,
        4.927340298405647,
        10.43645654412029
      ],
      "penetration_segments": {
        "n1_to_low_plane": 0.9337022712678543,
        "low_plane_to_high_plane": 8.335850751636578,
        "high_plane_to_n2": 0.9387829384464642,
        "total_calculated": 10.208335961350896,
        "molecular_length": 10.208335961350896,
        "length_difference": 0.0
      },
      "penetration_parameters": {
        "t_low_plane": 0.9337022712678547,
        "t_high_plane": 9.26955302290443
      }
    },
    "molecule_1": {
      "formula": "C8H14N2",
      "n1_position": [
        3.761699003252838,
        0.7805275270669684,
        4.03591943194235
      ],
      "n2_position": [
        5.202219640532694,
        7.8791555373271365,
        11.060173249884173
      ],
      "molecular_vector": [
        1.4405206372798558,
        7.098628010260168,
        7.024253817941823
      ],
      "molecular_vector_length": 10.08988409414844,
      "low_plane_intersection": [
        3.8924664636195323,
        1.424926179169905,
        4.673566549916169
      ],
      "high_plane_intersection": [
        5.078883030024119,
        7.271374784043398,
        10.458760375374583
      ],
      "penetration_segments": {
        "n1_to_low_plane": 0.9159386434598955,
        "low_plane_to_high_plane": 8.310054943054746,
        "high_plane_to_n2": 0.8638905076337975,
        "total_calculated": 10.08988409414844,
        "molecular_length": 10.08988409414844,
        "length_difference": 0.0
      },
      "penetration_parameters": {
        "t_low_plane": 0.9159386434598954,
        "t_high_plane": 9.225993586514642
      }
    },
    "comparative_analysis": {
      "molecule_1": {
        "id": "molecule_0",
        "segments": {
          "n1_to_low_plane": 0.9337022712678543,
          "low_plane_to_high_plane": 8.335850751636578,
          "high_plane_to_n2": 0.9387829384464642,
          "total_calculated": 10.208335961350896,
          "molecular_length": 10.208335961350896,
          "length_difference": 0.0
        }
      },
      "molecule_2": {
        "id": "molecule_1",
        "segments": {
          "n1_to_low_plane": 0.9159386434598955,
          "low_plane_to_high_plane": 8.310054943054746,
          "high_plane_to_n2": 0.8638905076337975,
          "total_calculated": 10.08988409414844,
          "molecular_length": 10.08988409414844,
          "length_difference": 0.0
        }
      },
      "penetration_comparison": {
        "n1_to_low_diff": 0.017763627807958815,
        "low_to_high_diff": 0.02579580858183128,
        "high_to_n2_diff": 0.07489243081266672
      }
    },
    "plane_reference": {
      "plane_analysis": {
        "low_plane": {
          "normal_vector": [
            -2.9485082297406896e-05,
            0.005631750991064212,
            0.9999841411299505
          ],
          "center_position": [
            2.4342504217537058,
            2.1859005272234224,
            4.669237867609332
          ],
          "angle_vs_z_axis_degrees": 0.5641934758600602
        },
        "high_plane": {
          "normal_vector": [
            -0.002795364893076751,
            -0.005292295334868401,
            0.9999820886121926
          ],
          "center_position": [
            2.202694166897943,
            6.471212700842745,
            10.446485464079984
          ],
          "angle_vs_z_axis_degrees": 0.34588687077887603
        }
      },
      "vector_analysis_results": {
        "angle_between_planes_degrees": 0.6456556305070507,
        "distance_between_plane_centers_angstrom": 7.196812385734307,
        "angle_between_low_plane_and_z": 0.5641934758600602,
        "angle_between_high_plane_and_z": 0.34588687077887603
      }
    }
  }
}