{
  "experiment": {
    "name": "CONTCAR",
    "file_path": "/home/dotempo/Documents/DION-JACOBSON/BULKS/MAPbBr3/MAPbBr3_n1_[NH3+]CCCCCCC[NH3+]/CONTCAR",
    "timestamp": "2025-08-06 13:14:54.341248"
  },
  "salt_structure_info": {
    "total_atoms": 62,
    "halogen_symbol": "Br"
  },
  "vector_analysis": {
    "plane_analysis": {
      "low_plane": {
        "normal_vector": [
          0.0016837511025076443,
          0.0038804742953914223,
          0.999991053410713
        ],
        "center_position": [
          5.68929031051068,
          5.572091351656954,
          3.0889919554846696
        ],
        "angle_vs_z_axis_degrees": 0.009015854766828224
      },
      "high_plane": {
        "normal_vector": [
          0.0011925565682715652,
          0.0034088023901705016,
          0.9999934789162859
        ],
        "center_position": [
          5.707114462804374,
          5.631824721110358,
          12.188013328450879
        ],
        "angle_vs_z_axis_degrees": 0.04803391631798472
      }
    },
    "vector_analysis_results": {
      "angle_between_planes_degrees": 0.03901806229133774,
      "distance_between_plane_centers_angstrom": 9.099234897590408,
      "angle_between_low_plane_and_z": 0.009015854766828224,
      "angle_between_high_plane_and_z": 0.04803391631798472
    }
  }
}