{
  "experiment": {
    "name": "CONTCAR",
    "file_path": "/home/dotempo/Documents/DION-JACOBSON/BULKS/MAPbCl3/MAPbCl3_n3_[NH3+]CCC1CCC(CC[NH3+])CC1/CONTCAR",
    "timestamp": "2025-08-06 13:13:11.881708"
  },
  "analysis_parameters": {
    "halogen_symbol": "Cl",
    "central_metal": "Pb",
    "total_spacer_molecules": 6,
    "analyzed_molecules": 2
  },
  "penetration_analysis": {
    "molecule_1": {
      "formula": "C10H24N2",
      "n1_position": [
        7.121070245272796,
        3.984268113284219,
        4.219629147299731
      ],
      "n2_position": [
        2.0625186755688225,
        4.113210212216998,
        12.778571550851098
      ],
      "molecular_vector": [
        -5.058551569703974,
        0.1289420989327792,
        8.558942403551367
      ],
      "molecular_vector_length": 9.942890179195453,
      "low_plane_intersection": [
        6.799871523997731,
        3.9924554445242078,
        4.763089329054587
      ],
      "high_plane_intersection": [
        2.231148515812423,
        4.108911850276017,
        12.493254089859095
      ],
      "penetration_segments": {
        "n1_to_low_plane": 0.6313355843722035,
        "low_plane_to_high_plane": 8.980102407497714,
        "high_plane_to_n2": 0.33145218732553416,
        "total_calculated": 9.942890179195452,
        "molecular_length": 9.942890179195453,
        "length_difference": 1.7763568394002505e-15
      },
      "penetration_parameters": {
        "t_low_plane": 0.6313355843722034,
        "t_high_plane": 9.611437991869918
      }
    },
    "molecule_4": {
      "formula": "C10H24N2",
      "n1_position": [
        4.120106373734783,
        0.02616984184437452,
        4.19933804523013
      ],
      "n2_position": [
        4.921343692824659,
        0.8935778843599557,
        12.832315258308919
      ],
      "molecular_vector": [
        0.8012373190898758,
        0.8674080425155811,
        8.632977213078789
      ],
      "molecular_vector_length": 8.7133617803498,
      "low_plane_intersection": [
        4.186919967616283,
        0.09850128135846653,
        4.919224924885302
      ],
      "high_plane_intersection": [
        4.876652384857488,
        0.8451957146361352,
        12.350786210533746
      ],
      "penetration_segments": {
        "n1_to_low_plane": 0.7265899895878029,
        "low_plane_to_high_plane": 7.5007590633501895,
        "high_plane_to_n2": 0.48601272741180895,
        "total_calculated": 8.713361780349802,
        "molecular_length": 8.7133617803498,
        "length_difference": 1.7763568394002505e-15
      },
      "penetration_parameters": {
        "t_low_plane": 0.7265899895878029,
        "t_high_plane": 8.227349052937992
      }
    },
    "comparative_analysis": {
      "molecule_1": {
        "id": "molecule_1",
        "segments": {
          "n1_to_low_plane": 0.6313355843722035,
          "low_plane_to_high_plane": 8.980102407497714,
          "high_plane_to_n2": 0.33145218732553416,
          "total_calculated": 9.942890179195452,
          "molecular_length": 9.942890179195453,
          "length_difference": 1.7763568394002505e-15
        }
      },
      "molecule_2": {
        "id": "molecule_4",
        "segments": {
          "n1_to_low_plane": 0.7265899895878029,
          "low_plane_to_high_plane": 7.5007590633501895,
          "high_plane_to_n2": 0.48601272741180895,
          "total_calculated": 8.713361780349802,
          "molecular_length": 8.7133617803498,
          "length_difference": 1.7763568394002505e-15
        }
      },
      "penetration_comparison": {
        "n1_to_low_diff": 0.09525440521559936,
        "low_to_high_diff": 1.4793433441475248,
        "high_to_n2_diff": 0.1545605400862748
      }
    },
    "plane_reference": {
      "plane_analysis": {
        "low_plane": {
          "normal_vector": [
            0.02444276378938445,
            0.023671933590993136,
            0.9994209277668745
          ],
          "center_position": [
            5.621879302577479,
            2.720613640617796,
            4.822023796702604
          ],
          "angle_vs_z_axis_degrees": 1.9836158045372592
        },
        "high_plane": {
          "normal_vector": [
            -0.00275077870411524,
            -0.04583572656978021,
            0.998945203395232
          ],
          "center_position": [
            3.4672414221603636,
            2.4738802046030455,
            12.421635901836613
          ],
          "angle_vs_z_axis_degrees": 3.748660886152438
        }
      },
      "vector_analysis_results": {
        "angle_between_planes_degrees": 4.277512026734075,
        "distance_between_plane_centers_angstrom": 7.903002336623428,
        "angle_between_low_plane_and_z": 1.9836158045372592,
        "angle_between_high_plane_and_z": 3.748660886152438
      }
    }
  }
}