{
  "experiment": {
    "name": "CONTCAR",
    "file_path": "/home/dotempo/Documents/DION-JACOBSON/BULKS/MAPbBr3/MAPbBr3_n1_[NH3+]CCCC[NH3+]/CONTCAR",
    "timestamp": "2025-08-06 13:14:56.916924"
  },
  "analysis_parameters": {
    "halogen_symbol": "Br",
    "central_metal": "Pb",
    "total_spacer_molecules": 2,
    "analyzed_molecules": 2
  },
  "penetration_analysis": {
    "molecule_0": {
      "formula": "C4H14N2",
      "n1_position": [
        7.54621824681416,
        3.5541994889724373,
        3.1255264059163594
      ],
      "n2_position": [
        1.4142470209488816,
        5.355264497734223,
        8.456557430573673
      ],
      "molecular_vector": [
        -6.1319712258652785,
        1.8010650087617854,
        5.331031024657314
      ],
      "molecular_vector_length": 8.322547570695203,
      "low_plane_intersection": [
        7.317701108470962,
        3.6213188877126417,
        3.3241953019860064
      ],
      "high_plane_intersection": [
        1.9215598618968581,
        5.206258024502118,
        8.015508313628564
      ],
      "penetration_segments": {
        "n1_to_low_plane": 0.3101522633632442,
        "low_plane_to_high_plane": 7.323850776300132,
        "high_plane_to_n2": 0.6885445310318263,
        "total_calculated": 8.322547570695203,
        "molecular_length": 8.322547570695203,
        "length_difference": 0.0
      },
      "penetration_parameters": {
        "t_low_plane": 0.3101522633632439,
        "t_high_plane": 7.6340030396633765
      }
    },
    "molecule_1": {
      "formula": "C4H14N2",
      "n1_position": [
        3.3902954567444494,
        7.369021931115349,
        3.2171994902588597
      ],
      "n2_position": [
        5.563254325693099,
        1.543919564100435,
        8.368397799077218
      ],
      "molecular_vector": [
        2.1729588689486494,
        -5.825102367014914,
        5.151198308818358
      ],
      "molecular_vector_length": 8.073934099874638,
      "low_plane_intersection": [
        3.4398054676207255,
        7.236299270936389,
        3.334567512240264
      ],
      "high_plane_intersection": [
        5.406156509996931,
        1.965055403872399,
        7.995983017510413
      ],
      "penetration_segments": {
        "n1_to_low_plane": 0.1839614043373669,
        "low_plane_to_high_plane": 7.306253680285586,
        "high_plane_to_n2": 0.5837190152516839,
        "total_calculated": 8.073934099874638,
        "molecular_length": 8.073934099874638,
        "length_difference": 0.0
      },
      "penetration_parameters": {
        "t_low_plane": 0.18396140433736702,
        "t_high_plane": 7.490215084622955
      }
    },
    "comparative_analysis": {
      "molecule_1": {
        "id": "molecule_0",
        "segments": {
          "n1_to_low_plane": 0.3101522633632442,
          "low_plane_to_high_plane": 7.323850776300132,
          "high_plane_to_n2": 0.6885445310318263,
          "total_calculated": 8.322547570695203,
          "molecular_length": 8.322547570695203,
          "length_difference": 0.0
        }
      },
      "molecule_2": {
        "id": "molecule_1",
        "segments": {
          "n1_to_low_plane": 0.1839614043373669,
          "low_plane_to_high_plane": 7.306253680285586,
          "high_plane_to_n2": 0.5837190152516839,
          "total_calculated": 8.073934099874638,
          "molecular_length": 8.073934099874638,
          "length_difference": 0.0
        }
      },
      "penetration_comparison": {
        "n1_to_low_diff": 0.1261908590258773,
        "low_to_high_diff": 0.017597096014545954,
        "high_to_n2_diff": 0.10482551578014243
      }
    },
    "plane_reference": {
      "plane_analysis": {
        "low_plane": {
          "normal_vector": [
            0.0634344878179085,
            0.06519070265230126,
            0.9958545265464123
          ],
          "center_position": [
            6.191981793860272,
            2.203213057800521,
            3.4887341369949723
          ],
          "angle_vs_z_axis_degrees": 0.1253000159134475
        },
        "high_plane": {
          "normal_vector": [
            -0.03741033679023084,
            -0.046233045722592916,
            0.9982299194997383
          ],
          "center_position": [
            2.7395670784234425,
            2.7060626672776373,
            7.9303678874214745
          ],
          "angle_vs_z_axis_degrees": 8.614306847756847
        }
      },
      "vector_analysis_results": {
        "angle_between_planes_degrees": 8.619774281801089,
        "distance_between_plane_centers_angstrom": 5.6480204912910725,
        "angle_between_low_plane_and_z": 0.1253000159134475,
        "angle_between_high_plane_and_z": 8.614306847756847
      }
    }
  }
}