{
  "experiment": {
    "name": "CONTCAR",
    "file_path": "/home/dotempo/Documents/DION-JACOBSON/BULKS/MAPbBr3/MAPbBr3_n1_[NH3+]CCCC[NH3+]/CONTCAR",
    "timestamp": "2025-08-06 13:14:56.880073"
  },
  "salt_structure_info": {
    "total_atoms": 44,
    "halogen_symbol": "Br"
  },
  "vector_analysis": {
    "plane_analysis": {
      "low_plane": {
        "normal_vector": [
          0.0634344878179085,
          0.06519070265230126,
          0.9958545265464123
        ],
        "center_position": [
          6.191981793860272,
          2.203213057800521,
          3.4887341369949723
        ],
        "angle_vs_z_axis_degrees": 0.1253000159134475
      },
      "high_plane": {
        "normal_vector": [
          -0.03741033679023084,
          -0.046233045722592916,
          0.9982299194997383
        ],
        "center_position": [
          2.7395670784234425,
          2.7060626672776373,
          7.9303678874214745
        ],
        "angle_vs_z_axis_degrees": 8.614306847756847
      }
    },
    "vector_analysis_results": {
      "angle_between_planes_degrees": 8.619774281801089,
      "distance_between_plane_centers_angstrom": 5.6480204912910725,
      "angle_between_low_plane_and_z": 0.1253000159134475,
      "angle_between_high_plane_and_z": 8.614306847756847
    }
  }
}