{
  "experiment": {
    "name": "CONTCAR",
    "file_path": "/home/dotempo/Documents/DION-JACOBSON/BULKS/MAPbI3/MAPbI3_n1_CC(C)(CCCC[NH3+])C(C)(C)CCCC[NH3+]/CONTCAR",
    "timestamp": "2025-08-06 13:15:19.455935"
  },
  "analysis_parameters": {
    "halogen_symbol": "I",
    "central_metal": "Pb",
    "total_spacer_molecules": 2,
    "analyzed_molecules": 2
  },
  "penetration_analysis": {
    "molecule_0": {
      "formula": "C14H34N2",
      "n1_position": [
        3.5956452962504537,
        0.7718444033621784,
        4.562061194995484
      ],
      "n2_position": [
        8.644833808531976,
        7.602795782615097,
        17.271307335821838
      ],
      "molecular_vector": [
        5.049188512281522,
        6.830951379252919,
        12.709246140826355
      ],
      "molecular_vector_length": 15.286632685008907,
      "low_plane_intersection": [
        3.9791483177990288,
        1.2906783679928968,
        5.5273716176022045
      ],
      "high_plane_intersection": [
        8.577127714008611,
        7.511197491395977,
        17.100885213843537
      ],
      "penetration_segments": {
        "n1_to_low_plane": 1.1610716870135462,
        "low_plane_to_high_plane": 13.920577921012269,
        "high_plane_to_n2": 0.20498307698309254,
        "total_calculated": 15.286632685008907,
        "molecular_length": 15.286632685008907,
        "length_difference": 0.0
      },
      "penetration_parameters": {
        "t_low_plane": 1.1610716870135458,
        "t_high_plane": 15.081649608025815
      }
    },
    "molecule_1": {
      "formula": "C14H34N2",
      "n1_position": [
        9.041152676367759,
        4.008808520575798,
        5.344359230259757
      ],
      "n2_position": [
        4.421079006051246,
        4.896452140781313,
        16.638654619653362
      ],
      "molecular_vector": [
        -4.620073670316512,
        0.8876436202055151,
        11.294295389393605
      ],
      "molecular_vector_length": 12.234954035815626,
      "low_plane_intersection": [
        9.066853808553427,
        4.003870623986996,
        5.281529890413559
      ],
      "high_plane_intersection": [
        4.3629991406415,
        4.907610885353848,
        16.780637454327287
      ],
      "penetration_segments": {
        "n1_to_low_plane": 0.06806215515141988,
        "low_plane_to_high_plane": 12.456824232656981,
        "high_plane_to_n2": 0.1538080416899342,
        "total_calculated": 12.678694429498336,
        "molecular_length": 12.234954035815626,
        "length_difference": 0.44374039368270957
      },
      "penetration_parameters": {
        "t_low_plane": -0.06806215515142024,
        "t_high_plane": 12.388762077505561
      }
    },
    "comparative_analysis": {
      "molecule_1": {
        "id": "molecule_0",
        "segments": {
          "n1_to_low_plane": 1.1610716870135462,
          "low_plane_to_high_plane": 13.920577921012269,
          "high_plane_to_n2": 0.20498307698309254,
          "total_calculated": 15.286632685008907,
          "molecular_length": 15.286632685008907,
          "length_difference": 0.0
        }
      },
      "molecule_2": {
        "id": "molecule_1",
        "segments": {
          "n1_to_low_plane": 0.06806215515141988,
          "low_plane_to_high_plane": 12.456824232656981,
          "high_plane_to_n2": 0.1538080416899342,
          "total_calculated": 12.678694429498336,
          "molecular_length": 12.234954035815626,
          "length_difference": 0.44374039368270957
        }
      },
      "penetration_comparison": {
        "n1_to_low_diff": 1.0930095318621265,
        "low_to_high_diff": 1.463753688355288,
        "high_to_n2_diff": 0.05117503529315834
      }
    },
    "plane_reference": {
      "plane_analysis": {
        "low_plane": {
          "normal_vector": [
            -0.025575867189562708,
            0.137676176715329,
            0.9901470322040821
          ],
          "center_position": [
            6.394299800346824,
            2.295717876037619,
            5.450008962497718
          ],
          "angle_vs_z_axis_degrees": 13.028490944368173
        },
        "high_plane": {
          "normal_vector": [
            0.010462844148424232,
            -0.13874115407522483,
            0.9902734072256006
          ],
          "center_position": [
            5.637269738882979,
            2.036121940509885,
            16.364867241989934
          ],
          "angle_vs_z_axis_degrees": 10.927025682752904
        }
      },
      "vector_analysis_results": {
        "angle_between_planes_degrees": 16.023756241674846,
        "distance_between_plane_centers_angstrom": 10.944158982082737,
        "angle_between_low_plane_and_z": 13.028490944368173,
        "angle_between_high_plane_and_z": 10.927025682752904
      }
    }
  }
}