{
  "experiment": {
    "name": "CONTCAR",
    "file_path": "/home/dotempo/Documents/DION-JACOBSON/BULKS/MAPbI3/MAPbI3_n1_CC(C)(CCCC[NH3+])C(C)(C)CCCC[NH3+]/CONTCAR",
    "timestamp": "2025-08-06 13:15:19.429304"
  },
  "salt_structure_info": {
    "total_atoms": 104,
    "halogen_symbol": "I"
  },
  "vector_analysis": {
    "plane_analysis": {
      "low_plane": {
        "normal_vector": [
          -0.025575867189562708,
          0.137676176715329,
          0.9901470322040821
        ],
        "center_position": [
          6.394299800346824,
          2.295717876037619,
          5.450008962497718
        ],
        "angle_vs_z_axis_degrees": 13.028490944368173
      },
      "high_plane": {
        "normal_vector": [
          0.010462844148424232,
          -0.13874115407522483,
          0.9902734072256006
        ],
        "center_position": [
          5.637269738882979,
          2.036121940509885,
          16.364867241989934
        ],
        "angle_vs_z_axis_degrees": 10.927025682752904
      }
    },
    "vector_analysis_results": {
      "angle_between_planes_degrees": 16.023756241674846,
      "distance_between_plane_centers_angstrom": 10.944158982082737,
      "angle_between_low_plane_and_z": 13.028490944368173,
      "angle_between_high_plane_and_z": 10.927025682752904
    }
  }
}