dihedral,ideal_angle,extracted_angle,error
N1-C1-C2-C3,179.51208390561942,179.94540277230803,0.43331886668860875
C1-C2-C3-N2,180.47452043154126,180.13343926490114,0.341081166640123
