dihedral,ideal_angle,extracted_angle,error
N1-C1-C2-C3,179.51208390561942,188.86449817393594,9.352414268316522
C1-C2-C3-N2,180.47452043154126,171.34697993578249,9.12754049575878
