{
  "experiment": {
    "name": "CONTCAR",
    "file_path": "/home/dotempo/Documents/DION-JACOBSON/BULKS/MAPbCl3/MAPbCl3_n1_[NH3+]CCCCCCCCC[NH3+]/CONTCAR",
    "timestamp": "2025-08-06 13:13:22.938186"
  },
  "analysis_parameters": {
    "halogen_symbol": "Cl",
    "central_metal": "Pb",
    "total_spacer_molecules": 2,
    "analyzed_molecules": 2
  },
  "penetration_analysis": {
    "molecule_0": {
      "formula": "C9H24N2",
      "n1_position": [
        0.8276503432284056,
        3.2686867526489247,
        3.8368774105457852
      ],
      "n2_position": [
        2.5270277784298325,
        2.1514234844999365,
        13.12896163977967
      ],
      "molecular_vector": [
        1.699377435201427,
        -1.1172632681489882,
        9.292084229233884
      ],
      "molecular_vector_length": 9.512044480594264,
      "low_plane_intersection": [
        0.8304726791607719,
        3.266831195312284,
        3.852309758100543
      ],
      "high_plane_intersection": [
        2.6288447177590255,
        2.084483483984761,
        13.68568997841241
      ],
      "penetration_segments": {
        "n1_to_low_plane": 0.015797658820076225,
        "low_plane_to_high_plane": 10.06615391581681,
        "high_plane_to_n2": 0.569907094042624,
        "total_calculated": 10.65185866867951,
        "molecular_length": 9.512044480594264,
        "length_difference": 1.1398141880852464
      },
      "penetration_parameters": {
        "t_low_plane": 0.015797658820076017,
        "t_high_plane": 10.081951574636888
      }
    },
    "molecule_1": {
      "formula": "C9H24N2",
      "n1_position": [
        4.8253786310704525,
        0.7753183381643467,
        3.1645342001615018
      ],
      "n2_position": [
        -1.0549330723450314,
        -0.9424898353430152,
        14.06320539610481
      ],
      "molecular_vector": [
        -5.880311703415484,
        -1.717808173507362,
        10.898671195943308
      ],
      "molecular_vector_length": 12.502398349419929,
      "low_plane_intersection": [
        4.2050032148583885,
        0.5940888363348555,
        4.314348703262517
      ],
      "high_plane_intersection": [
        -0.414544437826895,
        -0.7554138968417416,
        12.876298048798981
      ],
      "penetration_segments": {
        "n1_to_low_plane": 1.31900840820485,
        "low_plane_to_high_plane": 9.82183051868711,
        "high_plane_to_n2": 1.3615594225279681,
        "total_calculated": 12.502398349419927,
        "molecular_length": 12.502398349419929,
        "length_difference": 1.7763568394002505e-15
      },
      "penetration_parameters": {
        "t_low_plane": 1.31900840820485,
        "t_high_plane": 11.140838926891961
      }
    },
    "comparative_analysis": {
      "molecule_1": {
        "id": "molecule_0",
        "segments": {
          "n1_to_low_plane": 0.015797658820076225,
          "low_plane_to_high_plane": 10.06615391581681,
          "high_plane_to_n2": 0.569907094042624,
          "total_calculated": 10.65185866867951,
          "molecular_length": 9.512044480594264,
          "length_difference": 1.1398141880852464
        }
      },
      "molecule_2": {
        "id": "molecule_1",
        "segments": {
          "n1_to_low_plane": 1.31900840820485,
          "low_plane_to_high_plane": 9.82183051868711,
          "high_plane_to_n2": 1.3615594225279681,
          "total_calculated": 12.502398349419927,
          "molecular_length": 12.502398349419929,
          "length_difference": 1.7763568394002505e-15
        }
      },
      "penetration_comparison": {
        "n1_to_low_diff": 1.3032107493847738,
        "low_to_high_diff": 0.2443233971297012,
        "high_to_n2_diff": 0.7916523284853442
      }
    },
    "plane_reference": {
      "plane_analysis": {
        "low_plane": {
          "normal_vector": [
            -0.0010891774911272638,
            0.1690086487583702,
            0.985613966184156
          ],
          "center_position": [
            2.0737057373315606,
            1.9414034911383076,
            4.080962003811953
          ],
          "angle_vs_z_axis_degrees": 19.49370771384781
        },
        "high_plane": {
          "normal_vector": [
            0.006563132186461847,
            -0.2805854518571169,
            0.9598066104700678
          ],
          "center_position": [
            1.448614262740993,
            0.6657575041002346,
            13.279016532550857
          ],
          "angle_vs_z_axis_degrees": 18.244219802592085
        }
      },
      "vector_analysis_results": {
        "angle_between_planes_degrees": 26.029230837880675,
        "distance_between_plane_centers_angstrom": 9.307105841748358,
        "angle_between_low_plane_and_z": 19.49370771384781,
        "angle_between_high_plane_and_z": 18.244219802592085
      }
    }
  }
}