{
  "experiment": {
    "name": "CONTCAR",
    "file_path": "/home/dotempo/Documents/DION-JACOBSON/BULKS/MAPbCl3/MAPbCl3_n3_CC(C)(CCC[NH3+])C(C)(C)CCC[NH3+]/CONTCAR",
    "timestamp": "2025-08-06 13:13:28.364139"
  },
  "analysis_parameters": {
    "halogen_symbol": "Cl",
    "central_metal": "Pb",
    "total_spacer_molecules": 6,
    "analyzed_molecules": 2
  },
  "penetration_analysis": {
    "molecule_0": {
      "formula": "C12H30N2",
      "n1_position": [
        1.4853791041750646,
        4.400771183895976,
        3.8271558381649378
      ],
      "n2_position": [
        5.420787879685414,
        2.5927773601162305,
        13.623382820433623
      ],
      "molecular_vector": [
        3.9354087755103495,
        -1.807993823779746,
        9.796226982268685
      ],
      "molecular_vector_length": 10.710851832852446,
      "low_plane_intersection": [
        1.6067498281740231,
        4.34501140596812,
        4.129278242499388
      ],
      "high_plane_intersection": [
        5.353321620405072,
        2.623772508790859,
        13.45544225129437
      ],
      "penetration_segments": {
        "n1_to_low_plane": 0.3303300662661881,
        "low_plane_to_high_plane": 10.196901424179812,
        "high_plane_to_n2": 0.1836203424064468,
        "total_calculated": 10.710851832852446,
        "molecular_length": 10.710851832852446,
        "length_difference": 0.0
      },
      "penetration_parameters": {
        "t_low_plane": 0.3303300662661882,
        "t_high_plane": 10.527231490446
      }
    },
    "molecule_4": {
      "formula": "C12H30N2",
      "n1_position": [
        5.8605764992639315,
        0.08907654857793777,
        3.8647915125134875
      ],
      "n2_position": [
        1.3326173565294386,
        -0.3055460609987157,
        14.147181418801244
      ],
      "molecular_vector": [
        -4.527959142734493,
        -0.39462260957665346,
        10.282389906287756
      ],
      "molecular_vector_length": 11.242138728337695,
      "low_plane_intersection": [
        6.006115257917834,
        0.10176060400425621,
        3.534292447530144
      ],
      "high_plane_intersection": [
        1.3686116514567788,
        -0.3024090709892341,
        14.065443186812402
      ],
      "penetration_segments": {
        "n1_to_low_plane": 0.36134754390675083,
        "low_plane_to_high_plane": 11.51411866881738,
        "high_plane_to_n2": 0.08936760342706795,
        "total_calculated": 11.964833816151199,
        "molecular_length": 11.242138728337695,
        "length_difference": 0.7226950878135039
      },
      "penetration_parameters": {
        "t_low_plane": -0.36134754390675083,
        "t_high_plane": 11.152771124910627
      }
    },
    "comparative_analysis": {
      "molecule_1": {
        "id": "molecule_0",
        "segments": {
          "n1_to_low_plane": 0.3303300662661881,
          "low_plane_to_high_plane": 10.196901424179812,
          "high_plane_to_n2": 0.1836203424064468,
          "total_calculated": 10.710851832852446,
          "molecular_length": 10.710851832852446,
          "length_difference": 0.0
        }
      },
      "molecule_2": {
        "id": "molecule_4",
        "segments": {
          "n1_to_low_plane": 0.36134754390675083,
          "low_plane_to_high_plane": 11.51411866881738,
          "high_plane_to_n2": 0.08936760342706795,
          "total_calculated": 11.964833816151199,
          "molecular_length": 11.242138728337695,
          "length_difference": 0.7226950878135039
        }
      },
      "penetration_comparison": {
        "n1_to_low_diff": 0.03101747764056273,
        "low_to_high_diff": 1.3172172446375683,
        "high_to_n2_diff": 0.09425273897937886
      }
    },
    "plane_reference": {
      "plane_analysis": {
        "low_plane": {
          "normal_vector": [
            0.030210799711570303,
            -0.10801231346195446,
            0.9936904184510305
          ],
          "center_position": [
            2.9049002424418653,
            6.2572036605709815,
            4.297662825802073
          ],
          "angle_vs_z_axis_degrees": 7.437784433769248
        },
        "high_plane": {
          "normal_vector": [
            0.06082158981406345,
            0.12365096664893227,
            0.9904600813052864
          ],
          "center_position": [
            4.211872221278217,
            5.062607137163105,
            13.22106683674764
          ],
          "angle_vs_z_axis_degrees": 11.83663938301129
        }
      },
      "vector_analysis_results": {
        "angle_between_planes_degrees": 13.420639164374474,
        "distance_between_plane_centers_angstrom": 9.097382906625457,
        "angle_between_low_plane_and_z": 7.437784433769248,
        "angle_between_high_plane_and_z": 11.83663938301129
      }
    }
  }
}