{
  "experiment": {
    "name": "CONTCAR",
    "file_path": "/home/dotempo/Documents/DION-JACOBSON/BULKS/MAPbCl3/MAPbCl3_n3_CC(C)(CCC[NH3+])C(C)(C)CCC[NH3+]/CONTCAR",
    "timestamp": "2025-08-06 13:13:28.336594"
  },
  "salt_structure_info": {
    "total_atoms": 92,
    "halogen_symbol": "Cl"
  },
  "vector_analysis": {
    "plane_analysis": {
      "low_plane": {
        "normal_vector": [
          0.030210799711570303,
          -0.10801231346195446,
          0.9936904184510305
        ],
        "center_position": [
          2.9049002424418653,
          6.2572036605709815,
          4.297662825802073
        ],
        "angle_vs_z_axis_degrees": 7.437784433769248
      },
      "high_plane": {
        "normal_vector": [
          0.06082158981406345,
          0.12365096664893227,
          0.9904600813052864
        ],
        "center_position": [
          4.211872221278217,
          5.062607137163105,
          13.22106683674764
        ],
        "angle_vs_z_axis_degrees": 11.83663938301129
      }
    },
    "vector_analysis_results": {
      "angle_between_planes_degrees": 13.420639164374474,
      "distance_between_plane_centers_angstrom": 9.097382906625457,
      "angle_between_low_plane_and_z": 7.437784433769248,
      "angle_between_high_plane_and_z": 11.83663938301129
    }
  }
}