{
  "experiment": {
    "name": "CONTCAR",
    "file_path": "/home/dotempo/Documents/DION-JACOBSON/BULKS/MAPbI3/MAPbI3_n2_[NH3+]CCCCCCCCC[NH3+]/CONTCAR",
    "timestamp": "2025-08-06 13:16:18.890701"
  },
  "salt_structure_info": {
    "total_atoms": 74,
    "halogen_symbol": "I"
  },
  "vector_analysis": {
    "plane_analysis": {
      "low_plane": {
        "normal_vector": [
          -0.024785594422323597,
          -0.16815586334853358,
          0.9854487708301439
        ],
        "center_position": [
          5.466389865827463,
          6.5044158245425665,
          6.076567978397585
        ],
        "angle_vs_z_axis_degrees": 15.314334497986998
      },
      "high_plane": {
        "normal_vector": [
          0.026366421427789725,
          0.15663369030722796,
          0.9873047649443568
        ],
        "center_position": [
          6.516376097235494,
          6.203940880453777,
          13.462180877276218
        ],
        "angle_vs_z_axis_degrees": 12.966078031500391
      }
    },
    "vector_analysis_results": {
      "angle_between_planes_degrees": 18.92465497120309,
      "distance_between_plane_centers_angstrom": 7.465924870386391,
      "angle_between_low_plane_and_z": 15.314334497986998,
      "angle_between_high_plane_and_z": 12.966078031500391
    }
  }
}