{
  "experiment": {
    "name": "CONTCAR",
    "file_path": "/home/dotempo/Documents/DION-JACOBSON/BULKS/MAPbI3/MAPbI3_n2_[NH3+]CCCCCCCCC[NH3+]/CONTCAR",
    "timestamp": "2025-08-06 13:16:18.916945"
  },
  "analysis_parameters": {
    "halogen_symbol": "I",
    "central_metal": "Pb",
    "total_spacer_molecules": 4,
    "analyzed_molecules": 2
  },
  "penetration_analysis": {
    "molecule_0": {
      "formula": "C9H24N2",
      "n1_position": [
        2.5470404802046582,
        8.342631515030712,
        5.136977610315509
      ],
      "n2_position": [
        9.615769575987311,
        7.421391119467975,
        14.509217651752007
      ],
      "molecular_vector": [
        7.068729095782653,
        -0.9212403955627373,
        9.372240041436498
      ],
      "molecular_vector_length": 11.775164469776481,
      "low_plane_intersection": [
        3.438854797448439,
        8.226404769988758,
        6.319410511667641
      ],
      "high_plane_intersection": [
        8.62248904765335,
        7.550841567268144,
        13.192253397797948
      ],
      "penetration_segments": {
        "n1_to_low_plane": 1.485593820296806,
        "low_plane_to_high_plane": 8.63495333040078,
        "high_plane_to_n2": 1.6546173190788944,
        "total_calculated": 11.775164469776481,
        "molecular_length": 11.775164469776481,
        "length_difference": 0.0
      },
      "penetration_parameters": {
        "t_low_plane": 1.4855938202968058,
        "t_high_plane": 10.120547150697586
      }
    },
    "molecule_1": {
      "formula": "C9H24N2",
      "n1_position": [
        8.287899176574065,
        4.785714516362099,
        5.926195155700009
      ],
      "n2_position": [
        5.210752848233716,
        4.965719636113656,
        13.869757554454393
      ],
      "molecular_vector": [
        -3.0771463283403486,
        0.18000511975155664,
        7.943562398754384
      ],
      "molecular_vector_length": 8.520646392854228,
      "low_plane_intersection": [
        8.315603826080428,
        4.784093865856747,
        5.85467642093509
      ],
      "high_plane_intersection": [
        5.279499049429971,
        4.961698160740572,
        13.692291265688628
      ],
      "penetration_segments": {
        "n1_to_low_plane": 0.07671442846496229,
        "low_plane_to_high_plane": 8.407001959977286,
        "high_plane_to_n2": 0.1903588613419044,
        "total_calculated": 8.674075249784153,
        "molecular_length": 8.520646392854228,
        "length_difference": 0.15342885692992425
      },
      "penetration_parameters": {
        "t_low_plane": -0.07671442846496199,
        "t_high_plane": 8.330287531512324
      }
    },
    "comparative_analysis": {
      "molecule_1": {
        "id": "molecule_0",
        "segments": {
          "n1_to_low_plane": 1.485593820296806,
          "low_plane_to_high_plane": 8.63495333040078,
          "high_plane_to_n2": 1.6546173190788944,
          "total_calculated": 11.775164469776481,
          "molecular_length": 11.775164469776481,
          "length_difference": 0.0
        }
      },
      "molecule_2": {
        "id": "molecule_1",
        "segments": {
          "n1_to_low_plane": 0.07671442846496229,
          "low_plane_to_high_plane": 8.407001959977286,
          "high_plane_to_n2": 0.1903588613419044,
          "total_calculated": 8.674075249784153,
          "molecular_length": 8.520646392854228,
          "length_difference": 0.15342885692992425
        }
      },
      "penetration_comparison": {
        "n1_to_low_diff": 1.4088793918318436,
        "low_to_high_diff": 0.22795137042349367,
        "high_to_n2_diff": 1.46425845773699
      }
    },
    "plane_reference": {
      "plane_analysis": {
        "low_plane": {
          "normal_vector": [
            -0.024785594422323597,
            -0.16815586334853358,
            0.9854487708301439
          ],
          "center_position": [
            5.466389865827463,
            6.5044158245425665,
            6.076567978397585
          ],
          "angle_vs_z_axis_degrees": 15.314334497986998
        },
        "high_plane": {
          "normal_vector": [
            0.026366421427789725,
            0.15663369030722796,
            0.9873047649443568
          ],
          "center_position": [
            6.516376097235494,
            6.203940880453777,
            13.462180877276218
          ],
          "angle_vs_z_axis_degrees": 12.966078031500391
        }
      },
      "vector_analysis_results": {
        "angle_between_planes_degrees": 18.92465497120309,
        "distance_between_plane_centers_angstrom": 7.465924870386391,
        "angle_between_low_plane_and_z": 15.314334497986998,
        "angle_between_high_plane_and_z": 12.966078031500391
      }
    }
  }
}