{
  "experiment": {
    "name": "CONTCAR",
    "file_path": "/home/dotempo/Documents/DION-JACOBSON/BULKS/MAPbBr3/MAPbBr3_n3_[NH3+]CCCCC[NH3+]/CONTCAR",
    "timestamp": "2025-08-06 13:15:07.383641"
  },
  "salt_structure_info": {
    "total_atoms": 50,
    "halogen_symbol": "Br"
  },
  "vector_analysis": {
    "plane_analysis": {
      "low_plane": {
        "normal_vector": [
          0.030177093153972954,
          0.018928594333072188,
          0.999365324276038
        ],
        "center_position": [
          2.316939345482361,
          2.2819298818080322,
          3.8074701507534376
        ],
        "angle_vs_z_axis_degrees": 5.101261068883223
      },
      "high_plane": {
        "normal_vector": [
          0.048805914335854496,
          0.04651310578083085,
          0.9977246682910383
        ],
        "center_position": [
          5.146803703159831,
          5.021414711454169,
          8.806539690453533
        ],
        "angle_vs_z_axis_degrees": 6.985042732825237
      }
    },
    "vector_analysis_results": {
      "angle_between_planes_degrees": 1.9095341629726228,
      "distance_between_plane_centers_angstrom": 6.364244313150774,
      "angle_between_low_plane_and_z": 5.101261068883223,
      "angle_between_high_plane_and_z": 6.985042732825237
    }
  }
}