{
  "experiment": {
    "name": "CONTCAR",
    "file_path": "/home/dotempo/Documents/DION-JACOBSON/BULKS/MAPbBr3/MAPbBr3_n3_CC(C)(CCC[NH3+])CCC[NH3+]/CONTCAR",
    "timestamp": "2025-08-06 13:14:49.773190"
  },
  "salt_structure_info": {
    "total_atoms": 74,
    "halogen_symbol": "Br"
  },
  "vector_analysis": {
    "plane_analysis": {
      "low_plane": {
        "normal_vector": [
          0.03731550727615201,
          0.03761860798286309,
          0.9985952099074755
        ],
        "center_position": [
          2.188364413452601,
          2.0350877968353682,
          3.6473759526172027
        ],
        "angle_vs_z_axis_degrees": 5.087597722270112
      },
      "high_plane": {
        "normal_vector": [
          0.018736426805087518,
          0.028205629584163883,
          0.9994265299512209
        ],
        "center_position": [
          5.394253226323776,
          5.439286168115385,
          11.619045293208305
        ],
        "angle_vs_z_axis_degrees": 3.9716897938592823
      }
    },
    "vector_analysis_results": {
      "angle_between_planes_degrees": 1.1943019283568135,
      "distance_between_plane_centers_angstrom": 9.241958759226218,
      "angle_between_low_plane_and_z": 5.087597722270112,
      "angle_between_high_plane_and_z": 3.9716897938592823
    }
  }
}