{
  "experiment": {
    "name": "CONTCAR",
    "file_path": "/home/dotempo/Documents/DION-JACOBSON/BULKS/MAPbBr3/MAPbBr3_n3_CC(C)(CCC[NH3+])CCC[NH3+]/CONTCAR",
    "timestamp": "2025-08-06 13:14:49.800325"
  },
  "analysis_parameters": {
    "halogen_symbol": "Br",
    "central_metal": "Pb",
    "total_spacer_molecules": 6,
    "analyzed_molecules": 2
  },
  "penetration_analysis": {
    "molecule_2": {
      "formula": "C9H24N2",
      "n1_position": [
        0.7987667196110648,
        4.718165744921767,
        3.069092395967449
      ],
      "n2_position": [
        7.120093685542832,
        3.2751449752981796,
        12.61862015993358
      ],
      "molecular_vector": [
        6.3213269659317675,
        -1.4430207696235873,
        9.54952776396613
      ],
      "molecular_vector_length": 11.542745083667972,
      "low_plane_intersection": [
        1.142482691979468,
        4.639702901652931,
        3.5883386299845283
      ],
      "high_plane_intersection": [
        6.482627725532795,
        3.4206645197198045,
        11.655610507607857
      ],
      "penetration_segments": {
        "n1_to_low_plane": 0.6276254766784937,
        "low_plane_to_high_plane": 9.751106557899089,
        "high_plane_to_n2": 1.1640130490903886,
        "total_calculated": 11.542745083667972,
        "molecular_length": 11.542745083667972,
        "length_difference": 0.0
      },
      "penetration_parameters": {
        "t_low_plane": 0.6276254766784937,
        "t_high_plane": 10.378732034577583
      }
    },
    "molecule_4": {
      "formula": "C9H24N2",
      "n1_position": [
        5.0816956553103685,
        0.8032620571589419,
        2.876298583247178
      ],
      "n2_position": [
        3.546251648276431,
        7.2400840245713995,
        12.334353210850836
      ],
      "molecular_vector": [
        -1.5354440070339375,
        6.436821967412458,
        9.458054627603659
      ],
      "molecular_vector_length": 11.543182519462949,
      "low_plane_intersection": [
        4.96874631690236,
        1.2767633892419081,
        3.572045877137935
      ],
      "high_plane_intersection": [
        3.6631138350609223,
        6.750179418732103,
        11.614503485660233
      ],
      "penetration_segments": {
        "n1_to_low_plane": 0.8491321225153725,
        "low_plane_to_high_plane": 9.815502207956445,
        "high_plane_to_n2": 0.8785481889911309,
        "total_calculated": 11.543182519462949,
        "molecular_length": 11.543182519462949,
        "length_difference": 0.0
      },
      "penetration_parameters": {
        "t_low_plane": 0.8491321225153725,
        "t_high_plane": 10.664634330471817
      }
    },
    "comparative_analysis": {
      "molecule_1": {
        "id": "molecule_2",
        "segments": {
          "n1_to_low_plane": 0.6276254766784937,
          "low_plane_to_high_plane": 9.751106557899089,
          "high_plane_to_n2": 1.1640130490903886,
          "total_calculated": 11.542745083667972,
          "molecular_length": 11.542745083667972,
          "length_difference": 0.0
        }
      },
      "molecule_2": {
        "id": "molecule_4",
        "segments": {
          "n1_to_low_plane": 0.8491321225153725,
          "low_plane_to_high_plane": 9.815502207956445,
          "high_plane_to_n2": 0.8785481889911309,
          "total_calculated": 11.543182519462949,
          "molecular_length": 11.543182519462949,
          "length_difference": 0.0
        }
      },
      "penetration_comparison": {
        "n1_to_low_diff": 0.22150664583687885,
        "low_to_high_diff": 0.06439565005735659,
        "high_to_n2_diff": 0.28546486009925776
      }
    },
    "plane_reference": {
      "plane_analysis": {
        "low_plane": {
          "normal_vector": [
            0.03731550727615201,
            0.03761860798286309,
            0.9985952099074755
          ],
          "center_position": [
            2.188364413452601,
            2.0350877968353682,
            3.6473759526172027
          ],
          "angle_vs_z_axis_degrees": 5.087597722270112
        },
        "high_plane": {
          "normal_vector": [
            0.018736426805087518,
            0.028205629584163883,
            0.9994265299512209
          ],
          "center_position": [
            5.394253226323776,
            5.439286168115385,
            11.619045293208305
          ],
          "angle_vs_z_axis_degrees": 3.9716897938592823
        }
      },
      "vector_analysis_results": {
        "angle_between_planes_degrees": 1.1943019283568135,
        "distance_between_plane_centers_angstrom": 9.241958759226218,
        "angle_between_low_plane_and_z": 5.087597722270112,
        "angle_between_high_plane_and_z": 3.9716897938592823
      }
    }
  }
}