{
  "experiment": {
    "name": "CONTCAR",
    "file_path": "/home/dotempo/Documents/DION-JACOBSON/BULKS/MAPbCl3/MAPbCl3_n3_CC(C)(CC[NH3+])CC[NH3+]/CONTCAR",
    "timestamp": "2025-08-06 13:13:43.806606"
  },
  "analysis_parameters": {
    "halogen_symbol": "Cl",
    "central_metal": "Pb",
    "total_spacer_molecules": 6,
    "analyzed_molecules": 2
  },
  "penetration_analysis": {
    "molecule_1": {
      "formula": "C7H20N2",
      "n1_position": [
        0.5733636282809895,
        3.242361924078447,
        4.172973849155388
      ],
      "n2_position": [
        0.4820519149805268,
        3.736966879485432,
        11.532815161919626
      ],
      "molecular_vector": [
        -0.09131171330046273,
        0.4946049554069849,
        7.359841312764238
      ],
      "molecular_vector_length": 7.377007254976115,
      "low_plane_intersection": [
        0.5663000190444647,
        3.280623128530363,
        4.742309821476208
      ],
      "high_plane_intersection": [
        0.4868184919044117,
        3.711147929411366,
        11.148622942796091
      ],
      "penetration_segments": {
        "n1_to_low_plane": 0.5706638798102183,
        "low_plane_to_high_plane": 6.42125507402762,
        "high_plane_to_n2": 0.38508830113827663,
        "total_calculated": 7.377007254976115,
        "molecular_length": 7.377007254976115,
        "length_difference": 0.0
      },
      "penetration_parameters": {
        "t_low_plane": 0.570663879810218,
        "t_high_plane": 6.991918953837838
      }
    },
    "molecule_2": {
      "formula": "C7H20N2",
      "n1_position": [
        3.691935026047468,
        0.5926722958237185,
        4.29749671442266
      ],
      "n2_position": [
        3.548462633466766,
        1.2566735840224128,
        11.647341246551099
      ],
      "molecular_vector": [
        -0.1434723925807022,
        0.6640012881986943,
        7.349844532128438
      ],
      "molecular_vector_length": 7.381171769077093,
      "low_plane_intersection": [
        3.682620857699637,
        0.6357789846452673,
        4.774645579589343
      ],
      "high_plane_intersection": [
        3.5575913933652688,
        1.2144249797910933,
        11.179690538158646
      ],
      "penetration_segments": {
        "n1_to_low_plane": 0.4791826164240757,
        "low_plane_to_high_plane": 6.432345176989811,
        "high_plane_to_n2": 0.4696439756632063,
        "total_calculated": 7.381171769077094,
        "molecular_length": 7.381171769077093,
        "length_difference": 8.881784197001252e-16
      },
      "penetration_parameters": {
        "t_low_plane": 0.4791826164240761,
        "t_high_plane": 6.911527793413886
      }
    },
    "comparative_analysis": {
      "molecule_1": {
        "id": "molecule_1",
        "segments": {
          "n1_to_low_plane": 0.5706638798102183,
          "low_plane_to_high_plane": 6.42125507402762,
          "high_plane_to_n2": 0.38508830113827663,
          "total_calculated": 7.377007254976115,
          "molecular_length": 7.377007254976115,
          "length_difference": 0.0
        }
      },
      "molecule_2": {
        "id": "molecule_2",
        "segments": {
          "n1_to_low_plane": 0.4791826164240757,
          "low_plane_to_high_plane": 6.432345176989811,
          "high_plane_to_n2": 0.4696439756632063,
          "total_calculated": 7.381171769077094,
          "molecular_length": 7.381171769077093,
          "length_difference": 8.881784197001252e-16
        }
      },
      "penetration_comparison": {
        "n1_to_low_diff": 0.09148126338614254,
        "low_to_high_diff": 0.01109010296219104,
        "high_to_n2_diff": 0.08455567452492968
      }
    },
    "plane_reference": {
      "plane_analysis": {
        "low_plane": {
          "normal_vector": [
            -0.005015155961772653,
            0.006316391611999471,
            0.9999674751749094
          ],
          "center_position": [
            2.070148901633437,
            1.9700895637534537,
            4.758130215936692
          ],
          "angle_vs_z_axis_degrees": 0.27419200271498856
        },
        "high_plane": {
          "normal_vector": [
            -0.002021010445172149,
            0.009957022949738476,
            0.9999483852733393
          ],
          "center_position": [
            2.0721545827595005,
            2.441364930240395,
            11.164471000051893
          ],
          "angle_vs_z_axis_degrees": 0.004113652073390434
        }
      },
      "vector_analysis_results": {
        "angle_between_planes_degrees": 0.2700784086354292,
        "distance_between_plane_centers_angstrom": 6.423652133796782,
        "angle_between_low_plane_and_z": 0.27419200271498856,
        "angle_between_high_plane_and_z": 0.004113652073390434
      }
    }
  }
}