{
  "experiment": {
    "name": "CONTCAR",
    "file_path": "/home/dotempo/Documents/DION-JACOBSON/BULKS/MAPbBr3/MAPbBr3_n2_CC(C)(C[NH3+])C(C)(C)C[NH3+]/CONTCAR",
    "timestamp": "2025-08-06 13:14:36.965244"
  },
  "analysis_parameters": {
    "halogen_symbol": "Br",
    "central_metal": "Pb",
    "total_spacer_molecules": 4,
    "analyzed_molecules": 2
  },
  "penetration_analysis": {
    "molecule_1": {
      "formula": "C8H22N2",
      "n1_position": [
        0.7068745777015987,
        4.445213363567068,
        2.740267020398825
      ],
      "n2_position": [
        8.389560186601651,
        4.401739819446342,
        9.145907820975387
      ],
      "molecular_vector": [
        7.682685608900052,
        -0.043473544120725904,
        6.4056408005765615
      ],
      "molecular_vector_length": 10.002888691785465,
      "low_plane_intersection": [
        1.3941476981594645,
        4.441324333109984,
        3.313299025827299
      ],
      "high_plane_intersection": [
        7.466285190061763,
        4.406964299314572,
        8.376103056201883
      ],
      "penetration_segments": {
        "n1_to_low_plane": 0.8948324680671612,
        "low_plane_to_high_plane": 7.9059483291041746,
        "high_plane_to_n2": 1.2021078946141288,
        "total_calculated": 10.002888691785465,
        "molecular_length": 10.002888691785465,
        "length_difference": 0.0
      },
      "penetration_parameters": {
        "t_low_plane": 0.8948324680671613,
        "t_high_plane": 8.800780797171337
      }
    },
    "molecule_2": {
      "formula": "C8H22N2",
      "n1_position": [
        4.595319246108724,
        0.07873210048280574,
        2.7628702876906717
      ],
      "n2_position": [
        4.2455181235300685,
        8.703932637946538,
        9.132137763943204
      ],
      "molecular_vector": [
        -0.3498011225786559,
        8.625200537463732,
        6.369267476252532
      ],
      "molecular_vector_length": 10.727721720890706,
      "low_plane_intersection": [
        4.567598484826467,
        0.7622551359380983,
        3.267616933300256
      ],
      "high_plane_intersection": [
        4.2850822059315,
        7.728383610895148,
        8.411744926408632
      ],
      "penetration_segments": {
        "n1_to_low_plane": 0.8501419627675206,
        "low_plane_to_high_plane": 8.66422611587032,
        "high_plane_to_n2": 1.213353642252865,
        "total_calculated": 10.727721720890706,
        "molecular_length": 10.727721720890706,
        "length_difference": 0.0
      },
      "penetration_parameters": {
        "t_low_plane": 0.8501419627675206,
        "t_high_plane": 9.514368078637842
      }
    },
    "comparative_analysis": {
      "molecule_1": {
        "id": "molecule_1",
        "segments": {
          "n1_to_low_plane": 0.8948324680671612,
          "low_plane_to_high_plane": 7.9059483291041746,
          "high_plane_to_n2": 1.2021078946141288,
          "total_calculated": 10.002888691785465,
          "molecular_length": 10.002888691785465,
          "length_difference": 0.0
        }
      },
      "molecule_2": {
        "id": "molecule_2",
        "segments": {
          "n1_to_low_plane": 0.8501419627675206,
          "low_plane_to_high_plane": 8.66422611587032,
          "high_plane_to_n2": 1.213353642252865,
          "total_calculated": 10.727721720890706,
          "molecular_length": 10.727721720890706,
          "length_difference": 0.0
        }
      },
      "penetration_comparison": {
        "n1_to_low_diff": 0.04469050529964058,
        "low_to_high_diff": 0.7582777867661461,
        "high_to_n2_diff": 0.011245747638736203
      }
    },
    "plane_reference": {
      "plane_analysis": {
        "low_plane": {
          "normal_vector": [
            0.004468996904581791,
            -0.008561355791669403,
            0.9999533645394044
          ],
          "center_position": [
            5.940062394902154,
            6.380464695730245,
            3.3095848444808844
          ],
          "angle_vs_z_axis_degrees": 1.5808827928069678
        },
        "high_plane": {
          "normal_vector": [
            -0.0013027579988228804,
            -0.011977897699378157,
            0.9999274137597688
          ],
          "center_position": [
            2.767263606891492,
            2.6032766829987555,
            8.34837496982036
          ],
          "angle_vs_z_axis_degrees": 1.9499116827338818
        }
      },
      "vector_analysis_results": {
        "angle_between_planes_degrees": 0.38429520707462167,
        "distance_between_plane_centers_angstrom": 7.051468454154993,
        "angle_between_low_plane_and_z": 1.5808827928069678,
        "angle_between_high_plane_and_z": 1.9499116827338818
      }
    }
  }
}