{
  "experiment": {
    "name": "CONTCAR",
    "file_path": "/home/dotempo/Documents/DION-JACOBSON/BULKS/MAPbBr3/MAPbBr3_n2_CC(C)(C[NH3+])C(C)(C)C[NH3+]/CONTCAR",
    "timestamp": "2025-08-06 13:14:36.938195"
  },
  "salt_structure_info": {
    "total_atoms": 68,
    "halogen_symbol": "Br"
  },
  "vector_analysis": {
    "plane_analysis": {
      "low_plane": {
        "normal_vector": [
          0.004468996904581791,
          -0.008561355791669403,
          0.9999533645394044
        ],
        "center_position": [
          5.940062394902154,
          6.380464695730245,
          3.3095848444808844
        ],
        "angle_vs_z_axis_degrees": 1.5808827928069678
      },
      "high_plane": {
        "normal_vector": [
          -0.0013027579988228804,
          -0.011977897699378157,
          0.9999274137597688
        ],
        "center_position": [
          2.767263606891492,
          2.6032766829987555,
          8.34837496982036
        ],
        "angle_vs_z_axis_degrees": 1.9499116827338818
      }
    },
    "vector_analysis_results": {
      "angle_between_planes_degrees": 0.38429520707462167,
      "distance_between_plane_centers_angstrom": 7.051468454154993,
      "angle_between_low_plane_and_z": 1.5808827928069678,
      "angle_between_high_plane_and_z": 1.9499116827338818
    }
  }
}