{
  "experiment": {
    "name": "CONTCAR",
    "file_path": "/home/dotempo/Documents/DION-JACOBSON/BULKS/MAPbBr3/MAPbBr3_n2_[NH3+]CCCC1CCC(CCC[NH3+])CC1/CONTCAR",
    "timestamp": "2025-08-06 13:15:03.165028"
  },
  "analysis_parameters": {
    "halogen_symbol": "Br",
    "central_metal": "Pb",
    "total_spacer_molecules": 4,
    "analyzed_molecules": 2
  },
  "penetration_analysis": {
    "molecule_1": {
      "formula": "C12H28N2",
      "n1_position": [
        7.79160779414878,
        5.179207467996243,
        2.7626156712998426
      ],
      "n2_position": [
        0.6246422255280982,
        2.9440558686629803,
        14.334347534217445
      ],
      "molecular_vector": [
        -7.1669655686206815,
        -2.235151599333263,
        11.571731862917602
      ],
      "molecular_vector_length": 13.7937042320422,
      "low_plane_intersection": [
        7.586459968971809,
        5.115228300641,
        3.0938458973249787
      ],
      "high_plane_intersection": [
        0.7625979124686184,
        2.9870799171741504,
        14.111605258849218
      ],
      "penetration_segments": {
        "n1_to_low_plane": 0.39483214998651495,
        "low_plane_to_high_plane": 13.133359442910695,
        "high_plane_to_n2": 0.2655126391449888,
        "total_calculated": 13.793704232042199,
        "molecular_length": 13.7937042320422,
        "length_difference": 1.7763568394002505e-15
      },
      "penetration_parameters": {
        "t_low_plane": 0.39483214998651484,
        "t_high_plane": 13.528191592897212
      }
    },
    "molecule_2": {
      "formula": "C12H28N2",
      "n1_position": [
        3.5891182373332744,
        0.9725252872114393,
        3.0367638319442505
      ],
      "n2_position": [
        4.529443983565339,
        6.540960228797592,
        13.963623249342515
      ],
      "molecular_vector": [
        0.9403257462320647,
        5.568434941586152,
        10.926859417398264
      ],
      "molecular_vector_length": 12.299916135294971,
      "low_plane_intersection": [
        3.619079498427908,
        1.149950327248756,
        3.3849224240713562
      ],
      "high_plane_intersection": [
        4.512362955708509,
        6.439809544859276,
        13.765136723961144
      ],
      "penetration_segments": {
        "n1_to_low_plane": 0.391907804554276,
        "low_plane_to_high_plane": 11.684580214488948,
        "high_plane_to_n2": 0.22342811625174774,
        "total_calculated": 12.299916135294971,
        "molecular_length": 12.299916135294971,
        "length_difference": 0.0
      },
      "penetration_parameters": {
        "t_low_plane": 0.39190780455427615,
        "t_high_plane": 12.076488019043223
      }
    },
    "comparative_analysis": {
      "molecule_1": {
        "id": "molecule_1",
        "segments": {
          "n1_to_low_plane": 0.39483214998651495,
          "low_plane_to_high_plane": 13.133359442910695,
          "high_plane_to_n2": 0.2655126391449888,
          "total_calculated": 13.793704232042199,
          "molecular_length": 13.7937042320422,
          "length_difference": 1.7763568394002505e-15
        }
      },
      "molecule_2": {
        "id": "molecule_2",
        "segments": {
          "n1_to_low_plane": 0.391907804554276,
          "low_plane_to_high_plane": 11.684580214488948,
          "high_plane_to_n2": 0.22342811625174774,
          "total_calculated": 12.299916135294971,
          "molecular_length": 12.299916135294971,
          "length_difference": 0.0
        }
      },
      "penetration_comparison": {
        "n1_to_low_diff": 0.0029243454322389617,
        "low_to_high_diff": 1.4487792284217473,
        "high_to_n2_diff": 0.04208452289324105
      }
    },
    "plane_reference": {
      "plane_analysis": {
        "low_plane": {
          "normal_vector": [
            0.06665607590134638,
            0.006550083995970557,
            0.9977545108618049
          ],
          "center_position": [
            2.4739446978447632,
            2.3296697191493863,
            3.4536797489739146
          ],
          "angle_vs_z_axis_degrees": 6.3317582806861585
        },
        "high_plane": {
          "normal_vector": [
            0.06857716348638393,
            0.02560027085965931,
            0.9973173009529483
          ],
          "center_position": [
            5.958181238699859,
            4.162581928928969,
            13.72417436128243
          ],
          "angle_vs_z_axis_degrees": 7.157484009535221
        }
      },
      "vector_analysis_results": {
        "angle_between_planes_degrees": 1.0973339409029557,
        "distance_between_plane_centers_angstrom": 10.999205926922505,
        "angle_between_low_plane_and_z": 6.3317582806861585,
        "angle_between_high_plane_and_z": 7.157484009535221
      }
    }
  }
}