{
  "experiment": {
    "name": "CONTCAR",
    "file_path": "/home/dotempo/Documents/DION-JACOBSON/BULKS/MAPbBr3/MAPbBr3_n2_[NH3+]CCCC1CCC(CCC[NH3+])CC1/CONTCAR",
    "timestamp": "2025-08-06 13:15:03.106958"
  },
  "salt_structure_info": {
    "total_atoms": 88,
    "halogen_symbol": "Br"
  },
  "vector_analysis": {
    "plane_analysis": {
      "low_plane": {
        "normal_vector": [
          0.06665607590134638,
          0.006550083995970557,
          0.9977545108618049
        ],
        "center_position": [
          2.4739446978447632,
          2.3296697191493863,
          3.4536797489739146
        ],
        "angle_vs_z_axis_degrees": 6.3317582806861585
      },
      "high_plane": {
        "normal_vector": [
          0.06857716348638393,
          0.02560027085965931,
          0.9973173009529483
        ],
        "center_position": [
          5.958181238699859,
          4.162581928928969,
          13.72417436128243
        ],
        "angle_vs_z_axis_degrees": 7.157484009535221
      }
    },
    "vector_analysis_results": {
      "angle_between_planes_degrees": 1.0973339409029557,
      "distance_between_plane_centers_angstrom": 10.999205926922505,
      "angle_between_low_plane_and_z": 6.3317582806861585,
      "angle_between_high_plane_and_z": 7.157484009535221
    }
  }
}