{
  "experiment": {
    "name": "CONTCAR",
    "file_path": "/home/dotempo/Documents/DION-JACOBSON/BULKS/MAPbCl3/MAPbCl3_n2_CC(C)(CCCC[NH3+])CCCC[NH3+]/CONTCAR",
    "timestamp": "2025-08-06 13:13:07.399252"
  },
  "salt_structure_info": {
    "total_atoms": 86,
    "halogen_symbol": "Cl"
  },
  "vector_analysis": {
    "plane_analysis": {
      "low_plane": {
        "normal_vector": [
          0.00441733119892265,
          -0.08933175053325113,
          0.9959921312599532
        ],
        "center_position": [
          2.984121394131056,
          5.5798720114251115,
          4.674290547119577
        ],
        "angle_vs_z_axis_degrees": 10.084112915606246
      },
      "high_plane": {
        "normal_vector": [
          0.07797396345897419,
          -0.0820231678539428,
          0.9935754933359128
        ],
        "center_position": [
          3.2457683721968245,
          3.520302074305136,
          14.540562478694905
        ],
        "angle_vs_z_axis_degrees": 12.838251731957767
      }
    },
    "vector_analysis_results": {
      "angle_between_planes_degrees": 4.238466179627675,
      "distance_between_plane_centers_angstrom": 10.082341458947445,
      "angle_between_low_plane_and_z": 10.084112915606246,
      "angle_between_high_plane_and_z": 12.838251731957767
    }
  }
}