{
  "experiment": {
    "name": "CONTCAR",
    "file_path": "/home/dotempo/Documents/DION-JACOBSON/BULKS/MAPbI3/MAPbI3_n1_[NH3+]CCCCCCC[NH3+]/CONTCAR",
    "timestamp": "2025-08-06 13:16:13.036392"
  },
  "analysis_parameters": {
    "halogen_symbol": "I",
    "central_metal": "Pb",
    "total_spacer_molecules": 2,
    "analyzed_molecules": 2
  },
  "penetration_analysis": {
    "molecule_0": {
      "formula": "C7H20N2",
      "n1_position": [
        0.545020914677668,
        5.220933688983835,
        4.235652914561053
      ],
      "n2_position": [
        0.5859290695208498,
        5.314049728709402,
        14.030802796552507
      ],
      "molecular_vector": [
        0.040908154843181777,
        0.09311603972556703,
        9.795149881991454
      ],
      "molecular_vector_length": 9.795677887959773,
      "low_plane_intersection": [
        0.5474946478836447,
        5.226564454789851,
        4.827969718227388
      ],
      "high_plane_intersection": [
        0.5836105866662441,
        5.308772347159926,
        13.475659521409767
      ],
      "penetration_segments": {
        "n1_to_low_plane": 0.5923487324077269,
        "low_plane_to_high_plane": 8.64815595550095,
        "high_plane_to_n2": 0.5551732000510954,
        "total_calculated": 9.795677887959773,
        "molecular_length": 9.795677887959773,
        "length_difference": 0.0
      },
      "penetration_parameters": {
        "t_low_plane": 0.5923487324077263,
        "t_high_plane": 9.240504687908677
      }
    },
    "molecule_1": {
      "formula": "C7H20N2",
      "n1_position": [
        4.806640690872354,
        7.784892916836154,
        4.2436984359595895
      ],
      "n2_position": [
        4.852643973271894,
        7.878017016482812,
        14.040549585955613
      ],
      "molecular_vector": [
        0.04600328239953999,
        0.09312409964665846,
        9.796851149996023
      ],
      "molecular_vector_length": 9.79740174000765,
      "low_plane_intersection": [
        4.809258439813553,
        7.79019200639096,
        4.801173802657466
      ],
      "high_plane_intersection": [
        4.8498645673416245,
        7.872390685897073,
        13.448647774520119
      ],
      "penetration_segments": {
        "n1_to_low_plane": 0.5575066972105008,
        "low_plane_to_high_plane": 8.64795996605832,
        "high_plane_to_n2": 0.5919350767388306,
        "total_calculated": 9.79740174000765,
        "molecular_length": 9.79740174000765,
        "length_difference": 0.0
      },
      "penetration_parameters": {
        "t_low_plane": 0.5575066972105004,
        "t_high_plane": 9.205466663268819
      }
    },
    "comparative_analysis": {
      "molecule_1": {
        "id": "molecule_0",
        "segments": {
          "n1_to_low_plane": 0.5923487324077269,
          "low_plane_to_high_plane": 8.64815595550095,
          "high_plane_to_n2": 0.5551732000510954,
          "total_calculated": 9.795677887959773,
          "molecular_length": 9.795677887959773,
          "length_difference": 0.0
        }
      },
      "molecule_2": {
        "id": "molecule_1",
        "segments": {
          "n1_to_low_plane": 0.5575066972105008,
          "low_plane_to_high_plane": 8.64795996605832,
          "high_plane_to_n2": 0.5919350767388306,
          "total_calculated": 9.79740174000765,
          "molecular_length": 9.79740174000765,
          "length_difference": 0.0
        }
      },
      "penetration_comparison": {
        "n1_to_low_diff": 0.03484203519722606,
        "low_to_high_diff": 0.00019598944263066187,
        "high_to_n2_diff": 0.03676187668773523
      }
    },
    "plane_reference": {
      "plane_analysis": {
        "low_plane": {
          "normal_vector": [
            0.0053900056946366015,
            0.0014918568798873173,
            0.9999843609785414
          ],
          "center_position": [
            6.1284918674979005,
            2.165552037009467,
            4.802454304830705
          ],
          "angle_vs_z_axis_degrees": 0.27931651263461743
        },
        "high_plane": {
          "normal_vector": [
            0.0054929041521071115,
            0.0013953671776932854,
            0.9999839403482513
          ],
          "center_position": [
            6.170985042375987,
            2.258035487429278,
            13.449225082616588
          ],
          "angle_vs_z_axis_degrees": 0.2873942908251104
        }
      },
      "vector_analysis_results": {
        "angle_between_planes_degrees": 0.008082266255437011,
        "distance_between_plane_centers_angstrom": 8.647369758607796,
        "angle_between_low_plane_and_z": 0.27931651263461743,
        "angle_between_high_plane_and_z": 0.2873942908251104
      }
    }
  }
}