{
  "experiment": {
    "name": "CONTCAR",
    "file_path": "/home/dotempo/Documents/DION-JACOBSON/BULKS/MAPbI3/MAPbI3_n1_[NH3+]CCCCCCC[NH3+]/CONTCAR",
    "timestamp": "2025-08-06 13:16:13.009494"
  },
  "salt_structure_info": {
    "total_atoms": 62,
    "halogen_symbol": "I"
  },
  "vector_analysis": {
    "plane_analysis": {
      "low_plane": {
        "normal_vector": [
          0.0053900056946366015,
          0.0014918568798873173,
          0.9999843609785414
        ],
        "center_position": [
          6.1284918674979005,
          2.165552037009467,
          4.802454304830705
        ],
        "angle_vs_z_axis_degrees": 0.27931651263461743
      },
      "high_plane": {
        "normal_vector": [
          0.0054929041521071115,
          0.0013953671776932854,
          0.9999839403482513
        ],
        "center_position": [
          6.170985042375987,
          2.258035487429278,
          13.449225082616588
        ],
        "angle_vs_z_axis_degrees": 0.2873942908251104
      }
    },
    "vector_analysis_results": {
      "angle_between_planes_degrees": 0.008082266255437011,
      "distance_between_plane_centers_angstrom": 8.647369758607796,
      "angle_between_low_plane_and_z": 0.27931651263461743,
      "angle_between_high_plane_and_z": 0.2873942908251104
    }
  }
}