{
  "experiment": {
    "name": "CONTCAR",
    "file_path": "/home/dotempo/Documents/DION-JACOBSON/BULKS/MAPbBr3/MAPbBr3_n3_[NH3+]CCCC1CCC(CCC[NH3+])CC1/CONTCAR",
    "timestamp": "2025-08-06 13:14:56.556683"
  },
  "analysis_parameters": {
    "halogen_symbol": "Br",
    "central_metal": "Pb",
    "total_spacer_molecules": 6,
    "analyzed_molecules": 2
  },
  "penetration_analysis": {
    "molecule_0": {
      "formula": "C12H28N2",
      "n1_position": [
        7.879437203057111,
        5.728387998888613,
        2.9124217344469967
      ],
      "n2_position": [
        0.36295625411180943,
        2.975583045385012,
        14.310492793939495
      ],
      "molecular_vector": [
        -7.5164809489453015,
        -2.752804953503601,
        11.398071059492498
      ],
      "molecular_vector_length": 13.928081161636447,
      "low_plane_intersection": [
        7.565750264971131,
        5.613504589633963,
        3.3880999188293206
      ],
      "high_plane_intersection": [
        0.8416046727110889,
        3.150881266275421,
        13.5846652790738
      ],
      "penetration_segments": {
        "n1_to_low_plane": 0.5812636475343983,
        "low_plane_to_high_plane": 12.459879322224483,
        "high_plane_to_n2": 0.8869381918775654,
        "total_calculated": 13.928081161636445,
        "molecular_length": 13.928081161636447,
        "length_difference": 1.7763568394002505e-15
      },
      "penetration_parameters": {
        "t_low_plane": 0.5812636475343983,
        "t_high_plane": 13.041142969758884
      }
    },
    "molecule_3": {
      "formula": "C12H28N2",
      "n1_position": [
        3.637152760020102,
        1.309500243285057,
        3.4073419834284424
      ],
      "n2_position": [
        4.936872201874619,
        7.312135081152504,
        14.096109145285794
      ],
      "molecular_vector": [
        1.2997194418545175,
        6.002634837867447,
        10.688767161857353
      ],
      "molecular_vector_length": 12.327637205268276,
      "low_plane_intersection": [
        3.6650948411073614,
        1.4385481777666558,
        3.6371349596212896
      ],
      "high_plane_intersection": [
        4.905666278974555,
        7.168013393105383,
        13.839474649248917
      ],
      "penetration_segments": {
        "n1_to_low_plane": 0.2650263028399642,
        "low_plane_to_high_plane": 11.766627566502626,
        "high_plane_to_n2": 0.29598333592568754,
        "total_calculated": 12.327637205268276,
        "molecular_length": 12.327637205268276,
        "length_difference": 0.0
      },
      "penetration_parameters": {
        "t_low_plane": 0.26502630283996426,
        "t_high_plane": 12.03165386934259
      }
    },
    "comparative_analysis": {
      "molecule_1": {
        "id": "molecule_0",
        "segments": {
          "n1_to_low_plane": 0.5812636475343983,
          "low_plane_to_high_plane": 12.459879322224483,
          "high_plane_to_n2": 0.8869381918775654,
          "total_calculated": 13.928081161636445,
          "molecular_length": 13.928081161636447,
          "length_difference": 1.7763568394002505e-15
        }
      },
      "molecule_2": {
        "id": "molecule_3",
        "segments": {
          "n1_to_low_plane": 0.2650263028399642,
          "low_plane_to_high_plane": 11.766627566502626,
          "high_plane_to_n2": 0.29598333592568754,
          "total_calculated": 12.327637205268276,
          "molecular_length": 12.327637205268276,
          "length_difference": 0.0
        }
      },
      "penetration_comparison": {
        "n1_to_low_diff": 0.3162373446944341,
        "low_to_high_diff": 0.6932517557218567,
        "high_to_n2_diff": 0.5909548559518778
      }
    },
    "plane_reference": {
      "plane_analysis": {
        "low_plane": {
          "normal_vector": [
            0.06062464357067459,
            0.002898253431164952,
            0.9981564269787464
          ],
          "center_position": [
            2.5587767800119527,
            2.6629312570901624,
            3.700773848228428
          ],
          "angle_vs_z_axis_degrees": 5.245228683604956
        },
        "high_plane": {
          "normal_vector": [
            -0.05362239528524096,
            -0.009087955049714016,
            0.9985199285927586
          ],
          "center_position": [
            1.9763356836577393,
            4.403042536828276,
            13.656998918178001
          ],
          "angle_vs_z_axis_degrees": 3.6367137319746443
        }
      },
      "vector_analysis_results": {
        "angle_between_planes_degrees": 6.585457463048133,
        "distance_between_plane_centers_angstrom": 10.12391438822388,
        "angle_between_low_plane_and_z": 5.245228683604956,
        "angle_between_high_plane_and_z": 3.6367137319746443
      }
    }
  }
}