{
  "experiment": {
    "name": "CONTCAR",
    "file_path": "/home/dotempo/Documents/DION-JACOBSON/BULKS/MAPbBr3/MAPbBr3_n3_[NH3+]CCCC1CCC(CCC[NH3+])CC1/CONTCAR",
    "timestamp": "2025-08-06 13:14:56.522244"
  },
  "salt_structure_info": {
    "total_atoms": 88,
    "halogen_symbol": "Br"
  },
  "vector_analysis": {
    "plane_analysis": {
      "low_plane": {
        "normal_vector": [
          0.06062464357067459,
          0.002898253431164952,
          0.9981564269787464
        ],
        "center_position": [
          2.5587767800119527,
          2.6629312570901624,
          3.700773848228428
        ],
        "angle_vs_z_axis_degrees": 5.245228683604956
      },
      "high_plane": {
        "normal_vector": [
          -0.05362239528524096,
          -0.009087955049714016,
          0.9985199285927586
        ],
        "center_position": [
          1.9763356836577393,
          4.403042536828276,
          13.656998918178001
        ],
        "angle_vs_z_axis_degrees": 3.6367137319746443
      }
    },
    "vector_analysis_results": {
      "angle_between_planes_degrees": 6.585457463048133,
      "distance_between_plane_centers_angstrom": 10.12391438822388,
      "angle_between_low_plane_and_z": 5.245228683604956,
      "angle_between_high_plane_and_z": 3.6367137319746443
    }
  }
}