{
  "experiment": {
    "name": "CONTCAR",
    "file_path": "/home/dotempo/Documents/DION-JACOBSON/BULKS/MAPbBr3/MAPbBr3_n3_CC(C)(CCC[NH3+])C(C)(C)CCC[NH3+]/CONTCAR",
    "timestamp": "2025-08-06 13:14:18.227769"
  },
  "salt_structure_info": {
    "total_atoms": 92,
    "halogen_symbol": "Br"
  },
  "vector_analysis": {
    "plane_analysis": {
      "low_plane": {
        "normal_vector": [
          0.00788049486079409,
          0.04622235050727886,
          0.9989000911574346
        ],
        "center_position": [
          3.0115917263617256,
          2.397008906359381,
          3.3857431494114243
        ],
        "angle_vs_z_axis_degrees": 4.088101525437723
      },
      "high_plane": {
        "normal_vector": [
          0.001041488539992216,
          0.055086103940934945,
          0.9984810646448082
        ],
        "center_position": [
          4.8066835085995425,
          6.041555899506221,
          12.986202593376904
        ],
        "angle_vs_z_axis_degrees": 4.137637827398547
      }
    },
    "vector_analysis_results": {
      "angle_between_planes_degrees": 0.6419046131424051,
      "distance_between_plane_centers_angstrom": 10.424677396789763,
      "angle_between_low_plane_and_z": 4.088101525437723,
      "angle_between_high_plane_and_z": 4.137637827398547
    }
  }
}