{
  "experiment": {
    "name": "CONTCAR",
    "file_path": "/home/dotempo/Documents/DION-JACOBSON/BULKS/MAPbBr3/MAPbBr3_n3_CC(C)(CCC[NH3+])C(C)(C)CCC[NH3+]/CONTCAR",
    "timestamp": "2025-08-06 13:14:18.255089"
  },
  "analysis_parameters": {
    "halogen_symbol": "Br",
    "central_metal": "Pb",
    "total_spacer_molecules": 6,
    "analyzed_molecules": 2
  },
  "penetration_analysis": {
    "molecule_0": {
      "formula": "C12H30N2",
      "n1_position": [
        0.4164577796323675,
        3.881419409753102,
        3.1682453178648293
      ],
      "n2_position": [
        6.679607495475964,
        4.350851035671378,
        13.848361726884145
      ],
      "molecular_vector": [
        6.263149715843596,
        0.4694316259182765,
        10.680116409019316
      ],
      "molecular_vector_length": 12.390007946917857,
      "low_plane_intersection": [
        0.5150736185735549,
        3.8888108015792224,
        3.3364080933770737
      ],
      "high_plane_intersection": [
        6.228933596852247,
        4.317072411402716,
        13.07985867040571
      ],
      "penetration_segments": {
        "n1_to_low_plane": 0.19508571303707237,
        "low_plane_to_high_plane": 11.303381485415029,
        "high_plane_to_n2": 0.891540748465756,
        "total_calculated": 12.390007946917857,
        "molecular_length": 12.390007946917857,
        "length_difference": 0.0
      },
      "penetration_parameters": {
        "t_low_plane": 0.19508571303707217,
        "t_high_plane": 11.498467198452099
      }
    },
    "molecule_4": {
      "formula": "C12H30N2",
      "n1_position": [
        5.540774304006946,
        7.735671883329288,
        2.67594758818271
      ],
      "n2_position": [
        3.0151970117434415,
        0.14394180841317314,
        13.666792973803258
      ],
      "molecular_vector": [
        -2.5255772922635042,
        -7.591730074916115,
        10.990845385620547
      ],
      "molecular_vector_length": 13.594542599153506,
      "low_plane_intersection": [
        5.435465649851117,
        7.419120543026717,
        3.1342313790371876
      ],
      "high_plane_intersection": [
        3.0996310485927525,
        0.397745332407089,
        13.29935165765852
      ],
      "penetration_segments": {
        "n1_to_low_plane": 0.5668498007827263,
        "low_plane_to_high_plane": 12.57320577305479,
        "high_plane_to_n2": 0.45448702531599133,
        "total_calculated": 13.594542599153508,
        "molecular_length": 13.594542599153506,
        "length_difference": 1.7763568394002505e-15
      },
      "penetration_parameters": {
        "t_low_plane": 0.5668498007827262,
        "t_high_plane": 13.140055573837515
      }
    },
    "comparative_analysis": {
      "molecule_1": {
        "id": "molecule_0",
        "segments": {
          "n1_to_low_plane": 0.19508571303707237,
          "low_plane_to_high_plane": 11.303381485415029,
          "high_plane_to_n2": 0.891540748465756,
          "total_calculated": 12.390007946917857,
          "molecular_length": 12.390007946917857,
          "length_difference": 0.0
        }
      },
      "molecule_2": {
        "id": "molecule_4",
        "segments": {
          "n1_to_low_plane": 0.5668498007827263,
          "low_plane_to_high_plane": 12.57320577305479,
          "high_plane_to_n2": 0.45448702531599133,
          "total_calculated": 13.594542599153508,
          "molecular_length": 13.594542599153506,
          "length_difference": 1.7763568394002505e-15
        }
      },
      "penetration_comparison": {
        "n1_to_low_diff": 0.37176408774565395,
        "low_to_high_diff": 1.2698242876397607,
        "high_to_n2_diff": 0.4370537231497647
      }
    },
    "plane_reference": {
      "plane_analysis": {
        "low_plane": {
          "normal_vector": [
            0.00788049486079409,
            0.04622235050727886,
            0.9989000911574346
          ],
          "center_position": [
            3.0115917263617256,
            2.397008906359381,
            3.3857431494114243
          ],
          "angle_vs_z_axis_degrees": 4.088101525437723
        },
        "high_plane": {
          "normal_vector": [
            0.001041488539992216,
            0.055086103940934945,
            0.9984810646448082
          ],
          "center_position": [
            4.8066835085995425,
            6.041555899506221,
            12.986202593376904
          ],
          "angle_vs_z_axis_degrees": 4.137637827398547
        }
      },
      "vector_analysis_results": {
        "angle_between_planes_degrees": 0.6419046131424051,
        "distance_between_plane_centers_angstrom": 10.424677396789763,
        "angle_between_low_plane_and_z": 4.088101525437723,
        "angle_between_high_plane_and_z": 4.137637827398547
      }
    }
  }
}