{
  "experiment": {
    "name": "CONTCAR",
    "file_path": "/home/dotempo/Documents/DION-JACOBSON/BULKS/MAPbCl3/MAPbCl3_n2_[NH3+]CCC1CCC(CC[NH3+])CC1/CONTCAR",
    "timestamp": "2025-08-06 13:13:44.653454"
  },
  "analysis_parameters": {
    "halogen_symbol": "Cl",
    "central_metal": "Pb",
    "total_spacer_molecules": 4,
    "analyzed_molecules": 2
  },
  "penetration_analysis": {
    "molecule_0": {
      "formula": "C10H24N2",
      "n1_position": [
        7.330621755417439,
        4.191390823091539,
        4.056659772400641
      ],
      "n2_position": [
        0.9392170006683631,
        3.5636654982932483,
        12.58041712244727
      ],
      "molecular_vector": [
        -6.391404754749075,
        -0.6277253247982908,
        8.52375735004663
      ],
      "molecular_vector_length": 10.672325575285647,
      "low_plane_intersection": [
        6.890222837796454,
        4.148137490809769,
        4.643988169688448
      ],
      "high_plane_intersection": [
        1.2822425807825875,
        3.597355407155823,
        12.122948549895975
      ],
      "penetration_segments": {
        "n1_to_low_plane": 0.735375212837553,
        "low_plane_to_high_plane": 9.364168507424747,
        "high_plane_to_n2": 0.572781855023349,
        "total_calculated": 10.67232557528565,
        "molecular_length": 10.672325575285647,
        "length_difference": 1.7763568394002505e-15
      },
      "penetration_parameters": {
        "t_low_plane": 0.7353752128375526,
        "t_high_plane": 10.099543720262298
      }
    },
    "molecule_1": {
      "formula": "C10H24N2",
      "n1_position": [
        4.821808839358042,
        0.21464991697853916,
        4.280750091499774
      ],
      "n2_position": [
        4.1264262612106775,
        0.45815175434857647,
        12.645841609357184
      ],
      "molecular_vector": [
        -0.6953825781473641,
        0.2435018373700373,
        8.36509151785741
      ],
      "molecular_vector_length": 8.397476179003037,
      "low_plane_intersection": [
        4.78349266508401,
        0.22806707629474512,
        4.741673782269208
      ],
      "high_plane_intersection": [
        4.184685930037689,
        0.4377509895756909,
        11.945008029608317
      ],
      "penetration_segments": {
        "n1_to_low_plane": 0.4627081132718888,
        "low_plane_to_high_plane": 7.2312212750208475,
        "high_plane_to_n2": 0.7035467907103004,
        "total_calculated": 8.397476179003037,
        "molecular_length": 8.397476179003037,
        "length_difference": 0.0
      },
      "penetration_parameters": {
        "t_low_plane": 0.4627081132718884,
        "t_high_plane": 7.693929388292738
      }
    },
    "comparative_analysis": {
      "molecule_1": {
        "id": "molecule_0",
        "segments": {
          "n1_to_low_plane": 0.735375212837553,
          "low_plane_to_high_plane": 9.364168507424747,
          "high_plane_to_n2": 0.572781855023349,
          "total_calculated": 10.67232557528565,
          "molecular_length": 10.672325575285647,
          "length_difference": 1.7763568394002505e-15
        }
      },
      "molecule_2": {
        "id": "molecule_1",
        "segments": {
          "n1_to_low_plane": 0.4627081132718888,
          "low_plane_to_high_plane": 7.2312212750208475,
          "high_plane_to_n2": 0.7035467907103004,
          "total_calculated": 8.397476179003037,
          "molecular_length": 8.397476179003037,
          "length_difference": 0.0
        }
      },
      "penetration_comparison": {
        "n1_to_low_diff": 0.2726670995656642,
        "low_to_high_diff": 2.1329472324038994,
        "high_to_n2_diff": 0.13076493568695136
      }
    },
    "plane_reference": {
      "plane_analysis": {
        "low_plane": {
          "normal_vector": [
            -0.023929249030102046,
            0.03775453766489695,
            0.9990004934566176
          ],
          "center_position": [
            6.020600788505986,
            2.9364588393252076,
            4.668950083990815
          ],
          "angle_vs_z_axis_degrees": 5.017133751036854
        },
        "high_plane": {
          "normal_vector": [
            0.06189885539020555,
            0.0006515539032711777,
            0.9980822146391016
          ],
          "center_position": [
            2.540024679306428,
            1.9332682185676848,
            12.046030006914453
          ],
          "angle_vs_z_axis_degrees": 2.087271428641752
        }
      },
      "vector_analysis_results": {
        "angle_between_planes_degrees": 5.359626486504063,
        "distance_between_plane_centers_angstrom": 8.218400675478753,
        "angle_between_low_plane_and_z": 5.017133751036854,
        "angle_between_high_plane_and_z": 2.087271428641752
      }
    }
  }
}