{
  "experiment": {
    "name": "CONTCAR",
    "file_path": "/home/dotempo/Documents/DION-JACOBSON/BULKS/MAPbBr3/MAPbBr3_n3_CC(C)(C[NH3+])C(C)(C)C[NH3+]/CONTCAR",
    "timestamp": "2025-08-06 13:14:28.219693"
  },
  "analysis_parameters": {
    "halogen_symbol": "Br",
    "central_metal": "Pb",
    "total_spacer_molecules": 6,
    "analyzed_molecules": 2
  },
  "penetration_analysis": {
    "molecule_2": {
      "formula": "C8H22N2",
      "n1_position": [
        0.7102350315550877,
        4.527973161181768,
        3.0690616126053567
      ],
      "n2_position": [
        8.242049245979622,
        4.066039327178639,
        9.48036638750756
      ],
      "molecular_vector": [
        7.531814214424535,
        -0.46193383400312893,
        6.411304774902204
      ],
      "molecular_vector_length": 9.901840088806125,
      "low_plane_intersection": [
        1.2233007698399192,
        4.496506317094235,
        3.505798462991886
      ],
      "high_plane_intersection": [
        7.5142835894684925,
        4.110673935839611,
        8.860870566744522
      ],
      "penetration_segments": {
        "n1_to_low_plane": 0.674511445836269,
        "low_plane_to_high_plane": 8.270557943674428,
        "high_plane_to_n2": 0.9567706992954292,
        "total_calculated": 9.901840088806125,
        "molecular_length": 9.901840088806125,
        "length_difference": 0.0
      },
      "penetration_parameters": {
        "t_low_plane": 0.674511445836269,
        "t_high_plane": 8.945069389510696
      }
    },
    "molecule_4": {
      "formula": "C8H22N2",
      "n1_position": [
        4.570241806313234,
        8.659266746455332,
        3.0579581737435038
      ],
      "n2_position": [
        4.112229496081369,
        0.18950301863137256,
        9.433533657784196
      ],
      "molecular_vector": [
        -0.45801231023186517,
        -8.46976372782396,
        6.3755754840406915
      ],
      "molecular_vector_length": 10.611061946581362,
      "low_plane_intersection": [
        4.5357205378317245,
        8.020884368752103,
        3.53849755683843
      ],
      "high_plane_intersection": [
        4.159206484620025,
        1.0582220130306483,
        8.779609451490488
      ],
      "penetration_segments": {
        "n1_to_low_plane": 0.7997761417076984,
        "low_plane_to_high_plane": 8.72294008946008,
        "high_plane_to_n2": 1.0883457154135836,
        "total_calculated": 10.61106194658136,
        "molecular_length": 10.611061946581362,
        "length_difference": 1.7763568394002505e-15
      },
      "penetration_parameters": {
        "t_low_plane": 0.7997761417076983,
        "t_high_plane": 9.522716231167779
      }
    },
    "comparative_analysis": {
      "molecule_1": {
        "id": "molecule_2",
        "segments": {
          "n1_to_low_plane": 0.674511445836269,
          "low_plane_to_high_plane": 8.270557943674428,
          "high_plane_to_n2": 0.9567706992954292,
          "total_calculated": 9.901840088806125,
          "molecular_length": 9.901840088806125,
          "length_difference": 0.0
        }
      },
      "molecule_2": {
        "id": "molecule_4",
        "segments": {
          "n1_to_low_plane": 0.7997761417076984,
          "low_plane_to_high_plane": 8.72294008946008,
          "high_plane_to_n2": 1.0883457154135836,
          "total_calculated": 10.61106194658136,
          "molecular_length": 10.611061946581362,
          "length_difference": 1.7763568394002505e-15
        }
      },
      "penetration_comparison": {
        "n1_to_low_diff": 0.1252646958714294,
        "low_to_high_diff": 0.45238214578565206,
        "high_to_n2_diff": 0.13157501611815436
      }
    },
    "plane_reference": {
      "plane_analysis": {
        "low_plane": {
          "normal_vector": [
            0.003838809547708014,
            -0.012885078248373422,
            0.9999096150651767
          ],
          "center_position": [
            5.9310833830774286,
            6.3508522799290965,
            3.5116201011667254
          ],
          "angle_vs_z_axis_degrees": 1.5557048239514235
        },
        "high_plane": {
          "normal_vector": [
            -0.004623024521668218,
            -0.021533770851738455,
            0.9997574327591552
          ],
          "center_position": [
            2.7459477377136468,
            2.5467649515045054,
            8.805136056106198
          ],
          "angle_vs_z_axis_degrees": 2.248451289481976
        }
      },
      "vector_analysis_results": {
        "angle_between_planes_degrees": 0.6933202827091205,
        "distance_between_plane_centers_angstrom": 7.255169236265013,
        "angle_between_low_plane_and_z": 1.5557048239514235,
        "angle_between_high_plane_and_z": 2.248451289481976
      }
    }
  }
}