{
  "experiment": {
    "name": "CONTCAR",
    "file_path": "/home/dotempo/Documents/DION-JACOBSON/BULKS/MAPbCl3/MAPbCl3_n2_[NH3+]CCC[NH3+]/CONTCAR",
    "timestamp": "2025-08-06 13:13:16.096649"
  },
  "salt_structure_info": {
    "total_atoms": 38,
    "halogen_symbol": "Cl"
  },
  "vector_analysis": {
    "plane_analysis": {
      "low_plane": {
        "normal_vector": [
          0.02780693749773489,
          0.04172411524875956,
          0.9987421451173999
        ],
        "center_position": [
          2.2083972374665017,
          1.7362262325118953,
          4.71603786148645
        ],
        "angle_vs_z_axis_degrees": 0.028224122391371495
      },
      "high_plane": {
        "normal_vector": [
          0.03160612051785198,
          0.04506884155586058,
          0.9984837768670173
        ],
        "center_position": [
          2.5515802429551346,
          2.8879391511387533,
          8.630642466313876
        ],
        "angle_vs_z_axis_degrees": 0.31841567195147863
      }
    },
    "vector_analysis_results": {
      "angle_between_planes_degrees": 0.29039293378117514,
      "distance_between_plane_centers_angstrom": 4.094917146209957,
      "angle_between_low_plane_and_z": 0.028224122391371495,
      "angle_between_high_plane_and_z": 0.31841567195147863
    }
  }
}