{
  "experiment": {
    "name": "CONTCAR",
    "file_path": "/home/dotempo/Documents/DION-JACOBSON/BULKS/MAPbCl3/MAPbCl3_n2_[NH3+]CCC[NH3+]/CONTCAR",
    "timestamp": "2025-08-06 13:13:16.123371"
  },
  "analysis_parameters": {
    "halogen_symbol": "Cl",
    "central_metal": "Pb",
    "total_spacer_molecules": 4,
    "analyzed_molecules": 2
  },
  "penetration_analysis": {
    "molecule_1": {
      "formula": "C3H12N2",
      "n1_position": [
        7.421889753379781,
        3.544965395312812,
        4.514671709760711
      ],
      "n2_position": [
        1.22479626581627,
        4.52756559700705,
        8.923345335428222
      ],
      "molecular_vector": [
        -6.197093487563511,
        0.9826002016942379,
        4.40867362566751
      ],
      "molecular_vector_length": 7.668498809260385,
      "low_plane_intersection": [
        7.449926561685431,
        3.5405199284901347,
        4.494726046915207
      ],
      "high_plane_intersection": [
        1.697509886396892,
        4.452612959959008,
        8.587052188369864
      ],
      "penetration_segments": {
        "n1_to_low_plane": 0.03469372078036371,
        "low_plane_to_high_plane": 7.118240270756873,
        "high_plane_to_n2": 0.5849522592838753,
        "total_calculated": 7.737886250821113,
        "molecular_length": 7.668498809260385,
        "length_difference": 0.0693874415607274
      },
      "penetration_parameters": {
        "t_low_plane": -0.034693720780363334,
        "t_high_plane": 7.08354654997651
      }
    },
    "molecule_3": {
      "formula": "C3H12N2",
      "n1_position": [
        3.540914947115522,
        7.538123245776866,
        4.620604701136872
      ],
      "n2_position": [
        4.076396616808834,
        1.3796129830641548,
        8.997998612542075
      ],
      "molecular_vector": [
        0.5354816696933122,
        -6.158510262712712,
        4.3773939114052025
      ],
      "molecular_vector_length": 7.5746661134417455,
      "low_plane_intersection": [
        3.517080545042148,
        7.81223983665581,
        4.4257659747660405
      ],
      "high_plane_intersection": [
        4.031186372639901,
        1.8995705622910712,
        8.628419112889778
      ],
      "penetration_segments": {
        "n1_to_low_plane": 0.33714998652098094,
        "low_plane_to_high_plane": 7.272293733710715,
        "high_plane_to_n2": 0.639522366252011,
        "total_calculated": 8.248966086483707,
        "molecular_length": 7.5746661134417455,
        "length_difference": 0.6742999730419612
      },
      "penetration_parameters": {
        "t_low_plane": -0.3371499865209813,
        "t_high_plane": 6.935143747189734
      }
    },
    "comparative_analysis": {
      "molecule_1": {
        "id": "molecule_1",
        "segments": {
          "n1_to_low_plane": 0.03469372078036371,
          "low_plane_to_high_plane": 7.118240270756873,
          "high_plane_to_n2": 0.5849522592838753,
          "total_calculated": 7.737886250821113,
          "molecular_length": 7.668498809260385,
          "length_difference": 0.0693874415607274
        }
      },
      "molecule_2": {
        "id": "molecule_3",
        "segments": {
          "n1_to_low_plane": 0.33714998652098094,
          "low_plane_to_high_plane": 7.272293733710715,
          "high_plane_to_n2": 0.639522366252011,
          "total_calculated": 8.248966086483707,
          "molecular_length": 7.5746661134417455,
          "length_difference": 0.6742999730419612
        }
      },
      "penetration_comparison": {
        "n1_to_low_diff": 0.30245626574061724,
        "low_to_high_diff": 0.1540534629538417,
        "high_to_n2_diff": 0.05457010696813569
      }
    },
    "plane_reference": {
      "plane_analysis": {
        "low_plane": {
          "normal_vector": [
            0.02780693749773489,
            0.04172411524875956,
            0.9987421451173999
          ],
          "center_position": [
            2.2083972374665017,
            1.7362262325118953,
            4.71603786148645
          ],
          "angle_vs_z_axis_degrees": 0.028224122391371495
        },
        "high_plane": {
          "normal_vector": [
            0.03160612051785198,
            0.04506884155586058,
            0.9984837768670173
          ],
          "center_position": [
            2.5515802429551346,
            2.8879391511387533,
            8.630642466313876
          ],
          "angle_vs_z_axis_degrees": 0.31841567195147863
        }
      },
      "vector_analysis_results": {
        "angle_between_planes_degrees": 0.29039293378117514,
        "distance_between_plane_centers_angstrom": 4.094917146209957,
        "angle_between_low_plane_and_z": 0.028224122391371495,
        "angle_between_high_plane_and_z": 0.31841567195147863
      }
    }
  }
}