{
  "experiment": {
    "name": "CONTCAR",
    "file_path": "/home/dotempo/Documents/DION-JACOBSON/BULKS/MAPbBr3/MAPbBr3_n2_[NH3+]CCCCC[NH3+]/CONTCAR",
    "timestamp": "2025-08-06 13:15:00.851050"
  },
  "salt_structure_info": {
    "total_atoms": 50,
    "halogen_symbol": "Br"
  },
  "vector_analysis": {
    "plane_analysis": {
      "low_plane": {
        "normal_vector": [
          0.0069052464371292975,
          -0.0004862165401434318,
          0.9999760402955256
        ],
        "center_position": [
          5.75540771220593,
          5.584360002956109,
          3.4746220210201875
        ],
        "angle_vs_z_axis_degrees": 0.025530321134245523
      },
      "high_plane": {
        "normal_vector": [
          0.0087870600590941,
          0.0016419294320746162,
          0.9999600450234288
        ],
        "center_position": [
          5.976036240582154,
          5.827174967475088,
          9.870550581072255
        ],
        "angle_vs_z_axis_degrees": 0.18812159936946085
      }
    },
    "vector_analysis_results": {
      "angle_between_planes_degrees": 0.16276932372392006,
      "distance_between_plane_centers_angstrom": 6.404337452056811,
      "angle_between_low_plane_and_z": 0.025530321134245523,
      "angle_between_high_plane_and_z": 0.18812159936946085
    }
  }
}