{
  "experiment": {
    "name": "CONTCAR",
    "file_path": "/home/dotempo/Documents/DION-JACOBSON/BULKS/MAPbBr3/MAPbBr3_n2_[NH3+]CCCCC[NH3+]/CONTCAR",
    "timestamp": "2025-08-06 13:15:00.876970"
  },
  "analysis_parameters": {
    "halogen_symbol": "Br",
    "central_metal": "Pb",
    "total_spacer_molecules": 4,
    "analyzed_molecules": 2
  },
  "penetration_analysis": {
    "molecule_1": {
      "formula": "C5H16N2",
      "n1_position": [
        0.16744018884272047,
        4.021240627222973,
        3.0758452941601164
      ],
      "n2_position": [
        0.774188391754917,
        4.71164371832237,
        10.395915218415396
      ],
      "molecular_vector": [
        0.6067482029121966,
        0.6904030910993972,
        7.3200699242552805
      ],
      "molecular_vector_length": 7.377548610881767,
      "low_plane_intersection": [
        0.20361050354216703,
        4.0623978930453974,
        3.5122194465868732
      ],
      "high_plane_intersection": [
        0.7346174721390744,
        4.666616992096735,
        9.918514713288609
      ],
      "penetration_segments": {
        "n1_to_low_plane": 0.43980065154749953,
        "low_plane_to_high_plane": 6.456598807771933,
        "high_plane_to_n2": 0.48114915156233407,
        "total_calculated": 7.377548610881767,
        "molecular_length": 7.377548610881767,
        "length_difference": 0.0
      },
      "penetration_parameters": {
        "t_low_plane": 0.4398006515474995,
        "t_high_plane": 6.896399459319433
      }
    },
    "molecule_3": {
      "formula": "C5H16N2",
      "n1_position": [
        4.59624038536031,
        0.42122436267591795,
        3.0452520489772334
      ],
      "n2_position": [
        4.436117658031314,
        0.30277356246623705,
        10.424098931834946
      ],
      "molecular_vector": [
        -0.16012272732899557,
        -0.1184508002096809,
        7.3788468828577125
      ],
      "molecular_vector_length": 7.381534474656105,
      "low_plane_intersection": [
        4.586802391999586,
        0.41424260634063903,
        3.4801778652676214
      ],
      "high_plane_intersection": [
        4.447641800705591,
        0.311298547921262,
        9.893038253140798
      ],
      "penetration_segments": {
        "n1_to_low_plane": 0.43508422899027555,
        "low_plane_to_high_plane": 6.415196139143842,
        "high_plane_to_n2": 0.531254106521987,
        "total_calculated": 7.381534474656105,
        "molecular_length": 7.381534474656105,
        "length_difference": 0.0
      },
      "penetration_parameters": {
        "t_low_plane": 0.4350842289902757,
        "t_high_plane": 6.850280368134119
      }
    },
    "comparative_analysis": {
      "molecule_1": {
        "id": "molecule_1",
        "segments": {
          "n1_to_low_plane": 0.43980065154749953,
          "low_plane_to_high_plane": 6.456598807771933,
          "high_plane_to_n2": 0.48114915156233407,
          "total_calculated": 7.377548610881767,
          "molecular_length": 7.377548610881767,
          "length_difference": 0.0
        }
      },
      "molecule_2": {
        "id": "molecule_3",
        "segments": {
          "n1_to_low_plane": 0.43508422899027555,
          "low_plane_to_high_plane": 6.415196139143842,
          "high_plane_to_n2": 0.531254106521987,
          "total_calculated": 7.381534474656105,
          "molecular_length": 7.381534474656105,
          "length_difference": 0.0
        }
      },
      "penetration_comparison": {
        "n1_to_low_diff": 0.004716422557223987,
        "low_to_high_diff": 0.04140266862809128,
        "high_to_n2_diff": 0.05010495495965295
      }
    },
    "plane_reference": {
      "plane_analysis": {
        "low_plane": {
          "normal_vector": [
            0.0069052464371292975,
            -0.0004862165401434318,
            0.9999760402955256
          ],
          "center_position": [
            5.75540771220593,
            5.584360002956109,
            3.4746220210201875
          ],
          "angle_vs_z_axis_degrees": 0.025530321134245523
        },
        "high_plane": {
          "normal_vector": [
            0.0087870600590941,
            0.0016419294320746162,
            0.9999600450234288
          ],
          "center_position": [
            5.976036240582154,
            5.827174967475088,
            9.870550581072255
          ],
          "angle_vs_z_axis_degrees": 0.18812159936946085
        }
      },
      "vector_analysis_results": {
        "angle_between_planes_degrees": 0.16276932372392006,
        "distance_between_plane_centers_angstrom": 6.404337452056811,
        "angle_between_low_plane_and_z": 0.025530321134245523,
        "angle_between_high_plane_and_z": 0.18812159936946085
      }
    }
  }
}