{
  "experiment": {
    "name": "CONTCAR",
    "file_path": "/home/dotempo/Documents/DION-JACOBSON/BULKS/MAPbI3/MAPbI3_n1_[NH3+]CCCCCCCC[NH3+]/CONTCAR",
    "timestamp": "2025-08-06 13:16:18.275237"
  },
  "salt_structure_info": {
    "total_atoms": 68,
    "halogen_symbol": "I"
  },
  "vector_analysis": {
    "plane_analysis": {
      "low_plane": {
        "normal_vector": [
          0.05512628693863808,
          -0.185535881022905,
          0.9810899700544357
        ],
        "center_position": [
          6.370110108220984,
          6.054160522935654,
          5.48812565427008
        ],
        "angle_vs_z_axis_degrees": 14.443869107381403
      },
      "high_plane": {
        "normal_vector": [
          0.029389055283324184,
          -0.18801887749982696,
          0.9817256160115507
        ],
        "center_position": [
          5.965549724390973,
          2.2396503119750166,
          11.850244362156513
        ],
        "angle_vs_z_axis_degrees": 15.547302186059678
      }
    },
    "vector_analysis_results": {
      "angle_between_planes_degrees": 1.4819702704730715,
      "distance_between_plane_centers_angstrom": 7.429045140993975,
      "angle_between_low_plane_and_z": 14.443869107381403,
      "angle_between_high_plane_and_z": 15.547302186059678
    }
  }
}