{
  "experiment": {
    "name": "CONTCAR",
    "file_path": "/home/dotempo/Documents/DION-JACOBSON/BULKS/MAPbBr3/MAPbBr3_n1_CC(C)(CCC[NH3+])CCC[NH3+]/CONTCAR",
    "timestamp": "2025-08-06 13:14:07.192136"
  },
  "analysis_parameters": {
    "halogen_symbol": "Br",
    "central_metal": "Pb",
    "total_spacer_molecules": 2,
    "analyzed_molecules": 2
  },
  "penetration_analysis": {
    "molecule_0": {
      "formula": "C9H24N2",
      "n1_position": [
        7.6966367259488315,
        4.331183280425236,
        2.887915377580496
      ],
      "n2_position": [
        1.0826305356145658,
        2.8568313395781466,
        12.312470333966004
      ],
      "molecular_vector": [
        -6.6140061903342655,
        -1.4743519408470895,
        9.424554956385508
      ],
      "molecular_vector_length": 11.60780029364695,
      "low_plane_intersection": [
        7.7136258781501805,
        4.334970393530454,
        2.8637068730862
      ],
      "high_plane_intersection": [
        1.0501161868192508,
        2.849583448984726,
        12.358801295606222
      ],
      "penetration_segments": {
        "n1_to_low_plane": 0.02981652575406261,
        "low_plane_to_high_plane": 11.694680580249251,
        "high_plane_to_n2": 0.057063760848238,
        "total_calculated": 11.781560866851551,
        "molecular_length": 11.60780029364695,
        "length_difference": 0.1737605732046017
      },
      "penetration_parameters": {
        "t_low_plane": -0.02981652575406274,
        "t_high_plane": 11.664864054495187
      }
    },
    "molecule_1": {
      "formula": "C9H24N2",
      "n1_position": [
        4.031067930035867,
        0.5557840584526508,
        2.94716512885563
      ],
      "n2_position": [
        5.140223876416614,
        7.054176586385419,
        12.230695097234818
      ],
      "molecular_vector": [
        1.1091559463807465,
        6.498392527932769,
        9.283529968379188
      ],
      "molecular_vector_length": 11.386099465325195,
      "low_plane_intersection": [
        4.021973591693931,
        0.502501577733351,
        2.8710463803465185
      ],
      "high_plane_intersection": [
        5.1517954627023395,
        7.121972922960868,
        12.327548175844509
      ],
      "penetration_segments": {
        "n1_to_low_plane": 0.09335841481127212,
        "low_plane_to_high_plane": 11.598246615706783,
        "high_plane_to_n2": 0.11878873557031594,
        "total_calculated": 11.81039376608837,
        "molecular_length": 11.386099465325195,
        "length_difference": 0.42429430076317587
      },
      "penetration_parameters": {
        "t_low_plane": -0.09335841481127212,
        "t_high_plane": 11.504888200895511
      }
    },
    "comparative_analysis": {
      "molecule_1": {
        "id": "molecule_0",
        "segments": {
          "n1_to_low_plane": 0.02981652575406261,
          "low_plane_to_high_plane": 11.694680580249251,
          "high_plane_to_n2": 0.057063760848238,
          "total_calculated": 11.781560866851551,
          "molecular_length": 11.60780029364695,
          "length_difference": 0.1737605732046017
        }
      },
      "molecule_2": {
        "id": "molecule_1",
        "segments": {
          "n1_to_low_plane": 0.09335841481127212,
          "low_plane_to_high_plane": 11.598246615706783,
          "high_plane_to_n2": 0.11878873557031594,
          "total_calculated": 11.81039376608837,
          "molecular_length": 11.386099465325195,
          "length_difference": 0.42429430076317587
        }
      },
      "penetration_comparison": {
        "n1_to_low_diff": 0.0635418890572095,
        "low_to_high_diff": 0.09643396454246833,
        "high_to_n2_diff": 0.06172497472207794
      }
    },
    "plane_reference": {
      "plane_analysis": {
        "low_plane": {
          "normal_vector": [
            0.05832387367838157,
            -0.054271878981403586,
            0.996821392683251
          ],
          "center_position": [
            5.3007997703475045,
            5.775950810964462,
            3.0833350648123203
          ],
          "angle_vs_z_axis_degrees": 0.3466967158322765
        },
        "high_plane": {
          "normal_vector": [
            0.061090823568287524,
            -0.051358038081056025,
            0.996810043689475
          ],
          "center_position": [
            6.448771156888634,
            4.533537542643065,
            12.114698919878643
          ],
          "angle_vs_z_axis_degrees": 0.5768287695384394
        }
      },
      "vector_analysis_results": {
        "angle_between_planes_degrees": 0.23023089023121193,
        "distance_between_plane_centers_angstrom": 9.188414559444771,
        "angle_between_low_plane_and_z": 0.3466967158322765,
        "angle_between_high_plane_and_z": 0.5768287695384394
      }
    }
  }
}