{
  "experiment": {
    "name": "CONTCAR",
    "file_path": "/home/dotempo/Documents/DION-JACOBSON/BULKS/MAPbCl3/MAPbCl3_n1_CC(C)(CCCC[NH3+])CCCC[NH3+]/CONTCAR",
    "timestamp": "2025-08-06 13:13:08.817841"
  },
  "salt_structure_info": {
    "total_atoms": 86,
    "halogen_symbol": "Cl"
  },
  "vector_analysis": {
    "plane_analysis": {
      "low_plane": {
        "normal_vector": [
          -0.05486104586745805,
          0.19553503253660703,
          0.9791610269497233
        ],
        "center_position": [
          6.269229592036679,
          2.197229117656634,
          5.369832557197162
        ],
        "angle_vs_z_axis_degrees": 18.31953119826707
      },
      "high_plane": {
        "normal_vector": [
          0.05588253779395711,
          -0.14466550743319934,
          0.9879013275265917
        ],
        "center_position": [
          5.725342688259595,
          2.100408956037354,
          15.045639089944586
        ],
        "angle_vs_z_axis_degrees": 10.905544117853648
      }
    },
    "vector_analysis_results": {
      "angle_between_planes_degrees": 20.61595399855788,
      "distance_between_plane_centers_angstrom": 9.69156433022832,
      "angle_between_low_plane_and_z": 18.31953119826707,
      "angle_between_high_plane_and_z": 10.905544117853648
    }
  }
}