{
  "experiment": {
    "name": "CONTCAR",
    "file_path": "/home/dotempo/Documents/DION-JACOBSON/BULKS/MAPbCl3/MAPbCl3_n1_CC(C)(CCCC[NH3+])CCCC[NH3+]/CONTCAR",
    "timestamp": "2025-08-06 13:13:08.841173"
  },
  "analysis_parameters": {
    "halogen_symbol": "Cl",
    "central_metal": "Pb",
    "total_spacer_molecules": 2,
    "analyzed_molecules": 2
  },
  "penetration_analysis": {
    "molecule_0": {
      "formula": "C11H28N2",
      "n1_position": [
        7.536118073021006,
        3.732122610319968,
        5.357080098813055
      ],
      "n2_position": [
        4.547694001878437,
        3.3962220241541714,
        15.288040688972465
      ],
      "molecular_vector": [
        -2.9884240711425694,
        -0.33590058616579643,
        9.93096059015941
      ],
      "molecular_vector_length": 10.376294419303559,
      "low_plane_intersection": [
        7.602485839772978,
        3.7395823855137804,
        5.136530518037282
      ],
      "high_plane_intersection": [
        4.543438914320013,
        3.3957437498627603,
        15.302180953487946
      ],
      "penetration_segments": {
        "n1_to_low_plane": 0.23043968037201346,
        "low_plane_to_high_plane": 10.621508455735837,
        "high_plane_to_n2": 0.014774356060263649,
        "total_calculated": 10.866722492168114,
        "molecular_length": 10.376294419303559,
        "length_difference": 0.4904280728645549
      },
      "penetration_parameters": {
        "t_low_plane": -0.2304396803720139,
        "t_high_plane": 10.391068775363822
      }
    },
    "molecule_1": {
      "formula": "C11H28N2",
      "n1_position": [
        3.6099005340993466,
        0.6588798022055272,
        4.431550462971527
      ],
      "n2_position": [
        8.575011847915244,
        0.9368112145368691,
        15.764248198218798
      ],
      "molecular_vector": [
        4.965111313815897,
        0.2779314123313419,
        11.33269773524727
      ],
      "molecular_vector_length": 12.375767216097017,
      "low_plane_intersection": [
        4.099925025135788,
        0.6863098415868669,
        5.550014700486564
      ],
      "high_plane_intersection": [
        8.124443810339102,
        0.9115898240946363,
        14.735841974010773
      ],
      "penetration_segments": {
        "n1_to_low_plane": 1.2214084736385602,
        "low_plane_to_high_plane": 10.03129728509699,
        "high_plane_to_n2": 1.1230614573614668,
        "total_calculated": 12.375767216097017,
        "molecular_length": 12.375767216097017,
        "length_difference": 0.0
      },
      "penetration_parameters": {
        "t_low_plane": 1.2214084736385602,
        "t_high_plane": 11.25270575873555
      }
    },
    "comparative_analysis": {
      "molecule_1": {
        "id": "molecule_0",
        "segments": {
          "n1_to_low_plane": 0.23043968037201346,
          "low_plane_to_high_plane": 10.621508455735837,
          "high_plane_to_n2": 0.014774356060263649,
          "total_calculated": 10.866722492168114,
          "molecular_length": 10.376294419303559,
          "length_difference": 0.4904280728645549
        }
      },
      "molecule_2": {
        "id": "molecule_1",
        "segments": {
          "n1_to_low_plane": 1.2214084736385602,
          "low_plane_to_high_plane": 10.03129728509699,
          "high_plane_to_n2": 1.1230614573614668,
          "total_calculated": 12.375767216097017,
          "molecular_length": 12.375767216097017,
          "length_difference": 0.0
        }
      },
      "penetration_comparison": {
        "n1_to_low_diff": 0.9909687932665467,
        "low_to_high_diff": 0.5902111706388471,
        "high_to_n2_diff": 1.1082871013012032
      }
    },
    "plane_reference": {
      "plane_analysis": {
        "low_plane": {
          "normal_vector": [
            -0.05486104586745805,
            0.19553503253660703,
            0.9791610269497233
          ],
          "center_position": [
            6.269229592036679,
            2.197229117656634,
            5.369832557197162
          ],
          "angle_vs_z_axis_degrees": 18.31953119826707
        },
        "high_plane": {
          "normal_vector": [
            0.05588253779395711,
            -0.14466550743319934,
            0.9879013275265917
          ],
          "center_position": [
            5.725342688259595,
            2.100408956037354,
            15.045639089944586
          ],
          "angle_vs_z_axis_degrees": 10.905544117853648
        }
      },
      "vector_analysis_results": {
        "angle_between_planes_degrees": 20.61595399855788,
        "distance_between_plane_centers_angstrom": 9.69156433022832,
        "angle_between_low_plane_and_z": 18.31953119826707,
        "angle_between_high_plane_and_z": 10.905544117853648
      }
    }
  }
}