{
  "experiment": {
    "name": "CONTCAR",
    "file_path": "/home/dotempo/Documents/DION-JACOBSON/BULKS/MAPbI3/MAPbI3_n1_CC(C)(CCCC[NH3+])CCCC[NH3+]/CONTCAR",
    "timestamp": "2025-08-06 13:16:06.851432"
  },
  "analysis_parameters": {
    "halogen_symbol": "I",
    "central_metal": "Pb",
    "total_spacer_molecules": 2,
    "analyzed_molecules": 2
  },
  "penetration_analysis": {
    "molecule_0": {
      "formula": "C11H28N2",
      "n1_position": [
        5.277480604210782,
        7.446998815617088,
        4.186610609435801
      ],
      "n2_position": [
        5.564511409151959,
        7.406691684191579,
        16.04642725322401
      ],
      "molecular_vector": [
        0.2870308049411774,
        -0.04030713142550901,
        11.859816643788209
      ],
      "molecular_vector_length": 11.863357963582855,
      "low_plane_intersection": [
        5.294056639073447,
        7.444671077951926,
        4.8715152634590355
      ],
      "high_plane_intersection": [
        5.548999489623466,
        7.4088699903814845,
        15.405490746639533
      ],
      "penetration_segments": {
        "n1_to_low_plane": 0.685109165313888,
        "low_plane_to_high_plane": 10.537120909203121,
        "high_plane_to_n2": 0.6411278890658473,
        "total_calculated": 11.863357963582857,
        "molecular_length": 11.863357963582855,
        "length_difference": 1.7763568394002505e-15
      },
      "penetration_parameters": {
        "t_low_plane": 0.6851091653138881,
        "t_high_plane": 11.222230074517007
      }
    },
    "molecule_1": {
      "formula": "C11H28N2",
      "n1_position": [
        1.0602518635223956,
        5.100238984929887,
        4.140893664376294
      ],
      "n2_position": [
        1.3523393215558819,
        5.0692067551511215,
        16.004564899072598
      ],
      "molecular_vector": [
        0.29208745803348624,
        -0.03103222977876552,
        11.863671234696305
      ],
      "molecular_vector_length": 11.867306907946135,
      "low_plane_intersection": [
        1.0779384879443072,
        5.0983599059828935,
        4.859268560737144
      ],
      "high_plane_intersection": [
        1.3372737595048099,
        5.070807364730399,
        15.392649288785268
      ],
      "penetration_segments": {
        "n1_to_low_plane": 0.7185950454481251,
        "low_plane_to_high_plane": 10.536608728031068,
        "high_plane_to_n2": 0.612103134466942,
        "total_calculated": 11.867306907946135,
        "molecular_length": 11.867306907946135,
        "length_difference": 0.0
      },
      "penetration_parameters": {
        "t_low_plane": 0.7185950454481249,
        "t_high_plane": 11.255203773479193
      }
    },
    "comparative_analysis": {
      "molecule_1": {
        "id": "molecule_0",
        "segments": {
          "n1_to_low_plane": 0.685109165313888,
          "low_plane_to_high_plane": 10.537120909203121,
          "high_plane_to_n2": 0.6411278890658473,
          "total_calculated": 11.863357963582857,
          "molecular_length": 11.863357963582855,
          "length_difference": 1.7763568394002505e-15
        }
      },
      "molecule_2": {
        "id": "molecule_1",
        "segments": {
          "n1_to_low_plane": 0.7185950454481251,
          "low_plane_to_high_plane": 10.536608728031068,
          "high_plane_to_n2": 0.612103134466942,
          "total_calculated": 11.867306907946135,
          "molecular_length": 11.867306907946135,
          "length_difference": 0.0
        }
      },
      "penetration_comparison": {
        "n1_to_low_diff": 0.033485880134237145,
        "low_to_high_diff": 0.0005121811720538716,
        "high_to_n2_diff": 0.0290247545989053
      }
    },
    "plane_reference": {
      "plane_analysis": {
        "low_plane": {
          "normal_vector": [
            0.0034495637788798275,
            -0.011417752400739885,
            0.9999288651898448
          ],
          "center_position": [
            2.30994178075743,
            2.069084368000067,
            4.820428405869445
          ],
          "angle_vs_z_axis_degrees": 0.8036602383804283
        },
        "high_plane": {
          "normal_vector": [
            0.00334047950951754,
            -0.011509409050027971,
            0.9999281847712693
          ],
          "center_position": [
            2.5923537515169803,
            2.0334297580251635,
            15.353495486634923
          ],
          "angle_vs_z_axis_degrees": 0.8118134350400797
        }
      },
      "vector_analysis_results": {
        "angle_between_planes_degrees": 0.008163549227506908,
        "distance_between_plane_centers_angstrom": 10.53691273098274,
        "angle_between_low_plane_and_z": 0.8036602383804283,
        "angle_between_high_plane_and_z": 0.8118134350400797
      }
    }
  }
}