{
  "experiment": {
    "name": "CONTCAR",
    "file_path": "/home/dotempo/Documents/DION-JACOBSON/BULKS/MAPbI3/MAPbI3_n1_CC(C)(CCCC[NH3+])CCCC[NH3+]/CONTCAR",
    "timestamp": "2025-08-06 13:16:06.825560"
  },
  "salt_structure_info": {
    "total_atoms": 86,
    "halogen_symbol": "I"
  },
  "vector_analysis": {
    "plane_analysis": {
      "low_plane": {
        "normal_vector": [
          0.0034495637788798275,
          -0.011417752400739885,
          0.9999288651898448
        ],
        "center_position": [
          2.30994178075743,
          2.069084368000067,
          4.820428405869445
        ],
        "angle_vs_z_axis_degrees": 0.8036602383804283
      },
      "high_plane": {
        "normal_vector": [
          0.00334047950951754,
          -0.011509409050027971,
          0.9999281847712693
        ],
        "center_position": [
          2.5923537515169803,
          2.0334297580251635,
          15.353495486634923
        ],
        "angle_vs_z_axis_degrees": 0.8118134350400797
      }
    },
    "vector_analysis_results": {
      "angle_between_planes_degrees": 0.008163549227506908,
      "distance_between_plane_centers_angstrom": 10.53691273098274,
      "angle_between_low_plane_and_z": 0.8036602383804283,
      "angle_between_high_plane_and_z": 0.8118134350400797
    }
  }
}