{
  "experiment": {
    "name": "CONTCAR",
    "file_path": "/home/dotempo/Documents/DION-JACOBSON/BULKS/MAPbCl3/MAPbCl3_n3_[NH3+]CCCC1=CC=C(CCC[NH3+])C=C1/CONTCAR",
    "timestamp": "2025-08-06 13:13:54.190398"
  },
  "analysis_parameters": {
    "halogen_symbol": "Cl",
    "central_metal": "Pb",
    "total_spacer_molecules": 6,
    "analyzed_molecules": 2
  },
  "penetration_analysis": {
    "molecule_4": {
      "formula": "C12H22N2",
      "n1_position": [
        3.0008466588701155,
        4.15358763150171,
        3.7200804937208107
      ],
      "n2_position": [
        0.7730475848772896,
        3.0178289514966905,
        14.23694192629506
      ],
      "molecular_vector": [
        -2.2277990739928257,
        -1.13575868000502,
        10.516861432574249
      ],
      "molecular_vector_length": 10.810060632820601,
      "low_plane_intersection": [
        2.9486213732233755,
        4.126962554679716,
        3.966622517566333
      ],
      "high_plane_intersection": [
        0.9083185947764578,
        3.086791734289606,
        13.598362584216336
      ],
      "penetration_segments": {
        "n1_to_low_plane": 0.25341536002876136,
        "low_plane_to_high_plane": 9.90026300028642,
        "high_plane_to_n2": 0.6563822725054207,
        "total_calculated": 10.810060632820601,
        "molecular_length": 10.810060632820601,
        "length_difference": 0.0
      },
      "penetration_parameters": {
        "t_low_plane": 0.2534153600287612,
        "t_high_plane": 10.153678360315181
      }
    },
    "molecule_5": {
      "formula": "C12H22N2",
      "n1_position": [
        5.664572254213791,
        0.13406876024629216,
        3.2932102218857815
      ],
      "n2_position": [
        3.970340487590874,
        -0.04499637227077373,
        14.022698055598186
      ],
      "molecular_vector": [
        -1.694231766622917,
        -0.1790651325170659,
        10.729487833712405
      ],
      "molecular_vector_length": 10.863903293683173,
      "low_plane_intersection": [
        5.637795525739229,
        0.13123869972734178,
        3.462785948214602
      ],
      "high_plane_intersection": [
        4.111446490694622,
        -0.030082730794737306,
        13.129080562766458
      ],
      "penetration_segments": {
        "n1_to_low_plane": 0.171700114706684,
        "low_plane_to_high_plane": 9.78739074299384,
        "high_plane_to_n2": 0.9048124359826485,
        "total_calculated": 10.863903293683173,
        "molecular_length": 10.863903293683173,
        "length_difference": 0.0
      },
      "penetration_parameters": {
        "t_low_plane": 0.171700114706684,
        "t_high_plane": 9.959090857700524
      }
    },
    "comparative_analysis": {
      "molecule_1": {
        "id": "molecule_4",
        "segments": {
          "n1_to_low_plane": 0.25341536002876136,
          "low_plane_to_high_plane": 9.90026300028642,
          "high_plane_to_n2": 0.6563822725054207,
          "total_calculated": 10.810060632820601,
          "molecular_length": 10.810060632820601,
          "length_difference": 0.0
        }
      },
      "molecule_2": {
        "id": "molecule_5",
        "segments": {
          "n1_to_low_plane": 0.171700114706684,
          "low_plane_to_high_plane": 9.78739074299384,
          "high_plane_to_n2": 0.9048124359826485,
          "total_calculated": 10.863903293683173,
          "molecular_length": 10.863903293683173,
          "length_difference": 0.0
        }
      },
      "penetration_comparison": {
        "n1_to_low_diff": 0.08171524532207736,
        "low_to_high_diff": 0.11287225729258132,
        "high_to_n2_diff": 0.2484301634772278
      }
    },
    "plane_reference": {
      "plane_analysis": {
        "low_plane": {
          "normal_vector": [
            0.06567228887964563,
            -0.08120608007331814,
            0.9945314087712034
          ],
          "center_position": [
            4.5046376472682415,
            5.332183297636311,
            3.9622828878131813
          ],
          "angle_vs_z_axis_degrees": 4.571839242099288
        },
        "high_plane": {
          "normal_vector": [
            0.0705912543204562,
            -0.0771910459655666,
            0.9945141614055611
          ],
          "center_position": [
            5.4918188721178085,
            1.5427501869174258,
            13.153179164016564
          ],
          "angle_vs_z_axis_degrees": 4.585428416186445
        }
      },
      "vector_analysis_results": {
        "angle_between_planes_degrees": 0.36380407542687015,
        "distance_between_plane_centers_angstrom": 9.990340556319254,
        "angle_between_low_plane_and_z": 4.571839242099288,
        "angle_between_high_plane_and_z": 4.585428416186445
      }
    }
  }
}