{
  "experiment": {
    "name": "CONTCAR",
    "file_path": "/home/dotempo/Documents/DION-JACOBSON/BULKS/MAPbI3/MAPbI3_n1_[NH3+]CCCCCCCCCC[NH3+]/CONTCAR",
    "timestamp": "2025-08-06 13:15:40.749111"
  },
  "salt_structure_info": {
    "total_atoms": 80,
    "halogen_symbol": "I"
  },
  "vector_analysis": {
    "plane_analysis": {
      "low_plane": {
        "normal_vector": [
          0.10978237211835411,
          -0.24130755240653584,
          0.9642191119883664
        ],
        "center_position": [
          6.264151330356823,
          6.044048195269405,
          5.999037515514104
        ],
        "angle_vs_z_axis_degrees": 16.803840004953752
      },
      "high_plane": {
        "normal_vector": [
          0.02878859025676184,
          -0.2849785225715251,
          0.9581014866620231
        ],
        "center_position": [
          7.788065729207582,
          2.0954623240144943,
          13.931469917766147
        ],
        "angle_vs_z_axis_degrees": 21.75853724333991
      }
    },
    "vector_analysis_results": {
      "angle_between_planes_degrees": 5.285704386666564,
      "distance_between_plane_centers_angstrom": 8.990947074363007,
      "angle_between_low_plane_and_z": 16.803840004953752,
      "angle_between_high_plane_and_z": 21.75853724333991
    }
  }
}