{
  "experiment": {
    "name": "CONTCAR",
    "file_path": "/home/dotempo/Documents/DION-JACOBSON/BULKS/MAPbI3/MAPbI3_n1_[NH3+]CCCCCCCCCC[NH3+]/CONTCAR",
    "timestamp": "2025-08-06 13:15:40.776338"
  },
  "analysis_parameters": {
    "halogen_symbol": "I",
    "central_metal": "Pb",
    "total_spacer_molecules": 2,
    "analyzed_molecules": 2
  },
  "penetration_analysis": {
    "molecule_0": {
      "formula": "C10H26N2",
      "n1_position": [
        8.141446446331223,
        4.5702965292211,
        5.8922149366779175
      ],
      "n2_position": [
        6.418778616655297,
        4.9806206164396585,
        14.404810458650699
      ],
      "molecular_vector": [
        -1.7226678296759257,
        0.41032408721855873,
        8.51259552197278
      ],
      "molecular_vector_length": 8.694839436623493,
      "low_plane_intersection": [
        8.241223762706692,
        4.546530463841807,
        5.399163448781923
      ],
      "high_plane_intersection": [
        6.3307802209704755,
        5.001581048139869,
        14.839656188130839
      ],
      "penetration_segments": {
        "n1_to_low_plane": 0.503607097292281,
        "low_plane_to_high_plane": 9.642601761046196,
        "high_plane_to_n2": 0.4441552271304215,
        "total_calculated": 10.590364085468899,
        "molecular_length": 8.694839436623493,
        "length_difference": 1.8955246488454058
      },
      "penetration_parameters": {
        "t_low_plane": -0.5036070972922813,
        "t_high_plane": 9.138994663753916
      }
    },
    "molecule_1": {
      "formula": "C10H26N2",
      "n1_position": [
        4.668766096455793,
        0.40886600206310686,
        4.920420856216214
      ],
      "n2_position": [
        10.707913402232833,
        7.636809326105143,
        14.894881980607177
      ],
      "molecular_vector": [
        6.03914730577704,
        7.2279433240420365,
        9.974461124390963
      ],
      "molecular_vector_length": 13.718758675566262,
      "low_plane_intersection": [
        4.566436466214602,
        0.2863929557365209,
        4.751409757954431
      ],
      "high_plane_intersection": [
        11.158302778844156,
        8.175857096107897,
        15.638760395950829
      ],
      "penetration_segments": {
        "n1_to_low_plane": 0.23245591332006801,
        "low_plane_to_high_plane": 14.974336373291031,
        "high_plane_to_n2": 1.0231217844047014,
        "total_calculated": 16.229914071015802,
        "molecular_length": 13.718758675566262,
        "length_difference": 2.5111553954495403
      },
      "penetration_parameters": {
        "t_low_plane": -0.23245591332006804,
        "t_high_plane": 14.741880459970963
      }
    },
    "comparative_analysis": {
      "molecule_1": {
        "id": "molecule_0",
        "segments": {
          "n1_to_low_plane": 0.503607097292281,
          "low_plane_to_high_plane": 9.642601761046196,
          "high_plane_to_n2": 0.4441552271304215,
          "total_calculated": 10.590364085468899,
          "molecular_length": 8.694839436623493,
          "length_difference": 1.8955246488454058
        }
      },
      "molecule_2": {
        "id": "molecule_1",
        "segments": {
          "n1_to_low_plane": 0.23245591332006801,
          "low_plane_to_high_plane": 14.974336373291031,
          "high_plane_to_n2": 1.0231217844047014,
          "total_calculated": 16.229914071015802,
          "molecular_length": 13.718758675566262,
          "length_difference": 2.5111553954495403
        }
      },
      "penetration_comparison": {
        "n1_to_low_diff": 0.27115118397221305,
        "low_to_high_diff": 5.331734612244835,
        "high_to_n2_diff": 0.5789665572742799
      }
    },
    "plane_reference": {
      "plane_analysis": {
        "low_plane": {
          "normal_vector": [
            0.10978237211835411,
            -0.24130755240653584,
            0.9642191119883664
          ],
          "center_position": [
            6.264151330356823,
            6.044048195269405,
            5.999037515514104
          ],
          "angle_vs_z_axis_degrees": 16.803840004953752
        },
        "high_plane": {
          "normal_vector": [
            0.02878859025676184,
            -0.2849785225715251,
            0.9581014866620231
          ],
          "center_position": [
            7.788065729207582,
            2.0954623240144943,
            13.931469917766147
          ],
          "angle_vs_z_axis_degrees": 21.75853724333991
        }
      },
      "vector_analysis_results": {
        "angle_between_planes_degrees": 5.285704386666564,
        "distance_between_plane_centers_angstrom": 8.990947074363007,
        "angle_between_low_plane_and_z": 16.803840004953752,
        "angle_between_high_plane_and_z": 21.75853724333991
      }
    }
  }
}