{
  "experiment": {
    "name": "CONTCAR",
    "file_path": "/home/dotempo/Documents/DION-JACOBSON/BULKS/MAPbCl3/MAPbCl3_n3_[NH3+]CC1CCC(C[NH3+])CC1/CONTCAR",
    "timestamp": "2025-08-06 13:13:04.937566"
  },
  "salt_structure_info": {
    "total_atoms": 64,
    "halogen_symbol": "Cl"
  },
  "vector_analysis": {
    "plane_analysis": {
      "low_plane": {
        "normal_vector": [
          0.0062338436552257515,
          0.008998495770868711,
          0.9999400813384488
        ],
        "center_position": [
          2.7294746926040285,
          2.310783655811497,
          4.802774326678369
        ],
        "angle_vs_z_axis_degrees": 1.9494101691735353
      },
      "high_plane": {
        "normal_vector": [
          0.04218021784304276,
          0.036866635796113836,
          0.9984296071270072
        ],
        "center_position": [
          2.0219652357723104,
          1.9289095867162438,
          10.226851214733735
        ],
        "angle_vs_z_axis_degrees": 4.524589636763461
      }
    },
    "vector_analysis_results": {
      "angle_between_planes_degrees": 2.607690820410839,
      "distance_between_plane_centers_angstrom": 5.483339085237211,
      "angle_between_low_plane_and_z": 1.9494101691735353,
      "angle_between_high_plane_and_z": 4.524589636763461
    }
  }
}