{
  "experiment": {
    "name": "CONTCAR",
    "file_path": "/home/dotempo/Documents/DION-JACOBSON/BULKS/MAPbCl3/MAPbCl3_n3_[NH3+]CC1CCC(C[NH3+])CC1/CONTCAR",
    "timestamp": "2025-08-06 13:13:04.961430"
  },
  "analysis_parameters": {
    "halogen_symbol": "Cl",
    "central_metal": "Pb",
    "total_spacer_molecules": 6,
    "analyzed_molecules": 2
  },
  "penetration_analysis": {
    "molecule_1": {
      "formula": "C8H20N2",
      "n1_position": [
        7.7875826627993305,
        5.061480846119341,
        4.077815664976478
      ],
      "n2_position": [
        0.434650973430902,
        3.647831284437188,
        10.604062513089943
      ],
      "molecular_vector": [
        -7.352931689368429,
        -1.4136495616821532,
        6.526246848113465
      ],
      "molecular_vector_length": 9.93256801810456,
      "low_plane_intersection": [
        7.027388425548865,
        4.915328495508462,
        4.752541808833256
      ],
      "high_plane_intersection": [
        0.8803823633236778,
        3.7335260808217337,
        10.208444383983833
      ],
      "penetration_segments": {
        "n1_to_low_plane": 1.0268939366564305,
        "low_plane_to_high_plane": 8.3035663052647,
        "high_plane_to_n2": 0.6021077761834279,
        "total_calculated": 9.932568018104558,
        "molecular_length": 9.93256801810456,
        "length_difference": 1.7763568394002505e-15
      },
      "penetration_parameters": {
        "t_low_plane": 1.0268939366564305,
        "t_high_plane": 9.330460241921132
      }
    },
    "molecule_2": {
      "formula": "C8H20N2",
      "n1_position": [
        4.009149842254086,
        7.793317685904694,
        4.102459795331329
      ],
      "n2_position": [
        3.5029334336058615,
        0.29459296119192935,
        10.5925993041236
      ],
      "molecular_vector": [
        -0.5062164086482244,
        -7.498724724712765,
        6.4901395087922715
      ],
      "molecular_vector_length": 9.93020837611123,
      "low_plane_intersection": [
        3.9584454808694183,
        7.042219851321863,
        4.752534296016655
      ],
      "high_plane_intersection": [
        3.533016630602825,
        0.7402237413595012,
        10.206906264456745
      ],
      "penetration_segments": {
        "n1_to_low_plane": 0.994643527008405,
        "low_plane_to_high_plane": 8.345436971586624,
        "high_plane_to_n2": 0.5901278775162008,
        "total_calculated": 9.93020837611123,
        "molecular_length": 9.93020837611123,
        "length_difference": 0.0
      },
      "penetration_parameters": {
        "t_low_plane": 0.9946435270084054,
        "t_high_plane": 9.340080498595029
      }
    },
    "comparative_analysis": {
      "molecule_1": {
        "id": "molecule_1",
        "segments": {
          "n1_to_low_plane": 1.0268939366564305,
          "low_plane_to_high_plane": 8.3035663052647,
          "high_plane_to_n2": 0.6021077761834279,
          "total_calculated": 9.932568018104558,
          "molecular_length": 9.93256801810456,
          "length_difference": 1.7763568394002505e-15
        }
      },
      "molecule_2": {
        "id": "molecule_2",
        "segments": {
          "n1_to_low_plane": 0.994643527008405,
          "low_plane_to_high_plane": 8.345436971586624,
          "high_plane_to_n2": 0.5901278775162008,
          "total_calculated": 9.93020837611123,
          "molecular_length": 9.93020837611123,
          "length_difference": 0.0
        }
      },
      "penetration_comparison": {
        "n1_to_low_diff": 0.0322504096480255,
        "low_to_high_diff": 0.04187066632192327,
        "high_to_n2_diff": 0.011979898667227151
      }
    },
    "plane_reference": {
      "plane_analysis": {
        "low_plane": {
          "normal_vector": [
            0.0062338436552257515,
            0.008998495770868711,
            0.9999400813384488
          ],
          "center_position": [
            2.7294746926040285,
            2.310783655811497,
            4.802774326678369
          ],
          "angle_vs_z_axis_degrees": 1.9494101691735353
        },
        "high_plane": {
          "normal_vector": [
            0.04218021784304276,
            0.036866635796113836,
            0.9984296071270072
          ],
          "center_position": [
            2.0219652357723104,
            1.9289095867162438,
            10.226851214733735
          ],
          "angle_vs_z_axis_degrees": 4.524589636763461
        }
      },
      "vector_analysis_results": {
        "angle_between_planes_degrees": 2.607690820410839,
        "distance_between_plane_centers_angstrom": 5.483339085237211,
        "angle_between_low_plane_and_z": 1.9494101691735353,
        "angle_between_high_plane_and_z": 4.524589636763461
      }
    }
  }
}