{
  "experiment": {
    "name": "CONTCAR",
    "file_path": "/home/dotempo/Documents/DION-JACOBSON/BULKS/MAPbBr3/MAPbBr3_n3_CC(C)(CC[NH3+])C(C)(C)CC[NH3+]/CONTCAR",
    "timestamp": "2025-08-06 13:14:53.645413"
  },
  "analysis_parameters": {
    "halogen_symbol": "Br",
    "central_metal": "Pb",
    "total_spacer_molecules": 6,
    "analyzed_molecules": 2
  },
  "penetration_analysis": {
    "molecule_1": {
      "formula": "C10H26N2",
      "n1_position": [
        7.855239997990218,
        3.8861981063791378,
        3.416255126748539
      ],
      "n2_position": [
        1.2425537757487466,
        4.633772508778144,
        11.888106289014601
      ],
      "molecular_vector": [
        -6.6126862222414715,
        0.7475744023990059,
        8.471851162266063
      ],
      "molecular_vector_length": 10.773056607877509,
      "low_plane_intersection": [
        7.578301540952886,
        3.917506427167843,
        3.7710551747587733
      ],
      "high_plane_intersection": [
        1.6860227351386348,
        4.58363765719796,
        11.319955481193169
      ],
      "penetration_segments": {
        "n1_to_low_plane": 0.4511742390749845,
        "low_plane_to_high_plane": 9.599404990808262,
        "high_plane_to_n2": 0.7224773779942617,
        "total_calculated": 10.773056607877507,
        "molecular_length": 10.773056607877509,
        "length_difference": 1.7763568394002505e-15
      },
      "penetration_parameters": {
        "t_low_plane": 0.4511742390749845,
        "t_high_plane": 10.050579229883246
      }
    },
    "molecule_4": {
      "formula": "C10H26N2",
      "n1_position": [
        3.509076393696573,
        7.739758123671238,
        3.184819985674236
      ],
      "n2_position": [
        5.323753645969462,
        0.2691023326891868,
        11.83469722114914
      ],
      "molecular_vector": [
        1.814677252272889,
        -7.470655790982051,
        8.649877235474904
      ],
      "molecular_vector_length": 11.572559253079557,
      "low_plane_intersection": [
        3.6440266910788597,
        7.184195298727575,
        3.828076798303346
      ],
      "high_plane_intersection": [
        5.239517533554296,
        0.6158852111519959,
        11.43317566668416
      ],
      "penetration_segments": {
        "n1_to_low_plane": 0.8606049977874357,
        "low_plane_to_high_plane": 10.174763743341524,
        "high_plane_to_n2": 0.5371905119505977,
        "total_calculated": 11.572559253079557,
        "molecular_length": 11.572559253079557,
        "length_difference": 0.0
      },
      "penetration_parameters": {
        "t_low_plane": 0.8606049977874354,
        "t_high_plane": 11.03536874112896
      }
    },
    "comparative_analysis": {
      "molecule_1": {
        "id": "molecule_1",
        "segments": {
          "n1_to_low_plane": 0.4511742390749845,
          "low_plane_to_high_plane": 9.599404990808262,
          "high_plane_to_n2": 0.7224773779942617,
          "total_calculated": 10.773056607877507,
          "molecular_length": 10.773056607877509,
          "length_difference": 1.7763568394002505e-15
        }
      },
      "molecule_2": {
        "id": "molecule_4",
        "segments": {
          "n1_to_low_plane": 0.8606049977874357,
          "low_plane_to_high_plane": 10.174763743341524,
          "high_plane_to_n2": 0.5371905119505977,
          "total_calculated": 11.572559253079557,
          "molecular_length": 11.572559253079557,
          "length_difference": 0.0
        }
      },
      "penetration_comparison": {
        "n1_to_low_diff": 0.4094307587124512,
        "low_to_high_diff": 0.575358752533262,
        "high_to_n2_diff": 0.18528686604366396
      }
    },
    "plane_reference": {
      "plane_analysis": {
        "low_plane": {
          "normal_vector": [
            -0.0034512300047406497,
            -0.02160783008486395,
            0.9997605666810819
          ],
          "center_position": [
            2.3925966848444724,
            2.5188286725896383,
            3.722924199140003
          ],
          "angle_vs_z_axis_degrees": 2.167347129296156
        },
        "high_plane": {
          "normal_vector": [
            0.0010877300263006165,
            0.029496824214791245,
            0.9995642821773052
          ],
          "center_position": [
            2.3923171407657025,
            5.802335512495171,
            11.28322350237428
          ],
          "angle_vs_z_axis_degrees": 1.9939567051558218
        }
      },
      "vector_analysis_results": {
        "angle_between_planes_degrees": 2.9399513596023295,
        "distance_between_plane_centers_angstrom": 8.242544679911417,
        "angle_between_low_plane_and_z": 2.167347129296156,
        "angle_between_high_plane_and_z": 1.9939567051558218
      }
    }
  }
}