{
  "experiment": {
    "name": "CONTCAR",
    "file_path": "/home/dotempo/Documents/DION-JACOBSON/BULKS/MAPbBr3/MAPbBr3_n3_CC(C)(CC[NH3+])C(C)(C)CC[NH3+]/CONTCAR",
    "timestamp": "2025-08-06 13:14:53.618787"
  },
  "salt_structure_info": {
    "total_atoms": 80,
    "halogen_symbol": "Br"
  },
  "vector_analysis": {
    "plane_analysis": {
      "low_plane": {
        "normal_vector": [
          -0.0034512300047406497,
          -0.02160783008486395,
          0.9997605666810819
        ],
        "center_position": [
          2.3925966848444724,
          2.5188286725896383,
          3.722924199140003
        ],
        "angle_vs_z_axis_degrees": 2.167347129296156
      },
      "high_plane": {
        "normal_vector": [
          0.0010877300263006165,
          0.029496824214791245,
          0.9995642821773052
        ],
        "center_position": [
          2.3923171407657025,
          5.802335512495171,
          11.28322350237428
        ],
        "angle_vs_z_axis_degrees": 1.9939567051558218
      }
    },
    "vector_analysis_results": {
      "angle_between_planes_degrees": 2.9399513596023295,
      "distance_between_plane_centers_angstrom": 8.242544679911417,
      "angle_between_low_plane_and_z": 2.167347129296156,
      "angle_between_high_plane_and_z": 1.9939567051558218
    }
  }
}