{
  "experiment": {
    "name": "CONTCAR",
    "file_path": "/home/dotempo/Documents/DION-JACOBSON/BULKS/MAPbI3/MAPbI3_n2_[NH3+]CC1=CC=C(C[NH3+])C=C1/CONTCAR",
    "timestamp": "2025-08-06 13:16:07.498964"
  },
  "salt_structure_info": {
    "total_atoms": 52,
    "halogen_symbol": "I"
  },
  "vector_analysis": {
    "plane_analysis": {
      "low_plane": {
        "normal_vector": [
          -0.000287890039267573,
          0.005688681543142686,
          0.9999837778792345
        ],
        "center_position": [
          2.3543943055947345,
          2.2000154374247347,
          5.189795510825001
        ],
        "angle_vs_z_axis_degrees": 0.5024254089823154
      },
      "high_plane": {
        "normal_vector": [
          -0.0005632955712912866,
          0.005494189944810631,
          0.9999847481711658
        ],
        "center_position": [
          6.381898960590878,
          6.5252690494290215,
          10.805330650959739
        ],
        "angle_vs_z_axis_degrees": 0.4833103596331586
      }
    },
    "vector_analysis_results": {
      "angle_between_planes_degrees": 0.019317782614887362,
      "distance_between_plane_centers_angstrom": 8.152474928772232,
      "angle_between_low_plane_and_z": 0.5024254089823154,
      "angle_between_high_plane_and_z": 0.4833103596331586
    }
  }
}