{
  "experiment": {
    "name": "CONTCAR",
    "file_path": "/home/dotempo/Documents/DION-JACOBSON/BULKS/MAPbCl3/MAPbCl3_n2_CC(C)(CCC[NH3+])CCC[NH3+]/CONTCAR",
    "timestamp": "2025-08-06 13:13:46.397683"
  },
  "salt_structure_info": {
    "total_atoms": 74,
    "halogen_symbol": "Cl"
  },
  "vector_analysis": {
    "plane_analysis": {
      "low_plane": {
        "normal_vector": [
          -0.044448778683683556,
          0.10885915024977164,
          0.9930629342999499
        ],
        "center_position": [
          5.519221304003435,
          2.053052478655914,
          5.1343255403608055
        ],
        "angle_vs_z_axis_degrees": 8.692595158674639
      },
      "high_plane": {
        "normal_vector": [
          0.01789956478717389,
          -0.022142660678020325,
          0.999594571893289
        ],
        "center_position": [
          3.7252739141605797,
          2.61046558079461,
          13.46137544351083
        ],
        "angle_vs_z_axis_degrees": 4.526865929277518
      }
    },
    "vector_analysis_results": {
      "angle_between_planes_degrees": 8.328336833637465,
      "distance_between_plane_centers_angstrom": 8.53631751363026,
      "angle_between_low_plane_and_z": 8.692595158674639,
      "angle_between_high_plane_and_z": 4.526865929277518
    }
  }
}