dihedral,ideal_angle,extracted_angle,error
N1-C1-C2-C3,179.51208390561942,187.53607178862353,8.02398788300411
C1-C2-C3-N2,180.47452043154126,173.94221078518254,6.532309646358726
