{
  "experiment": {
    "name": "CONTCAR",
    "file_path": "/home/dotempo/Documents/DION-JACOBSON/BULKS/MAPbCl3/MAPbCl3_n1_[NH3+]CCCC1=CC=C(CCC[NH3+])C=C1/CONTCAR",
    "timestamp": "2025-08-06 13:13:10.108512"
  },
  "analysis_parameters": {
    "halogen_symbol": "Cl",
    "central_metal": "Pb",
    "total_spacer_molecules": 2,
    "analyzed_molecules": 2
  },
  "penetration_analysis": {
    "molecule_0": {
      "formula": "C12H22N2",
      "n1_position": [
        0.13674511681023935,
        3.611454998993153,
        4.439017226289156
      ],
      "n2_position": [
        3.796520613656139,
        3.232031366179929,
        14.571263071401178
      ],
      "molecular_vector": [
        3.6597754968458998,
        -0.37942363281322367,
        10.132245845112022
      ],
      "molecular_vector_length": 10.779625450183353,
      "low_plane_intersection": [
        -0.12886343337344305,
        3.638991704756607,
        3.703668533085377
      ],
      "high_plane_intersection": [
        3.743959267083054,
        3.2374806122004847,
        14.42574472310697
      ],
      "penetration_segments": {
        "n1_to_low_plane": 0.7823323288037419,
        "low_plane_to_high_plane": 11.407141826559565,
        "high_plane_to_n2": 0.15481595242752952,
        "total_calculated": 12.344290107790837,
        "molecular_length": 10.779625450183353,
        "length_difference": 1.5646646576074836
      },
      "penetration_parameters": {
        "t_low_plane": -0.782332328803742,
        "t_high_plane": 10.624809497755823
      }
    },
    "molecule_1": {
      "formula": "C12H22N2",
      "n1_position": [
        3.6875929153054012,
        0.8729428461510471,
        3.4880272718793974
      ],
      "n2_position": [
        0.11558822211606562,
        0.575832154403333,
        14.978641238652312
      ],
      "molecular_vector": [
        -3.5720046931893354,
        -0.2971106917477141,
        11.490613966772914
      ],
      "molecular_vector_length": 12.036681503832948,
      "low_plane_intersection": [
        3.4754945974363705,
        0.85530102220251,
        4.170316379248649
      ],
      "high_plane_intersection": [
        0.4395880719391543,
        0.6027816765276005,
        13.936381353969633
      ],
      "penetration_segments": {
        "n1_to_low_plane": 0.7147134785561511,
        "low_plane_to_high_plane": 10.230176906679992,
        "high_plane_to_n2": 1.0917911185968043,
        "total_calculated": 12.036681503832947,
        "molecular_length": 12.036681503832948,
        "length_difference": 1.7763568394002505e-15
      },
      "penetration_parameters": {
        "t_low_plane": 0.714713478556151,
        "t_high_plane": 10.944890385236144
      }
    },
    "comparative_analysis": {
      "molecule_1": {
        "id": "molecule_0",
        "segments": {
          "n1_to_low_plane": 0.7823323288037419,
          "low_plane_to_high_plane": 11.407141826559565,
          "high_plane_to_n2": 0.15481595242752952,
          "total_calculated": 12.344290107790837,
          "molecular_length": 10.779625450183353,
          "length_difference": 1.5646646576074836
        }
      },
      "molecule_2": {
        "id": "molecule_1",
        "segments": {
          "n1_to_low_plane": 0.7147134785561511,
          "low_plane_to_high_plane": 10.230176906679992,
          "high_plane_to_n2": 1.0917911185968043,
          "total_calculated": 12.036681503832947,
          "molecular_length": 12.036681503832948,
          "length_difference": 1.7763568394002505e-15
        }
      },
      "penetration_comparison": {
        "n1_to_low_diff": 0.06761885024759084,
        "low_to_high_diff": 1.1769649198795733,
        "high_to_n2_diff": 0.9369751661692748
      }
    },
    "plane_reference": {
      "plane_analysis": {
        "low_plane": {
          "normal_vector": [
            0.011405308688731328,
            0.1796652296873503,
            0.9836616919322957
          ],
          "center_position": [
            2.3093269905682514,
            2.2409815184530326,
            3.9307440699620315
          ],
          "angle_vs_z_axis_degrees": 14.949928048757942
        },
        "high_plane": {
          "normal_vector": [
            -0.003035363372418873,
            -0.17893256614351882,
            0.983856657924564
          ],
          "center_position": [
            2.45864767112175,
            1.9106764126716806,
            14.18047538840403
          ],
          "angle_vs_z_axis_degrees": 13.253836660871267
        }
      },
      "vector_analysis_results": {
        "angle_between_planes_degrees": 20.674780818422974,
        "distance_between_plane_centers_angstrom": 10.256139148275873,
        "angle_between_low_plane_and_z": 14.949928048757942,
        "angle_between_high_plane_and_z": 13.253836660871267
      }
    }
  }
}