{
  "experiment": {
    "name": "CONTCAR",
    "file_path": "/home/dotempo/Documents/DION-JACOBSON/BULKS/MAPbBr3/MAPbBr3_n2_CC(C)(CCCC[NH3+])C(C)(C)CCCC[NH3+]/CONTCAR",
    "timestamp": "2025-08-06 13:15:10.894038"
  },
  "salt_structure_info": {
    "total_atoms": 104,
    "halogen_symbol": "Br"
  },
  "vector_analysis": {
    "plane_analysis": {
      "low_plane": {
        "normal_vector": [
          -0.12314967186892364,
          -0.016965362375166305,
          0.9922430825145903
        ],
        "center_position": [
          5.9818025734661395,
          5.84232423989023,
          4.233718797261701
        ],
        "angle_vs_z_axis_degrees": 10.84929673980371
      },
      "high_plane": {
        "normal_vector": [
          0.10636677959390888,
          -0.00798529088176468,
          0.9942948975672934
        ],
        "center_position": [
          5.845024937479863,
          5.375492091125261,
          15.277892065795232
        ],
        "angle_vs_z_axis_degrees": 9.614483436401375
      }
    },
    "vector_analysis_results": {
      "angle_between_planes_degrees": 13.190017413735458,
      "distance_between_plane_centers_angstrom": 11.054881435918574,
      "angle_between_low_plane_and_z": 10.84929673980371,
      "angle_between_high_plane_and_z": 9.614483436401375
    }
  }
}