{
  "experiment": {
    "name": "CONTCAR",
    "file_path": "/home/dotempo/Documents/DION-JACOBSON/BULKS/MAPbBr3/MAPbBr3_n2_CC(C)(CCCC[NH3+])C(C)(C)CCCC[NH3+]/CONTCAR",
    "timestamp": "2025-08-06 13:15:10.924012"
  },
  "analysis_parameters": {
    "halogen_symbol": "Br",
    "central_metal": "Pb",
    "total_spacer_molecules": 4,
    "analyzed_molecules": 2
  },
  "penetration_analysis": {
    "molecule_1": {
      "formula": "C14H34N2",
      "n1_position": [
        7.339762552886842,
        2.985173138461188,
        3.43553523886246
      ],
      "n2_position": [
        0.8040443295086089,
        8.29670907834016,
        16.18153905015773
      ],
      "molecular_vector": [
        -6.535718223378233,
        5.311535939878971,
        12.746003811295271
      ],
      "molecular_vector_length": 15.277062541391192,
      "low_plane_intersection": [
        6.8942854684110975,
        3.347209484538907,
        4.304307793386335
      ],
      "high_plane_intersection": [
        0.989657837144378,
        8.145862180870214,
        15.819554277422146
      ],
      "penetration_segments": {
        "n1_to_low_plane": 1.0412904974925372,
        "low_plane_to_high_plane": 13.801905547859151,
        "high_plane_to_n2": 0.433866496039502,
        "total_calculated": 15.277062541391192,
        "molecular_length": 15.277062541391192,
        "length_difference": 0.0
      },
      "penetration_parameters": {
        "t_low_plane": 1.0412904974925372,
        "t_high_plane": 14.84319604535169
      }
    },
    "molecule_2": {
      "formula": "C14H34N2",
      "n1_position": [
        3.171116818939054,
        6.951547715222178,
        3.885333326542775
      ],
      "n2_position": [
        4.3598838170830945,
        4.220823896397024,
        15.598399141653454
      ],
      "molecular_vector": [
        1.1887669981440405,
        -2.7307238188251537,
        11.713065815110678
      ],
      "molecular_vector_length": 12.085773882531884,
      "low_plane_intersection": [
        3.173011727158341,
        6.947194910158635,
        3.904004087693408
      ],
      "high_plane_intersection": [
        4.342756648250051,
        4.260166818899458,
        15.429643064069573
      ],
      "penetration_segments": {
        "n1_to_low_plane": 0.019264862081642565,
        "low_plane_to_high_plane": 11.89238314878045,
        "high_plane_to_n2": 0.1741258716697921,
        "total_calculated": 12.085773882531885,
        "molecular_length": 12.085773882531884,
        "length_difference": 1.7763568394002505e-15
      },
      "penetration_parameters": {
        "t_low_plane": 0.019264862081642777,
        "t_high_plane": 11.911648010862093
      }
    },
    "comparative_analysis": {
      "molecule_1": {
        "id": "molecule_1",
        "segments": {
          "n1_to_low_plane": 1.0412904974925372,
          "low_plane_to_high_plane": 13.801905547859151,
          "high_plane_to_n2": 0.433866496039502,
          "total_calculated": 15.277062541391192,
          "molecular_length": 15.277062541391192,
          "length_difference": 0.0
        }
      },
      "molecule_2": {
        "id": "molecule_2",
        "segments": {
          "n1_to_low_plane": 0.019264862081642565,
          "low_plane_to_high_plane": 11.89238314878045,
          "high_plane_to_n2": 0.1741258716697921,
          "total_calculated": 12.085773882531885,
          "molecular_length": 12.085773882531884,
          "length_difference": 1.7763568394002505e-15
        }
      },
      "penetration_comparison": {
        "n1_to_low_diff": 1.0220256354108948,
        "low_to_high_diff": 1.9095223990787016,
        "high_to_n2_diff": 0.2597406243697099
      }
    },
    "plane_reference": {
      "plane_analysis": {
        "low_plane": {
          "normal_vector": [
            -0.12314967186892364,
            -0.016965362375166305,
            0.9922430825145903
          ],
          "center_position": [
            5.9818025734661395,
            5.84232423989023,
            4.233718797261701
          ],
          "angle_vs_z_axis_degrees": 10.84929673980371
        },
        "high_plane": {
          "normal_vector": [
            0.10636677959390888,
            -0.00798529088176468,
            0.9942948975672934
          ],
          "center_position": [
            5.845024937479863,
            5.375492091125261,
            15.277892065795232
          ],
          "angle_vs_z_axis_degrees": 9.614483436401375
        }
      },
      "vector_analysis_results": {
        "angle_between_planes_degrees": 13.190017413735458,
        "distance_between_plane_centers_angstrom": 11.054881435918574,
        "angle_between_low_plane_and_z": 10.84929673980371,
        "angle_between_high_plane_and_z": 9.614483436401375
      }
    }
  }
}