{
  "experiment": {
    "name": "CONTCAR",
    "file_path": "/home/dotempo/Documents/DION-JACOBSON/BULKS/MAPbI3/MAPbI3_n2_[NH3+]CCC1=CC=C(CC[NH3+])C=C1/CONTCAR",
    "timestamp": "2025-08-06 13:15:59.426627"
  },
  "analysis_parameters": {
    "halogen_symbol": "I",
    "central_metal": "Pb",
    "total_spacer_molecules": 4,
    "analyzed_molecules": 2
  },
  "penetration_analysis": {
    "molecule_1": {
      "formula": "C10H18N2",
      "n1_position": [
        1.5717649070218842,
        4.370274073771818,
        4.317560924390145
      ],
      "n2_position": [
        6.5249684125671745,
        3.205420269672261,
        11.849035055052964
      ],
      "molecular_vector": [
        4.95320350554529,
        -1.164853804099557,
        7.531474130662819
      ],
      "molecular_vector_length": 9.089236047826827,
      "low_plane_intersection": [
        1.8192292288757246,
        4.312077442769751,
        4.693836830723826
      ],
      "high_plane_intersection": [
        6.644404455671928,
        3.177332279949768,
        12.030640649877633
      ],
      "penetration_segments": {
        "n1_to_low_plane": 0.4541024071041737,
        "low_plane_to_high_plane": 8.854301374732003,
        "high_plane_to_n2": 0.21916773400935022,
        "total_calculated": 9.527571515845526,
        "molecular_length": 9.089236047826827,
        "length_difference": 0.4383354680186997
      },
      "penetration_parameters": {
        "t_low_plane": 0.4541024071041735,
        "t_high_plane": 9.308403781836176
      }
    },
    "molecule_3": {
      "formula": "C10H18N2",
      "n1_position": [
        5.765749180168382,
        0.4686760738804387,
        4.095803982803333
      ],
      "n2_position": [
        2.035031738074048,
        7.5823851710411905,
        12.199750170405899
      ],
      "molecular_vector": [
        -3.730717442094334,
        7.1137090971607515,
        8.103946187602567
      ],
      "molecular_vector_length": 11.410392349228518,
      "low_plane_intersection": [
        5.465917900446945,
        1.0403925158981897,
        4.747104059514181
      ],
      "high_plane_intersection": [
        1.8771720987518101,
        7.883390961415579,
        12.542656338486967
      ],
      "penetration_segments": {
        "n1_to_low_plane": 0.9170334106761804,
        "low_plane_to_high_plane": 10.97617235145001,
        "high_plane_to_n2": 0.48281341289767316,
        "total_calculated": 12.376019175023865,
        "molecular_length": 11.410392349228518,
        "length_difference": 0.9656268257953471
      },
      "penetration_parameters": {
        "t_low_plane": 0.9170334106761804,
        "t_high_plane": 11.89320576212619
      }
    },
    "comparative_analysis": {
      "molecule_1": {
        "id": "molecule_1",
        "segments": {
          "n1_to_low_plane": 0.4541024071041737,
          "low_plane_to_high_plane": 8.854301374732003,
          "high_plane_to_n2": 0.21916773400935022,
          "total_calculated": 9.527571515845526,
          "molecular_length": 9.089236047826827,
          "length_difference": 0.4383354680186997
        }
      },
      "molecule_2": {
        "id": "molecule_3",
        "segments": {
          "n1_to_low_plane": 0.9170334106761804,
          "low_plane_to_high_plane": 10.97617235145001,
          "high_plane_to_n2": 0.48281341289767316,
          "total_calculated": 12.376019175023865,
          "molecular_length": 11.410392349228518,
          "length_difference": 0.9656268257953471
        }
      },
      "penetration_comparison": {
        "n1_to_low_diff": 0.46293100357200667,
        "low_to_high_diff": 2.1218709767180073,
        "high_to_n2_diff": 0.2636456788883229
      }
    },
    "plane_reference": {
      "plane_analysis": {
        "low_plane": {
          "normal_vector": [
            0.06897348745452732,
            0.09305099738288658,
            0.9932694347025938
          ],
          "center_position": [
            2.802326231056923,
            2.476013134063238,
            4.797575033911951
          ],
          "angle_vs_z_axis_degrees": 13.532058772248472
        },
        "high_plane": {
          "normal_vector": [
            -0.0050453516828292515,
            -0.1132093458562018,
            0.9935583467704386
          ],
          "center_position": [
            3.341900301608795,
            1.2284400944918947,
            11.791807062376172
          ],
          "angle_vs_z_axis_degrees": 8.273672748703108
        }
      },
      "vector_analysis_results": {
        "angle_between_planes_degrees": 12.581038909608301,
        "distance_between_plane_centers_angstrom": 7.125086689625041,
        "angle_between_low_plane_and_z": 13.532058772248472,
        "angle_between_high_plane_and_z": 8.273672748703108
      }
    }
  }
}