{
  "experiment": {
    "name": "CONTCAR",
    "file_path": "/home/dotempo/Documents/DION-JACOBSON/BULKS/MAPbCl3/MAPbCl3_n2_[NH3+]CC1CCC(C[NH3+])CC1/CONTCAR",
    "timestamp": "2025-08-06 13:13:47.272511"
  },
  "salt_structure_info": {
    "total_atoms": 64,
    "halogen_symbol": "Cl"
  },
  "vector_analysis": {
    "plane_analysis": {
      "low_plane": {
        "normal_vector": [
          0.002351667267562296,
          0.013952448568140515,
          0.9998998944094434
        ],
        "center_position": [
          2.704315684110338,
          2.4927014751233716,
          4.745536128021023
        ],
        "angle_vs_z_axis_degrees": 1.1433265706804963
      },
      "high_plane": {
        "normal_vector": [
          0.027635589616122176,
          0.03405803591022146,
          0.9990376991768165
        ],
        "center_position": [
          2.172194288821892,
          1.8786027608097948,
          10.196526040565711
        ],
        "angle_vs_z_axis_degrees": 2.9783908683847917
      }
    },
    "vector_analysis_results": {
      "angle_between_planes_degrees": 1.8515897196056719,
      "distance_between_plane_centers_angstrom": 5.511221410622991,
      "angle_between_low_plane_and_z": 1.1433265706804963,
      "angle_between_high_plane_and_z": 2.9783908683847917
    }
  }
}