{
  "experiment": {
    "name": "CONTCAR",
    "file_path": "/home/dotempo/Documents/DION-JACOBSON/BULKS/MAPbCl3/MAPbCl3_n2_[NH3+]CC1CCC(C[NH3+])CC1/CONTCAR",
    "timestamp": "2025-08-06 13:13:47.302398"
  },
  "analysis_parameters": {
    "halogen_symbol": "Cl",
    "central_metal": "Pb",
    "total_spacer_molecules": 4,
    "analyzed_molecules": 2
  },
  "penetration_analysis": {
    "molecule_0": {
      "formula": "C8H20N2",
      "n1_position": [
        7.827353390835143,
        5.227853683223608,
        4.134043006535379
      ],
      "n2_position": [
        0.6703959196693978,
        3.532593362894523,
        10.576985180011782
      ],
      "molecular_vector": [
        -7.156957471165746,
        -1.6952603203290848,
        6.442942173476403
      ],
      "molecular_vector_length": 9.777906301888882,
      "low_plane_intersection": [
        7.19993067968502,
        5.0792367841332675,
        4.698870765056009
      ],
      "high_plane_intersection": [
        1.127658081910785,
        3.640904527626014,
        10.16534186910635
      ],
      "penetration_segments": {
        "n1_to_low_plane": 0.857191132687243,
        "low_plane_to_high_plane": 8.29599906661075,
        "high_plane_to_n2": 0.6247161025908871,
        "total_calculated": 9.77790630188888,
        "molecular_length": 9.777906301888882,
        "length_difference": 1.7763568394002505e-15
      },
      "penetration_parameters": {
        "t_low_plane": 0.8571911326872431,
        "t_high_plane": 9.153190199297994
      }
    },
    "molecule_1": {
      "formula": "C8H20N2",
      "n1_position": [
        3.9712816969644065,
        7.9656580542071715,
        4.2217231593818445
      ],
      "n2_position": [
        3.612767534759235,
        0.23035449906546324,
        10.532779787431044
      ],
      "molecular_vector": [
        -0.3585141622051715,
        -7.735303555141709,
        6.3110566280492
      ],
      "molecular_vector_length": 9.989639095439502,
      "low_plane_intersection": [
        3.9455900354119833,
        7.411334621845171,
        4.673982924878158
      ],
      "high_plane_intersection": [
        3.6317645626774686,
        0.6402344789501688,
        10.198368119509286
      ],
      "penetration_segments": {
        "n1_to_low_plane": 0.7158724918766567,
        "low_plane_to_high_plane": 8.744433392227846,
        "high_plane_to_n2": 0.5293332113350012,
        "total_calculated": 9.989639095439502,
        "molecular_length": 9.989639095439502,
        "length_difference": 0.0
      },
      "penetration_parameters": {
        "t_low_plane": 0.7158724918766566,
        "t_high_plane": 9.4603058841045
      }
    },
    "comparative_analysis": {
      "molecule_1": {
        "id": "molecule_0",
        "segments": {
          "n1_to_low_plane": 0.857191132687243,
          "low_plane_to_high_plane": 8.29599906661075,
          "high_plane_to_n2": 0.6247161025908871,
          "total_calculated": 9.77790630188888,
          "molecular_length": 9.777906301888882,
          "length_difference": 1.7763568394002505e-15
        }
      },
      "molecule_2": {
        "id": "molecule_1",
        "segments": {
          "n1_to_low_plane": 0.7158724918766567,
          "low_plane_to_high_plane": 8.744433392227846,
          "high_plane_to_n2": 0.5293332113350012,
          "total_calculated": 9.989639095439502,
          "molecular_length": 9.989639095439502,
          "length_difference": 0.0
        }
      },
      "penetration_comparison": {
        "n1_to_low_diff": 0.14131864081058632,
        "low_to_high_diff": 0.44843432561709484,
        "high_to_n2_diff": 0.09538289125588584
      }
    },
    "plane_reference": {
      "plane_analysis": {
        "low_plane": {
          "normal_vector": [
            0.002351667267562296,
            0.013952448568140515,
            0.9998998944094434
          ],
          "center_position": [
            2.704315684110338,
            2.4927014751233716,
            4.745536128021023
          ],
          "angle_vs_z_axis_degrees": 1.1433265706804963
        },
        "high_plane": {
          "normal_vector": [
            0.027635589616122176,
            0.03405803591022146,
            0.9990376991768165
          ],
          "center_position": [
            2.172194288821892,
            1.8786027608097948,
            10.196526040565711
          ],
          "angle_vs_z_axis_degrees": 2.9783908683847917
        }
      },
      "vector_analysis_results": {
        "angle_between_planes_degrees": 1.8515897196056719,
        "distance_between_plane_centers_angstrom": 5.511221410622991,
        "angle_between_low_plane_and_z": 1.1433265706804963,
        "angle_between_high_plane_and_z": 2.9783908683847917
      }
    }
  }
}