{
  "experiment": {
    "name": "CONTCAR",
    "file_path": "/home/dotempo/Documents/DION-JACOBSON/BULKS/MAPbCl3/MAPbCl3_n2_[NH3+]C1=CC=C([NH3+])C=C1/CONTCAR",
    "timestamp": "2025-08-06 13:13:58.151486"
  },
  "salt_structure_info": {
    "total_atoms": 40,
    "halogen_symbol": "Cl"
  },
  "vector_analysis": {
    "plane_analysis": {
      "low_plane": {
        "normal_vector": [
          0.057127767418023806,
          0.04358468823426253,
          0.9974150556019065
        ],
        "center_position": [
          2.435403151601117,
          5.143117832818782,
          4.932543260598386
        ],
        "angle_vs_z_axis_degrees": 0.8193797436928459
      },
      "high_plane": {
        "normal_vector": [
          -0.0439347415984351,
          -0.016871192295607934,
          0.9988919367735448
        ],
        "center_position": [
          2.6065524458493923,
          2.8597894182623884,
          9.15002338369342
        ],
        "angle_vs_z_axis_degrees": 6.6045334729690435
      }
    },
    "vector_analysis_results": {
      "angle_between_planes_degrees": 6.751861705283414,
      "distance_between_plane_centers_angstrom": 4.798960233044653,
      "angle_between_low_plane_and_z": 0.8193797436928459,
      "angle_between_high_plane_and_z": 6.6045334729690435
    }
  }
}