{
  "experiment": {
    "name": "CONTCAR",
    "file_path": "/home/dotempo/Documents/DION-JACOBSON/BULKS/MAPbBr3/MAPbBr3_n2_CC(C)(CC[NH3+])CC[NH3+]/CONTCAR",
    "timestamp": "2025-08-06 13:14:47.979943"
  },
  "salt_structure_info": {
    "total_atoms": 62,
    "halogen_symbol": "Br"
  },
  "vector_analysis": {
    "plane_analysis": {
      "low_plane": {
        "normal_vector": [
          0.012526321755435723,
          0.006303434974219661,
          0.9999016741514163
        ],
        "center_position": [
          5.983404632299855,
          5.5609723038189545,
          3.423460149155655
        ],
        "angle_vs_z_axis_degrees": 0.9527658829301375
      },
      "high_plane": {
        "normal_vector": [
          0.012218592776104752,
          0.008346786412199237,
          0.9998905125798327
        ],
        "center_position": [
          6.023920845840462,
          5.643229859183444,
          9.708518435380356
        ],
        "angle_vs_z_axis_degrees": 1.0215827578494423
      }
    },
    "vector_analysis_results": {
      "angle_between_planes_degrees": 0.11839737632871748,
      "distance_between_plane_centers_angstrom": 6.2857271282021125,
      "angle_between_low_plane_and_z": 0.9527658829301375,
      "angle_between_high_plane_and_z": 1.0215827578494423
    }
  }
}