{
  "experiment": {
    "name": "CONTCAR",
    "file_path": "/home/dotempo/Documents/DION-JACOBSON/BULKS/MAPbBr3/MAPbBr3_n2_CC(C)(CC[NH3+])CC[NH3+]/CONTCAR",
    "timestamp": "2025-08-06 13:14:48.006884"
  },
  "analysis_parameters": {
    "halogen_symbol": "Br",
    "central_metal": "Pb",
    "total_spacer_molecules": 4,
    "analyzed_molecules": 2
  },
  "penetration_analysis": {
    "molecule_1": {
      "formula": "C7H20N2",
      "n1_position": [
        0.4152184729747391,
        4.02480049203519,
        3.0220817760741348
      ],
      "n2_position": [
        0.7689060150389826,
        4.528857144777992,
        10.314408772566567
      ],
      "molecular_vector": [
        0.3536875420642435,
        0.5040566527428014,
        7.292326996492433
      ],
      "molecular_vector_length": 7.318278555121967,
      "low_plane_intersection": [
        0.43851448991271713,
        4.058000734971268,
        3.502398872447026
      ],
      "high_plane_intersection": [
        0.7431154345300724,
        4.492101782664464,
        9.782658783854282
      ],
      "penetration_segments": {
        "n1_to_low_plane": 0.48202642417638736,
        "low_plane_to_high_plane": 6.302609777695205,
        "high_plane_to_n2": 0.5336423532503752,
        "total_calculated": 7.318278555121967,
        "molecular_length": 7.318278555121967,
        "length_difference": 0.0
      },
      "penetration_parameters": {
        "t_low_plane": 0.48202642417638736,
        "t_high_plane": 6.784636201871592
      }
    },
    "molecule_3": {
      "formula": "C7H20N2",
      "n1_position": [
        4.826623856630492,
        0.40950141678118973,
        2.9742742726604607
      ],
      "n2_position": [
        4.550573900549508,
        0.12847741320889164,
        10.286375112314873
      ],
      "molecular_vector": [
        -0.2760499560809846,
        -0.28102400357229806,
        7.312100839654413
      ],
      "molecular_vector_length": 7.3227041970921425,
      "low_plane_intersection": [
        4.807879455518041,
        0.39041926686901646,
        3.4707820535672154
      ],
      "high_plane_intersection": [
        4.569986950891135,
        0.1482402605065533,
        9.772155933589037
      ],
      "penetration_segments": {
        "n1_to_low_plane": 0.49722777227271303,
        "low_plane_to_high_plane": 6.310511571235856,
        "high_plane_to_n2": 0.5149648535835732,
        "total_calculated": 7.3227041970921425,
        "molecular_length": 7.3227041970921425,
        "length_difference": 0.0
      },
      "penetration_parameters": {
        "t_low_plane": 0.49722777227271314,
        "t_high_plane": 6.807739343508569
      }
    },
    "comparative_analysis": {
      "molecule_1": {
        "id": "molecule_1",
        "segments": {
          "n1_to_low_plane": 0.48202642417638736,
          "low_plane_to_high_plane": 6.302609777695205,
          "high_plane_to_n2": 0.5336423532503752,
          "total_calculated": 7.318278555121967,
          "molecular_length": 7.318278555121967,
          "length_difference": 0.0
        }
      },
      "molecule_2": {
        "id": "molecule_3",
        "segments": {
          "n1_to_low_plane": 0.49722777227271303,
          "low_plane_to_high_plane": 6.310511571235856,
          "high_plane_to_n2": 0.5149648535835732,
          "total_calculated": 7.3227041970921425,
          "molecular_length": 7.3227041970921425,
          "length_difference": 0.0
        }
      },
      "penetration_comparison": {
        "n1_to_low_diff": 0.015201348096325673,
        "low_to_high_diff": 0.007901793540651347,
        "high_to_n2_diff": 0.01867749966680199
      }
    },
    "plane_reference": {
      "plane_analysis": {
        "low_plane": {
          "normal_vector": [
            0.012526321755435723,
            0.006303434974219661,
            0.9999016741514163
          ],
          "center_position": [
            5.983404632299855,
            5.5609723038189545,
            3.423460149155655
          ],
          "angle_vs_z_axis_degrees": 0.9527658829301375
        },
        "high_plane": {
          "normal_vector": [
            0.012218592776104752,
            0.008346786412199237,
            0.9998905125798327
          ],
          "center_position": [
            6.023920845840462,
            5.643229859183444,
            9.708518435380356
          ],
          "angle_vs_z_axis_degrees": 1.0215827578494423
        }
      },
      "vector_analysis_results": {
        "angle_between_planes_degrees": 0.11839737632871748,
        "distance_between_plane_centers_angstrom": 6.2857271282021125,
        "angle_between_low_plane_and_z": 0.9527658829301375,
        "angle_between_high_plane_and_z": 1.0215827578494423
      }
    }
  }
}