{
  "experiment": {
    "name": "CONTCAR",
    "file_path": "/home/dotempo/Documents/DION-JACOBSON/BULKS/MAPbI3/MAPbI3_n3_[NH3+]C1=CC=C([NH3+])C=C1/CONTCAR",
    "timestamp": "2025-08-06 13:15:36.815616"
  },
  "salt_structure_info": {
    "total_atoms": 40,
    "halogen_symbol": "I"
  },
  "vector_analysis": {
    "plane_analysis": {
      "low_plane": {
        "normal_vector": [
          0.0016376249164472224,
          0.021217736688074973,
          0.9997735372745513
        ],
        "center_position": [
          2.078244055869594,
          2.214813205070083,
          5.163897813848578
        ],
        "angle_vs_z_axis_degrees": 1.8082238497714627
      },
      "high_plane": {
        "normal_vector": [
          0.0017122682651786701,
          0.021347889165908154,
          0.9997706415801316
        ],
        "center_position": [
          6.091088234118807,
          6.642509551174709,
          9.55302070405758
        ],
        "angle_vs_z_axis_degrees": 1.8163948559370715
      }
    },
    "vector_analysis_results": {
      "angle_between_planes_degrees": 0.008598125121182194,
      "distance_between_plane_centers_angstrom": 7.414297881632049,
      "angle_between_low_plane_and_z": 1.8082238497714627,
      "angle_between_high_plane_and_z": 1.8163948559370715
    }
  }
}