{
  "experiment": {
    "name": "CONTCAR",
    "file_path": "/home/dotempo/Documents/DION-JACOBSON/BULKS/MAPbI3/MAPbI3_n3_[NH3+]CCC1=CC=C(CC[NH3+])C=C1/CONTCAR",
    "timestamp": "2025-08-06 13:15:58.791066"
  },
  "salt_structure_info": {
    "total_atoms": 64,
    "halogen_symbol": "I"
  },
  "vector_analysis": {
    "plane_analysis": {
      "low_plane": {
        "normal_vector": [
          0.009051602326979154,
          0.0835175032983721,
          0.9964652001641204
        ],
        "center_position": [
          5.552691502661623,
          2.1716117328287394,
          6.09587464791052
        ],
        "angle_vs_z_axis_degrees": 6.939512249221818
      },
      "high_plane": {
        "normal_vector": [
          0.008980549710051128,
          0.08364860623039679,
          0.9964548461433751
        ],
        "center_position": [
          4.966555836461767,
          6.473478683777565,
          12.40834612515844
        ],
        "angle_vs_z_axis_degrees": 6.9476909821808
      }
    },
    "vector_analysis_results": {
      "angle_between_planes_degrees": 0.00856445593903683,
      "distance_between_plane_centers_angstrom": 7.661390894212736,
      "angle_between_low_plane_and_z": 6.939512249221818,
      "angle_between_high_plane_and_z": 6.9476909821808
    }
  }
}