{
  "experiment": {
    "name": "CONTCAR",
    "file_path": "/home/dotempo/Documents/DION-JACOBSON/BULKS/MAPbBr3/MAPbBr3_n1_CC(C)(CCCC[NH3+])CCCC[NH3+]/CONTCAR",
    "timestamp": "2025-08-06 13:14:16.216621"
  },
  "analysis_parameters": {
    "halogen_symbol": "Br",
    "central_metal": "Pb",
    "total_spacer_molecules": 2,
    "analyzed_molecules": 2
  },
  "penetration_analysis": {
    "molecule_0": {
      "formula": "C11H28N2",
      "n1_position": [
        0.3880925575350631,
        4.5939843111582475,
        2.638990598446244
      ],
      "n2_position": [
        0.6058606370533898,
        5.10189149925779,
        14.853299048077549
      ],
      "molecular_vector": [
        0.21776807951832666,
        0.5079071880995425,
        12.214308449631305
      ],
      "molecular_vector_length": 12.226803488684808,
      "low_plane_intersection": [
        0.39611657629000196,
        4.612698976834197,
        3.089046641073014
      ],
      "high_plane_intersection": [
        0.595430620070627,
        5.077565249932072,
        14.268293913972778
      ],
      "penetration_segments": {
        "n1_to_low_plane": 0.4505164426446734,
        "low_plane_to_high_plane": 11.19068346118989,
        "high_plane_to_n2": 0.5856035848502452,
        "total_calculated": 12.226803488684808,
        "molecular_length": 12.226803488684808,
        "length_difference": 0.0
      },
      "penetration_parameters": {
        "t_low_plane": 0.45051644264467344,
        "t_high_plane": 11.641199903834563
      }
    },
    "molecule_1": {
      "formula": "C11H28N2",
      "n1_position": [
        4.587287814908805,
        0.7007698435046368,
        2.698625944087533
      ],
      "n2_position": [
        4.779231399675309,
        1.163945560324038,
        14.781708262901835
      ],
      "molecular_vector": [
        0.19194358476650386,
        0.4631757168194013,
        12.083082318814302
      ],
      "molecular_vector_length": 12.093479747683336,
      "low_plane_intersection": [
        4.594340873875176,
        0.7177894570879314,
        3.1426245918869924
      ],
      "high_plane_intersection": [
        4.771886878863904,
        1.1462226252457144,
        14.319361737153624
      ],
      "penetration_segments": {
        "n1_to_low_plane": 0.4443807063037911,
        "low_plane_to_high_plane": 11.186354668874399,
        "high_plane_to_n2": 0.4627443725051458,
        "total_calculated": 12.093479747683336,
        "molecular_length": 12.093479747683336,
        "length_difference": 0.0
      },
      "penetration_parameters": {
        "t_low_plane": 0.444380706303791,
        "t_high_plane": 11.63073537517819
      }
    },
    "comparative_analysis": {
      "molecule_1": {
        "id": "molecule_0",
        "segments": {
          "n1_to_low_plane": 0.4505164426446734,
          "low_plane_to_high_plane": 11.19068346118989,
          "high_plane_to_n2": 0.5856035848502452,
          "total_calculated": 12.226803488684808,
          "molecular_length": 12.226803488684808,
          "length_difference": 0.0
        }
      },
      "molecule_2": {
        "id": "molecule_1",
        "segments": {
          "n1_to_low_plane": 0.4443807063037911,
          "low_plane_to_high_plane": 11.186354668874399,
          "high_plane_to_n2": 0.4627443725051458,
          "total_calculated": 12.093479747683336,
          "molecular_length": 12.093479747683336,
          "length_difference": 0.0
        }
      },
      "penetration_comparison": {
        "n1_to_low_diff": 0.00613573634088227,
        "low_to_high_diff": 0.004328792315490659,
        "high_to_n2_diff": 0.12285921234509944
      }
    },
    "plane_reference": {
      "plane_analysis": {
        "low_plane": {
          "normal_vector": [
            -0.019302742192502793,
            -0.007052950929754939,
            0.9997888077124248
          ],
          "center_position": [
            5.7658379193348415,
            5.986350004169296,
            3.202409222396666
          ],
          "angle_vs_z_axis_degrees": 2.6602759143864634
        },
        "high_plane": {
          "normal_vector": [
            -0.017421478210962012,
            -0.0055199327731295525,
            0.9998329972746074
          ],
          "center_position": [
            5.952967350378827,
            6.446412354070339,
            14.36920291945474
          ],
          "angle_vs_z_axis_degrees": 2.5218453356447443
        }
      },
      "vector_analysis_results": {
        "angle_between_planes_degrees": 0.13906778026149436,
        "distance_between_plane_centers_angstrom": 11.177833254366217,
        "angle_between_low_plane_and_z": 2.6602759143864634,
        "angle_between_high_plane_and_z": 2.5218453356447443
      }
    }
  }
}