{
  "experiment": {
    "name": "CONTCAR",
    "file_path": "/home/dotempo/Documents/DION-JACOBSON/BULKS/MAPbBr3/MAPbBr3_n1_CC(C)(CCCC[NH3+])CCCC[NH3+]/CONTCAR",
    "timestamp": "2025-08-06 13:14:16.185683"
  },
  "salt_structure_info": {
    "total_atoms": 86,
    "halogen_symbol": "Br"
  },
  "vector_analysis": {
    "plane_analysis": {
      "low_plane": {
        "normal_vector": [
          -0.019302742192502793,
          -0.007052950929754939,
          0.9997888077124248
        ],
        "center_position": [
          5.7658379193348415,
          5.986350004169296,
          3.202409222396666
        ],
        "angle_vs_z_axis_degrees": 2.6602759143864634
      },
      "high_plane": {
        "normal_vector": [
          -0.017421478210962012,
          -0.0055199327731295525,
          0.9998329972746074
        ],
        "center_position": [
          5.952967350378827,
          6.446412354070339,
          14.36920291945474
        ],
        "angle_vs_z_axis_degrees": 2.5218453356447443
      }
    },
    "vector_analysis_results": {
      "angle_between_planes_degrees": 0.13906778026149436,
      "distance_between_plane_centers_angstrom": 11.177833254366217,
      "angle_between_low_plane_and_z": 2.6602759143864634,
      "angle_between_high_plane_and_z": 2.5218453356447443
    }
  }
}