{
  "experiment": {
    "name": "CONTCAR",
    "file_path": "/home/dotempo/Documents/DION-JACOBSON/BULKS/MAPbCl3/MAPbCl3_n1_[NH3+]CCC1=CC=C(CC[NH3+])C=C1/CONTCAR",
    "timestamp": "2025-08-06 13:14:06.914742"
  },
  "analysis_parameters": {
    "halogen_symbol": "Cl",
    "central_metal": "Pb",
    "total_spacer_molecules": 2,
    "analyzed_molecules": 2
  },
  "penetration_analysis": {
    "molecule_0": {
      "formula": "C10H18N2",
      "n1_position": [
        0.9167772733928963,
        3.187198755315638,
        4.43956283377974
      ],
      "n2_position": [
        4.683916737728884,
        4.779573779016174,
        12.225490725457842
      ],
      "molecular_vector": [
        3.7671394643359877,
        1.5923750237005363,
        7.785927891678102
      ],
      "molecular_vector_length": 8.794752474872384,
      "low_plane_intersection": [
        0.8445344733225328,
        3.156661624539537,
        4.290251336988656
      ],
      "high_plane_intersection": [
        4.665125506752806,
        4.7716306998830085,
        12.186652989090309
      ],
      "penetration_segments": {
        "n1_to_low_plane": 0.16865782398702117,
        "low_plane_to_high_plane": 8.919540347481885,
        "high_plane_to_n2": 0.04386995137752121,
        "total_calculated": 9.132068122846427,
        "molecular_length": 8.794752474872384,
        "length_difference": 0.3373156479740427
      },
      "penetration_parameters": {
        "t_low_plane": -0.16865782398702092,
        "t_high_plane": 8.750882523494862
      }
    },
    "molecule_1": {
      "formula": "C10H18N2",
      "n1_position": [
        4.743315551058402,
        7.462995963587942,
        3.822497543791396
      ],
      "n2_position": [
        0.7572052340824044,
        1.6215384469291012,
        12.717319366246027
      ],
      "molecular_vector": [
        -3.986110316975998,
        -5.841457516658841,
        8.894821822454631
      ],
      "molecular_vector_length": 11.363518672983632,
      "low_plane_intersection": [
        4.431656747998985,
        7.006274620475327,
        4.5179498273890175
      ],
      "high_plane_intersection": [
        1.005915846728148,
        1.98601217248682,
        12.162333074116587
      ],
      "penetration_segments": {
        "n1_to_low_plane": 0.888470299751301,
        "low_plane_to_high_plane": 9.766029438424432,
        "high_plane_to_n2": 0.7090189348078998,
        "total_calculated": 11.363518672983632,
        "molecular_length": 11.363518672983632,
        "length_difference": 0.0
      },
      "penetration_parameters": {
        "t_low_plane": 0.8884702997513008,
        "t_high_plane": 10.654499738175732
      }
    },
    "comparative_analysis": {
      "molecule_1": {
        "id": "molecule_0",
        "segments": {
          "n1_to_low_plane": 0.16865782398702117,
          "low_plane_to_high_plane": 8.919540347481885,
          "high_plane_to_n2": 0.04386995137752121,
          "total_calculated": 9.132068122846427,
          "molecular_length": 8.794752474872384,
          "length_difference": 0.3373156479740427
        }
      },
      "molecule_2": {
        "id": "molecule_1",
        "segments": {
          "n1_to_low_plane": 0.888470299751301,
          "low_plane_to_high_plane": 9.766029438424432,
          "high_plane_to_n2": 0.7090189348078998,
          "total_calculated": 11.363518672983632,
          "molecular_length": 11.363518672983632,
          "length_difference": 0.0
        }
      },
      "penetration_comparison": {
        "n1_to_low_diff": 0.7198124757642799,
        "low_to_high_diff": 0.8464890909425478,
        "high_to_n2_diff": 0.6651489834303785
      }
    },
    "plane_reference": {
      "plane_analysis": {
        "low_plane": {
          "normal_vector": [
            0.08960661888786679,
            -0.14180697556240268,
            0.9858303279638585
          ],
          "center_position": [
            2.028446497321628,
            5.985603530624834,
            4.589569925433688
          ],
          "angle_vs_z_axis_degrees": 18.509693971399862
        },
        "high_plane": {
          "normal_vector": [
            0.08187641624999557,
            -0.11619535770408283,
            0.9898458927075858
          ],
          "center_position": [
            3.3944521720523664,
            3.1933851761858447,
            12.106492405624014
          ],
          "angle_vs_z_axis_degrees": 17.218495460782254
        }
      },
      "vector_analysis_results": {
        "angle_between_planes_degrees": 1.5500392318324745,
        "distance_between_plane_centers_angstrom": 8.1342841366314,
        "angle_between_low_plane_and_z": 18.509693971399862,
        "angle_between_high_plane_and_z": 17.218495460782254
      }
    }
  }
}