{
  "experiment": {
    "name": "CONTCAR",
    "file_path": "/home/dotempo/Documents/DION-JACOBSON/BULKS/MAPbCl3/MAPbCl3_n1_[NH3+]CCC1=CC=C(CC[NH3+])C=C1/CONTCAR",
    "timestamp": "2025-08-06 13:14:06.887732"
  },
  "salt_structure_info": {
    "total_atoms": 64,
    "halogen_symbol": "Cl"
  },
  "vector_analysis": {
    "plane_analysis": {
      "low_plane": {
        "normal_vector": [
          0.08960661888786679,
          -0.14180697556240268,
          0.9858303279638585
        ],
        "center_position": [
          2.028446497321628,
          5.985603530624834,
          4.589569925433688
        ],
        "angle_vs_z_axis_degrees": 18.509693971399862
      },
      "high_plane": {
        "normal_vector": [
          0.08187641624999557,
          -0.11619535770408283,
          0.9898458927075858
        ],
        "center_position": [
          3.3944521720523664,
          3.1933851761858447,
          12.106492405624014
        ],
        "angle_vs_z_axis_degrees": 17.218495460782254
      }
    },
    "vector_analysis_results": {
      "angle_between_planes_degrees": 1.5500392318324745,
      "distance_between_plane_centers_angstrom": 8.1342841366314,
      "angle_between_low_plane_and_z": 18.509693971399862,
      "angle_between_high_plane_and_z": 17.218495460782254
    }
  }
}