{
  "experiment": {
    "name": "CONTCAR",
    "file_path": "/home/dotempo/Documents/DION-JACOBSON/BULKS/MAPbCl3/MAPbCl3_n1_[NH3+]C1CCC([NH3+])CC1/CONTCAR",
    "timestamp": "2025-08-06 13:13:20.001999"
  },
  "salt_structure_info": {
    "total_atoms": 52,
    "halogen_symbol": "Cl"
  },
  "vector_analysis": {
    "plane_analysis": {
      "low_plane": {
        "normal_vector": [
          -0.0561169907155508,
          -0.04119875979251044,
          0.9975738296209409
        ],
        "center_position": [
          2.85313622606313,
          2.459989200495911,
          4.6949901555275275
        ],
        "angle_vs_z_axis_degrees": 9.507608069143906
      },
      "high_plane": {
        "normal_vector": [
          -0.05648277036908026,
          -0.052408862435349174,
          0.9970270847823876
        ],
        "center_position": [
          2.959867498328472,
          2.7590221379072055,
          8.965913379196934
        ],
        "angle_vs_z_axis_degrees": 9.950229692018052
      }
    },
    "vector_analysis_results": {
      "angle_between_planes_degrees": 0.643399845677064,
      "distance_between_plane_centers_angstrom": 4.2827091244462165,
      "angle_between_low_plane_and_z": 9.507608069143906,
      "angle_between_high_plane_and_z": 9.950229692018052
    }
  }
}