{
  "experiment": {
    "name": "CONTCAR",
    "file_path": "/home/dotempo/Documents/DION-JACOBSON/BULKS/MAPbCl3/MAPbCl3_n1_[NH3+]C1CCC([NH3+])CC1/CONTCAR",
    "timestamp": "2025-08-06 13:13:20.034395"
  },
  "analysis_parameters": {
    "halogen_symbol": "Cl",
    "central_metal": "Pb",
    "total_spacer_molecules": 2,
    "analyzed_molecules": 2
  },
  "penetration_analysis": {
    "molecule_0": {
      "formula": "C6H16N2",
      "n1_position": [
        8.315898685501665,
        4.0453182555677625,
        4.6613015270161275
      ],
      "n2_position": [
        1.9788448411041522,
        5.024839969757916,
        9.441541674950772
      ],
      "molecular_vector": [
        -6.337053844397513,
        0.9795217141901533,
        4.780240147934644
      ],
      "molecular_vector_length": 7.998025386762007,
      "low_plane_intersection": [
        7.810477571154253,
        4.123441460525403,
        5.042556659407553
      ],
      "high_plane_intersection": [
        2.49213795352195,
        4.945499985957403,
        9.054348445433378
      ],
      "penetration_segments": {
        "n1_to_low_plane": 0.6378943595579413,
        "low_plane_to_high_plane": 6.712301381950682,
        "high_plane_to_n2": 0.6478296452533834,
        "total_calculated": 7.998025386762006,
        "molecular_length": 7.998025386762007,
        "length_difference": 8.881784197001252e-16
      },
      "penetration_parameters": {
        "t_low_plane": 0.6378943595579414,
        "t_high_plane": 7.350195741508623
      }
    },
    "molecule_1": {
      "formula": "C6H16N2",
      "n1_position": [
        4.093351543448279,
        7.4147322542782605,
        4.69532001391585
      ],
      "n2_position": [
        6.106067282588442,
        1.6912012030593297,
        9.148027177925838
      ],
      "molecular_vector": [
        2.0127157391401633,
        -5.723531051218931,
        4.452707164009988
      ],
      "molecular_vector_length": 7.525718133791331,
      "low_plane_intersection": [
        4.2138992389317265,
        7.071932491333518,
        4.962006251244799
      ],
      "high_plane_intersection": [
        6.080034754295555,
        1.7652295326085996,
        9.090435724263063
      ],
      "penetration_segments": {
        "n1_to_low_plane": 0.4507382539146349,
        "low_plane_to_high_plane": 6.977642006260273,
        "high_plane_to_n2": 0.0973378736164235,
        "total_calculated": 7.52571813379133,
        "molecular_length": 7.525718133791331,
        "length_difference": 8.881784197001252e-16
      },
      "penetration_parameters": {
        "t_low_plane": 0.45073825391463457,
        "t_high_plane": 7.428380260174908
      }
    },
    "comparative_analysis": {
      "molecule_1": {
        "id": "molecule_0",
        "segments": {
          "n1_to_low_plane": 0.6378943595579413,
          "low_plane_to_high_plane": 6.712301381950682,
          "high_plane_to_n2": 0.6478296452533834,
          "total_calculated": 7.998025386762006,
          "molecular_length": 7.998025386762007,
          "length_difference": 8.881784197001252e-16
        }
      },
      "molecule_2": {
        "id": "molecule_1",
        "segments": {
          "n1_to_low_plane": 0.4507382539146349,
          "low_plane_to_high_plane": 6.977642006260273,
          "high_plane_to_n2": 0.0973378736164235,
          "total_calculated": 7.52571813379133,
          "molecular_length": 7.525718133791331,
          "length_difference": 8.881784197001252e-16
        }
      },
      "penetration_comparison": {
        "n1_to_low_diff": 0.18715610564330637,
        "low_to_high_diff": 0.2653406243095908,
        "high_to_n2_diff": 0.5504917716369598
      }
    },
    "plane_reference": {
      "plane_analysis": {
        "low_plane": {
          "normal_vector": [
            -0.0561169907155508,
            -0.04119875979251044,
            0.9975738296209409
          ],
          "center_position": [
            2.85313622606313,
            2.459989200495911,
            4.6949901555275275
          ],
          "angle_vs_z_axis_degrees": 9.507608069143906
        },
        "high_plane": {
          "normal_vector": [
            -0.05648277036908026,
            -0.052408862435349174,
            0.9970270847823876
          ],
          "center_position": [
            2.959867498328472,
            2.7590221379072055,
            8.965913379196934
          ],
          "angle_vs_z_axis_degrees": 9.950229692018052
        }
      },
      "vector_analysis_results": {
        "angle_between_planes_degrees": 0.643399845677064,
        "distance_between_plane_centers_angstrom": 4.2827091244462165,
        "angle_between_low_plane_and_z": 9.507608069143906,
        "angle_between_high_plane_and_z": 9.950229692018052
      }
    }
  }
}