{
  "experiment": {
    "name": "CONTCAR",
    "file_path": "/home/dotempo/Documents/DION-JACOBSON/BULKS/MAPbI3/MAPbI3_n1_[NH3+]CC1CCC(C[NH3+])CC1/CONTCAR",
    "timestamp": "2025-08-06 13:15:19.711636"
  },
  "analysis_parameters": {
    "halogen_symbol": "I",
    "central_metal": "Pb",
    "total_spacer_molecules": 2,
    "analyzed_molecules": 2
  },
  "penetration_analysis": {
    "molecule_0": {
      "formula": "C8H20N2",
      "n1_position": [
        8.330582055629295,
        3.977309299869611,
        4.158036504020836
      ],
      "n2_position": [
        0.4231175569117895,
        5.326173602350806,
        10.594612595825064
      ],
      "molecular_vector": [
        -7.907464498717506,
        1.3488643024811955,
        6.436576091804228
      ],
      "molecular_vector_length": 10.284791757277906,
      "low_plane_intersection": [
        7.607087932186121,
        4.100723751660788,
        4.746951570066402
      ],
      "high_plane_intersection": [
        1.228220114477418,
        5.1888382908975945,
        9.939269296551593
      ],
      "penetration_segments": {
        "n1_to_low_plane": 0.941007879129169,
        "low_plane_to_high_plane": 8.296632525252077,
        "high_plane_to_n2": 1.0471513528966594,
        "total_calculated": 10.284791757277905,
        "molecular_length": 10.284791757277906,
        "length_difference": 1.7763568394002505e-15
      },
      "penetration_parameters": {
        "t_low_plane": 0.9410078791291691,
        "t_high_plane": 9.237640404381247
      }
    },
    "molecule_1": {
      "formula": "C8H20N2",
      "n1_position": [
        5.257630582506604,
        8.77546784580515,
        4.216812945540845
      ],
      "n2_position": [
        4.669469220104244,
        8.562193545745158,
        10.448063636689096
      ],
      "molecular_vector": [
        -0.58816136240236,
        -0.21327430005999126,
        6.231250691148251
      ],
      "molecular_vector_length": 6.262579731326751,
      "low_plane_intersection": [
        5.218686960968395,
        8.761346425806668,
        4.629399497698232
      ],
      "high_plane_intersection": [
        4.721955728256489,
        8.581225777381457,
        9.891997544785735
      ],
      "penetration_segments": {
        "n1_to_low_plane": 0.414660925555333,
        "low_plane_to_high_plane": 5.28905696421865,
        "high_plane_to_n2": 0.5588618415527674,
        "total_calculated": 6.262579731326751,
        "molecular_length": 6.262579731326751,
        "length_difference": 0.0
      },
      "penetration_parameters": {
        "t_low_plane": 0.4146609255553331,
        "t_high_plane": 5.703717889773983
      }
    },
    "comparative_analysis": {
      "molecule_1": {
        "id": "molecule_0",
        "segments": {
          "n1_to_low_plane": 0.941007879129169,
          "low_plane_to_high_plane": 8.296632525252077,
          "high_plane_to_n2": 1.0471513528966594,
          "total_calculated": 10.284791757277905,
          "molecular_length": 10.284791757277906,
          "length_difference": 1.7763568394002505e-15
        }
      },
      "molecule_2": {
        "id": "molecule_1",
        "segments": {
          "n1_to_low_plane": 0.414660925555333,
          "low_plane_to_high_plane": 5.28905696421865,
          "high_plane_to_n2": 0.5588618415527674,
          "total_calculated": 6.262579731326751,
          "molecular_length": 6.262579731326751,
          "length_difference": 0.0
        }
      },
      "penetration_comparison": {
        "n1_to_low_diff": 0.5263469535738359,
        "low_to_high_diff": 3.007575561033427,
        "high_to_n2_diff": 0.488289511343892
      }
    },
    "plane_reference": {
      "plane_analysis": {
        "low_plane": {
          "normal_vector": [
            -0.031354025024861225,
            0.009141134609840569,
            0.9994665400966584
          ],
          "center_position": [
            2.3443263122770217,
            2.0477652219515448,
            4.600631124713751
          ],
          "angle_vs_z_axis_degrees": 1.1246491633063713
        },
        "high_plane": {
          "normal_vector": [
            -0.010370834577992726,
            0.024610350538588427,
            0.9996433246095948
          ],
          "center_position": [
            6.2136047118220805,
            6.87549686906117,
            9.949466273681606
          ],
          "angle_vs_z_axis_degrees": 0.3706478696405685
        }
      },
      "vector_analysis_results": {
        "angle_between_planes_degrees": 1.4937183007099035,
        "distance_between_plane_centers_angstrom": 8.178529552463802,
        "angle_between_low_plane_and_z": 1.1246491633063713,
        "angle_between_high_plane_and_z": 0.3706478696405685
      }
    }
  }
}