{
  "experiment": {
    "name": "CONTCAR",
    "file_path": "/home/dotempo/Documents/DION-JACOBSON/BULKS/MAPbBr3/MAPbBr3_n3_[NH3+]CCCCCC[NH3+]/CONTCAR",
    "timestamp": "2025-08-06 13:14:47.269640"
  },
  "salt_structure_info": {
    "total_atoms": 56,
    "halogen_symbol": "Br"
  },
  "vector_analysis": {
    "plane_analysis": {
      "low_plane": {
        "normal_vector": [
          -0.041134428189009815,
          -0.04209190531334227,
          0.9982666128468165
        ],
        "center_position": [
          5.8605768685679,
          5.931673771142262,
          4.4791987618612215
        ],
        "angle_vs_z_axis_degrees": 7.687227825499606
      },
      "high_plane": {
        "normal_vector": [
          -0.04177408480834737,
          -0.041041093680150555,
          0.9982838045706052
        ],
        "center_position": [
          3.3409207614222955,
          3.410853152358733,
          10.381082353549372
        ],
        "angle_vs_z_axis_degrees": 7.669951960767345
      }
    },
    "vector_analysis_results": {
      "angle_between_planes_degrees": 0.07049154090166958,
      "distance_between_plane_centers_angstrom": 6.894594507307746,
      "angle_between_low_plane_and_z": 7.687227825499606,
      "angle_between_high_plane_and_z": 7.669951960767345
    }
  }
}