{
  "experiment": {
    "name": "CONTCAR",
    "file_path": "/home/dotempo/Documents/DION-JACOBSON/BULKS/MAPbI3/MAPbI3_n3_[NH3+]CCC[NH3+]/CONTCAR",
    "timestamp": "2025-08-06 13:15:19.148800"
  },
  "analysis_parameters": {
    "halogen_symbol": "I",
    "central_metal": "Pb",
    "total_spacer_molecules": 6,
    "analyzed_molecules": 2
  },
  "penetration_analysis": {
    "molecule_0": {
      "formula": "C3H12N2",
      "n1_position": [
        4.881633770162512,
        7.94046019851792,
        4.843495759794289
      ],
      "n2_position": [
        4.802534635213454,
        7.9863063226403,
        9.725338372330736
      ],
      "molecular_vector": [
        -0.0790991349490584,
        0.04584612412237998,
        4.881842612536447
      ],
      "molecular_vector_length": 4.8826986220555755,
      "low_plane_intersection": [
        4.873889267356531,
        7.944948938339636,
        5.321471199544623
      ],
      "high_plane_intersection": [
        4.810137532415867,
        7.981899657901728,
        9.25610255116304
      ],
      "penetration_segments": {
        "n1_to_low_plane": 0.4780592506305308,
        "low_plane_to_high_plane": 3.9353212718306336,
        "high_plane_to_n2": 0.46931809959441123,
        "total_calculated": 4.8826986220555755,
        "molecular_length": 4.8826986220555755,
        "length_difference": 0.0
      },
      "penetration_parameters": {
        "t_low_plane": 0.4780592506305312,
        "t_high_plane": 4.413380522461164
      }
    },
    "molecule_5": {
      "formula": "C3H12N2",
      "n1_position": [
        0.6124971717335046,
        5.213730715410917,
        4.867656669882044
      ],
      "n2_position": [
        0.5347047197142797,
        5.209888740837476,
        9.749926110770742
      ],
      "molecular_vector": [
        -0.07779245201922491,
        -0.0038419745734410427,
        4.882269440888698
      ],
      "molecular_vector_length": 4.882890672521291,
      "low_plane_intersection": [
        0.6050615845392545,
        5.213363490362761,
        5.334315570472798
      ],
      "high_plane_intersection": [
        0.5423599112766845,
        5.210266811595939,
        9.26948479726077
      ],
      "penetration_segments": {
        "n1_to_low_plane": 0.46671827938460936,
        "low_plane_to_high_plane": 3.935669947125693,
        "high_plane_to_n2": 0.48050244601098885,
        "total_calculated": 4.882890672521291,
        "molecular_length": 4.882890672521291,
        "length_difference": 0.0
      },
      "penetration_parameters": {
        "t_low_plane": 0.46671827938460975,
        "t_high_plane": 4.402388226510302
      }
    },
    "comparative_analysis": {
      "molecule_1": {
        "id": "molecule_0",
        "segments": {
          "n1_to_low_plane": 0.4780592506305308,
          "low_plane_to_high_plane": 3.9353212718306336,
          "high_plane_to_n2": 0.46931809959441123,
          "total_calculated": 4.8826986220555755,
          "molecular_length": 4.8826986220555755,
          "length_difference": 0.0
        }
      },
      "molecule_2": {
        "id": "molecule_5",
        "segments": {
          "n1_to_low_plane": 0.46671827938460936,
          "low_plane_to_high_plane": 3.935669947125693,
          "high_plane_to_n2": 0.48050244601098885,
          "total_calculated": 4.882890672521291,
          "molecular_length": 4.882890672521291,
          "length_difference": 0.0
        }
      },
      "penetration_comparison": {
        "n1_to_low_diff": 0.011340971245921427,
        "low_to_high_diff": 0.0003486752950592198,
        "high_to_n2_diff": 0.011184346416577617
      }
    },
    "plane_reference": {
      "plane_analysis": {
        "low_plane": {
          "normal_vector": [
            -0.0007377942758154899,
            0.005855084601355008,
            0.9999825866703468
          ],
          "center_position": [
            6.22685528569118,
            6.578824273200541,
            5.330468342288924
          ],
          "angle_vs_z_axis_degrees": 0.4249212891411505
        },
        "high_plane": {
          "normal_vector": [
            -0.0006096941305231262,
            0.005767019271353156,
            0.9999831847395191
          ],
          "center_position": [
            6.194479838658846,
            6.597218910688417,
            9.264932205568583
          ],
          "angle_vs_z_axis_degrees": 0.4264962685298198
        }
      },
      "vector_analysis_results": {
        "angle_between_planes_degrees": 0.008906777222204183,
        "distance_between_plane_centers_angstrom": 3.934640062790032,
        "angle_between_low_plane_and_z": 0.4249212891411505,
        "angle_between_high_plane_and_z": 0.4264962685298198
      }
    }
  }
}