{
  "experiment": {
    "name": "CONTCAR",
    "file_path": "/home/dotempo/Documents/DION-JACOBSON/BULKS/MAPbCl3/MAPbCl3_n2_[NH3+]CCCCCCCCCC[NH3+]/CONTCAR",
    "timestamp": "2025-08-06 13:13:02.954006"
  },
  "analysis_parameters": {
    "halogen_symbol": "Cl",
    "central_metal": "Pb",
    "total_spacer_molecules": 4,
    "analyzed_molecules": 2
  },
  "penetration_analysis": {
    "molecule_1": {
      "formula": "C10H26N2",
      "n1_position": [
        7.2032349629491845,
        5.478498957086001,
        4.05725194300738
      ],
      "n2_position": [
        3.646197085364938,
        -0.036308071916495877,
        15.244452131955459
      ],
      "molecular_vector": [
        -3.5570378775842464,
        -5.514807029002497,
        11.18720018894808
      ],
      "molecular_vector_length": 12.96992918628719,
      "low_plane_intersection": [
        6.914553612886648,
        5.030929380023182,
        4.965180440006891
      ],
      "high_plane_intersection": [
        3.764210939231097,
        0.14665979438656862,
        14.873288075314424
      ],
      "penetration_segments": {
        "n1_to_low_plane": 1.0526108510983108,
        "low_plane_to_high_plane": 11.487007672125475,
        "high_plane_to_n2": 0.4303106630634068,
        "total_calculated": 12.969929186287194,
        "molecular_length": 12.96992918628719,
        "length_difference": 3.552713678800501e-15
      },
      "penetration_parameters": {
        "t_low_plane": 1.0526108510983108,
        "t_high_plane": 12.539618523223783
      }
    },
    "molecule_2": {
      "formula": "C10H26N2",
      "n1_position": [
        3.1868344132678565,
        1.8537261536100167,
        4.685993335384696
      ],
      "n2_position": [
        7.319682600094782,
        4.427181376474202,
        15.051978017982462
      ],
      "molecular_vector": [
        4.132848186826926,
        2.5734552228641854,
        10.365984682597766
      ],
      "molecular_vector_length": 11.452368504344289,
      "low_plane_intersection": [
        3.166840153867228,
        1.8412760637553118,
        4.635843855578632
      ],
      "high_plane_intersection": [
        7.17958839560499,
        4.339947065911718,
        14.700594586456788
      ],
      "penetration_segments": {
        "n1_to_low_plane": 0.05540528378402754,
        "low_plane_to_high_plane": 11.119564402587864,
        "high_plane_to_n2": 0.38820938554045487,
        "total_calculated": 11.563179071912346,
        "molecular_length": 11.452368504344289,
        "length_difference": 0.1108105675680573
      },
      "penetration_parameters": {
        "t_low_plane": -0.05540528378402792,
        "t_high_plane": 11.064159118803834
      }
    },
    "comparative_analysis": {
      "molecule_1": {
        "id": "molecule_1",
        "segments": {
          "n1_to_low_plane": 1.0526108510983108,
          "low_plane_to_high_plane": 11.487007672125475,
          "high_plane_to_n2": 0.4303106630634068,
          "total_calculated": 12.969929186287194,
          "molecular_length": 12.96992918628719,
          "length_difference": 3.552713678800501e-15
        }
      },
      "molecule_2": {
        "id": "molecule_2",
        "segments": {
          "n1_to_low_plane": 0.05540528378402754,
          "low_plane_to_high_plane": 11.119564402587864,
          "high_plane_to_n2": 0.38820938554045487,
          "total_calculated": 11.563179071912346,
          "molecular_length": 11.452368504344289,
          "length_difference": 0.1108105675680573
        }
      },
      "penetration_comparison": {
        "n1_to_low_diff": 0.9972055673142832,
        "low_to_high_diff": 0.3674432695376115,
        "high_to_n2_diff": 0.04210127752295195
      }
    },
    "plane_reference": {
      "plane_analysis": {
        "low_plane": {
          "normal_vector": [
            -0.1557390721829229,
            0.08134181274972661,
            0.9844434218857835
          ],
          "center_position": [
            5.458349119494503,
            2.9323116037796395,
            4.908211637865255
          ],
          "angle_vs_z_axis_degrees": 21.1154568821467
        },
        "high_plane": {
          "normal_vector": [
            -0.11784902439293947,
            0.13649464509094747,
            0.9836060285048729
          ],
          "center_position": [
            4.82832788447648,
            2.1799012108885685,
            14.718631213436781
          ],
          "angle_vs_z_axis_degrees": 21.922453728815174
        }
      },
      "vector_analysis_results": {
        "angle_between_planes_degrees": 3.834908882781936,
        "distance_between_plane_centers_angstrom": 9.85938032559152,
        "angle_between_low_plane_and_z": 21.1154568821467,
        "angle_between_high_plane_and_z": 21.922453728815174
      }
    }
  }
}