{
  "experiment": {
    "name": "CONTCAR",
    "file_path": "/home/dotempo/Documents/DION-JACOBSON/BULKS/MAPbBr3/MAPbBr3_n3_[NH3+]C1CCC([NH3+])CC1/CONTCAR",
    "timestamp": "2025-08-06 13:14:43.110146"
  },
  "analysis_parameters": {
    "halogen_symbol": "Br",
    "central_metal": "Pb",
    "total_spacer_molecules": 6,
    "analyzed_molecules": 2
  },
  "penetration_analysis": {
    "molecule_1": {
      "formula": "C6H16N2",
      "n1_position": [
        3.4514493597764946,
        8.25063183661521,
        3.1819943001276147
      ],
      "n2_position": [
        4.974242190674176,
        0.2872692478993336,
        8.681014017759482
      ],
      "molecular_vector": [
        1.5227928308976817,
        -7.963362588715876,
        5.499019717631867
      ],
      "molecular_vector_length": 9.79659428475514,
      "low_plane_intersection": [
        3.5679999311274706,
        7.6411369396352375,
        3.602874853907514
      ],
      "high_plane_intersection": [
        4.743679802771789,
        1.4929827612106124,
        7.848420711897835
      ],
      "penetration_segments": {
        "n1_to_low_plane": 0.7498056452687857,
        "low_plane_to_high_plane": 7.563509938816009,
        "high_plane_to_n2": 1.483278700670344,
        "total_calculated": 9.796594284755137,
        "molecular_length": 9.79659428475514,
        "length_difference": 1.7763568394002505e-15
      },
      "penetration_parameters": {
        "t_low_plane": 0.7498056452687855,
        "t_high_plane": 8.313315584084794
      }
    },
    "molecule_5": {
      "formula": "C6H16N2",
      "n1_position": [
        7.628568426023147,
        5.275304371855376,
        3.454565338118531
      ],
      "n2_position": [
        0.9310387397941995,
        3.754206865674467,
        8.55630029857277
      ],
      "molecular_vector": [
        -6.697529686228948,
        -1.5210975061809089,
        5.101734960454239
      ],
      "molecular_vector_length": 8.555602908500886,
      "low_plane_intersection": [
        7.411117007316477,
        5.225918280832843,
        3.6202054408115028
      ],
      "high_plane_intersection": [
        1.779426893071463,
        3.946887027567125,
        7.910054338587059
      ],
      "penetration_segments": {
        "n1_to_low_plane": 0.2777782372760104,
        "low_plane_to_high_plane": 7.194071034919078,
        "high_plane_to_n2": 1.0837536363057978,
        "total_calculated": 8.555602908500886,
        "molecular_length": 8.555602908500886,
        "length_difference": 0.0
      },
      "penetration_parameters": {
        "t_low_plane": 0.27777823727601014,
        "t_high_plane": 7.4718492721950875
      }
    },
    "comparative_analysis": {
      "molecule_1": {
        "id": "molecule_1",
        "segments": {
          "n1_to_low_plane": 0.7498056452687857,
          "low_plane_to_high_plane": 7.563509938816009,
          "high_plane_to_n2": 1.483278700670344,
          "total_calculated": 9.796594284755137,
          "molecular_length": 9.79659428475514,
          "length_difference": 1.7763568394002505e-15
        }
      },
      "molecule_2": {
        "id": "molecule_5",
        "segments": {
          "n1_to_low_plane": 0.2777782372760104,
          "low_plane_to_high_plane": 7.194071034919078,
          "high_plane_to_n2": 1.0837536363057978,
          "total_calculated": 8.555602908500886,
          "molecular_length": 8.555602908500886,
          "length_difference": 0.0
        }
      },
      "penetration_comparison": {
        "n1_to_low_diff": 0.47202740799277526,
        "low_to_high_diff": 0.36943890389693035,
        "high_to_n2_diff": 0.39952506436454627
      }
    },
    "plane_reference": {
      "plane_analysis": {
        "low_plane": {
          "normal_vector": [
            0.014098848150483751,
            0.029605928443953156,
            0.9994622111324676
          ],
          "center_position": [
            6.293895394540766,
            2.0028742982478147,
            3.7314380078368456
          ],
          "angle_vs_z_axis_degrees": 1.8472951326999325
        },
        "high_plane": {
          "normal_vector": [
            -0.003940633865792497,
            -0.029865342140853665,
            0.9995461633879376
          ],
          "center_position": [
            2.471285265587111,
            2.3430478153556704,
            7.864860981908633
          ],
          "angle_vs_z_axis_degrees": 3.076301938897111
        }
      },
      "vector_analysis_results": {
        "angle_between_planes_degrees": 3.5613397887386524,
        "distance_between_plane_centers_angstrom": 5.640323723183366,
        "angle_between_low_plane_and_z": 1.8472951326999325,
        "angle_between_high_plane_and_z": 3.076301938897111
      }
    }
  }
}