{
  "experiment": {
    "name": "CONTCAR",
    "file_path": "/home/dotempo/Documents/DION-JACOBSON/BULKS/MAPbI3/MAPbI3_n1_CC(C)(C[NH3+])C[NH3+]/CONTCAR",
    "timestamp": "2025-08-06 13:15:28.365454"
  },
  "analysis_parameters": {
    "halogen_symbol": "I",
    "central_metal": "Pb",
    "total_spacer_molecules": 2,
    "analyzed_molecules": 2
  },
  "penetration_analysis": {
    "molecule_0": {
      "formula": "C5H16N2",
      "n1_position": [
        0.5020156708766371,
        3.736774121728409,
        4.51477971181256
      ],
      "n2_position": [
        8.071674388153864,
        4.774636005777308,
        9.248545597160495
      ],
      "molecular_vector": [
        7.569658717277227,
        1.0378618840488985,
        4.733765885347935
      ],
      "molecular_vector_length": 8.98807153085113,
      "low_plane_intersection": [
        0.49544454482402106,
        3.7358731668082457,
        4.510670388856533
      ],
      "high_plane_intersection": [
        7.617330708373742,
        4.7123417855073715,
        8.964416986889383
      ],
      "penetration_segments": {
        "n1_to_low_plane": 0.007802432474841833,
        "low_plane_to_high_plane": 8.456394754820419,
        "high_plane_to_n2": 0.539479208505551,
        "total_calculated": 9.003676395800811,
        "molecular_length": 8.98807153085113,
        "length_difference": 0.015604864949681385
      },
      "penetration_parameters": {
        "t_low_plane": -0.007802432474841696,
        "t_high_plane": 8.44859232234558
      }
    },
    "molecule_1": {
      "formula": "C5H16N2",
      "n1_position": [
        4.7565872093027775,
        0.7229956652164233,
        4.45118339142559
      ],
      "n2_position": [
        3.810671791136221,
        8.618888533019994,
        9.299480941754712
      ],
      "molecular_vector": [
        -0.9459154181665563,
        7.895892867803571,
        4.848297550329122
      ],
      "molecular_vector_length": 9.313746254578975,
      "low_plane_intersection": [
        4.753011535707917,
        0.7528430861306256,
        4.469510536958686
      ],
      "high_plane_intersection": [
        3.8656032102325977,
        8.160356414892457,
        9.017929484271049
      ],
      "penetration_segments": {
        "n1_to_low_plane": 0.035207076565341514,
        "low_plane_to_high_plane": 8.737669149846383,
        "high_plane_to_n2": 0.5408700281672516,
        "total_calculated": 9.313746254578977,
        "molecular_length": 9.313746254578975,
        "length_difference": 1.7763568394002505e-15
      },
      "penetration_parameters": {
        "t_low_plane": 0.0352070765653414,
        "t_high_plane": 8.772876226411723
      }
    },
    "comparative_analysis": {
      "molecule_1": {
        "id": "molecule_0",
        "segments": {
          "n1_to_low_plane": 0.007802432474841833,
          "low_plane_to_high_plane": 8.456394754820419,
          "high_plane_to_n2": 0.539479208505551,
          "total_calculated": 9.003676395800811,
          "molecular_length": 8.98807153085113,
          "length_difference": 0.015604864949681385
        }
      },
      "molecule_2": {
        "id": "molecule_1",
        "segments": {
          "n1_to_low_plane": 0.035207076565341514,
          "low_plane_to_high_plane": 8.737669149846383,
          "high_plane_to_n2": 0.5408700281672516,
          "total_calculated": 9.313746254578977,
          "molecular_length": 9.313746254578975,
          "length_difference": 1.7763568394002505e-15
        }
      },
      "penetration_comparison": {
        "n1_to_low_diff": 0.02740464409049968,
        "low_to_high_diff": 0.28127439502596374,
        "high_to_n2_diff": 0.0013908196617006263
      }
    },
    "plane_reference": {
      "plane_analysis": {
        "low_plane": {
          "normal_vector": [
            -0.0010044049898045285,
            -0.015229943252459075,
            0.9998835132149863
          ],
          "center_position": [
            6.301827805093627,
            2.2337305249328074,
            4.493622816166068
          ],
          "angle_vs_z_axis_degrees": 1.2564736266496475
        },
        "high_plane": {
          "normal_vector": [
            0.001113780280239649,
            -0.014306316209438686,
            0.9998970391045284
          ],
          "center_position": [
            2.4540891817110326,
            6.696146806154155,
            8.998552159995128
          ],
          "angle_vs_z_axis_degrees": 1.3128005201887794
        }
      },
      "vector_analysis_results": {
        "angle_between_planes_degrees": 0.13240137383663056,
        "distance_between_plane_centers_angstrom": 7.4170506249904795,
        "angle_between_low_plane_and_z": 1.2564736266496475,
        "angle_between_high_plane_and_z": 1.3128005201887794
      }
    }
  }
}