{
  "experiment": {
    "name": "CONTCAR",
    "file_path": "/home/dotempo/Documents/DION-JACOBSON/BULKS/MAPbCl3/MAPbCl3_n2_[NH3+]CCCCCC[NH3+]/CONTCAR",
    "timestamp": "2025-08-06 13:13:38.284598"
  },
  "salt_structure_info": {
    "total_atoms": 56,
    "halogen_symbol": "Cl"
  },
  "vector_analysis": {
    "plane_analysis": {
      "low_plane": {
        "normal_vector": [
          -0.10225444102418293,
          -0.019656817077613055,
          0.9945640446111097
        ],
        "center_position": [
          5.724100512514902,
          5.704974463105379,
          5.261655498284893
        ],
        "angle_vs_z_axis_degrees": 10.649097310347567
      },
      "high_plane": {
        "normal_vector": [
          -0.08456778776325094,
          0.031859535318570095,
          0.9959082584666694
        ],
        "center_position": [
          2.3851038449827957,
          4.87756688203498,
          11.671206921764565
        ],
        "angle_vs_z_axis_degrees": 7.757299267186267
      }
    },
    "vector_analysis_results": {
      "angle_between_planes_degrees": 3.1221173336223087,
      "distance_between_plane_centers_angstrom": 7.27432825085819,
      "angle_between_low_plane_and_z": 10.649097310347567,
      "angle_between_high_plane_and_z": 7.757299267186267
    }
  }
}