{
  "experiment": {
    "name": "CONTCAR",
    "file_path": "/home/dotempo/Documents/DION-JACOBSON/BULKS/MAPbCl3/MAPbCl3_n2_[NH3+]CCCCCC[NH3+]/CONTCAR",
    "timestamp": "2025-08-06 13:13:38.311553"
  },
  "analysis_parameters": {
    "halogen_symbol": "Cl",
    "central_metal": "Pb",
    "total_spacer_molecules": 4,
    "analyzed_molecules": 2
  },
  "penetration_analysis": {
    "molecule_1": {
      "formula": "C6H18N2",
      "n1_position": [
        7.373859830905526,
        2.9413835261738224,
        4.82182721863066
      ],
      "n2_position": [
        0.7984960290828358,
        6.461495157142077,
        12.014092575993827
      ],
      "molecular_vector": [
        -6.57536380182269,
        3.520111630968255,
        7.1922653573631665
      ],
      "molecular_vector_length": 10.36123911467757,
      "low_plane_intersection": [
        6.906068466241965,
        3.1918149659007398,
        5.333506834838471
      ],
      "high_plane_intersection": [
        1.2402557351806118,
        6.224999728691891,
        11.530886912215157
      ],
      "penetration_segments": {
        "n1_to_low_plane": 0.7371300404271053,
        "low_plane_to_high_plane": 8.92799885372701,
        "high_plane_to_n2": 0.6961102205234563,
        "total_calculated": 10.361239114677572,
        "molecular_length": 10.36123911467757,
        "length_difference": 1.7763568394002505e-15
      },
      "penetration_parameters": {
        "t_low_plane": 0.737130040427105,
        "t_high_plane": 9.665128894154114
      }
    },
    "molecule_3": {
      "formula": "C6H18N2",
      "n1_position": [
        3.9711593820141045,
        7.107340442828946,
        5.141225878159938
      ],
      "n2_position": [
        4.005778687471154,
        3.407368000054932,
        12.05989037658389
      ],
      "molecular_vector": [
        0.03461930545704961,
        -3.6999724427740137,
        6.9186644984239525
      ],
      "molecular_vector_length": 7.845948828239284,
      "low_plane_intersection": [
        3.9710004626116393,
        7.124325110833692,
        5.109465852549083
      ],
      "high_plane_intersection": [
        4.004739546371789,
        3.518427230765789,
        11.852218138850844
      ],
      "penetration_segments": {
        "n1_to_low_plane": 0.03601671041905556,
        "low_plane_to_high_plane": 7.646459719483181,
        "high_plane_to_n2": 0.2355058191751589,
        "total_calculated": 7.917982249077395,
        "molecular_length": 7.845948828239284,
        "length_difference": 0.07203342083811037
      },
      "penetration_parameters": {
        "t_low_plane": -0.03601671041905543,
        "t_high_plane": 7.610443009064126
      }
    },
    "comparative_analysis": {
      "molecule_1": {
        "id": "molecule_1",
        "segments": {
          "n1_to_low_plane": 0.7371300404271053,
          "low_plane_to_high_plane": 8.92799885372701,
          "high_plane_to_n2": 0.6961102205234563,
          "total_calculated": 10.361239114677572,
          "molecular_length": 10.36123911467757,
          "length_difference": 1.7763568394002505e-15
        }
      },
      "molecule_2": {
        "id": "molecule_3",
        "segments": {
          "n1_to_low_plane": 0.03601671041905556,
          "low_plane_to_high_plane": 7.646459719483181,
          "high_plane_to_n2": 0.2355058191751589,
          "total_calculated": 7.917982249077395,
          "molecular_length": 7.845948828239284,
          "length_difference": 0.07203342083811037
        }
      },
      "penetration_comparison": {
        "n1_to_low_diff": 0.7011133300080498,
        "low_to_high_diff": 1.281539134243829,
        "high_to_n2_diff": 0.4606044013482974
      }
    },
    "plane_reference": {
      "plane_analysis": {
        "low_plane": {
          "normal_vector": [
            -0.10225444102418293,
            -0.019656817077613055,
            0.9945640446111097
          ],
          "center_position": [
            5.724100512514902,
            5.704974463105379,
            5.261655498284893
          ],
          "angle_vs_z_axis_degrees": 10.649097310347567
        },
        "high_plane": {
          "normal_vector": [
            -0.08456778776325094,
            0.031859535318570095,
            0.9959082584666694
          ],
          "center_position": [
            2.3851038449827957,
            4.87756688203498,
            11.671206921764565
          ],
          "angle_vs_z_axis_degrees": 7.757299267186267
        }
      },
      "vector_analysis_results": {
        "angle_between_planes_degrees": 3.1221173336223087,
        "distance_between_plane_centers_angstrom": 7.27432825085819,
        "angle_between_low_plane_and_z": 10.649097310347567,
        "angle_between_high_plane_and_z": 7.757299267186267
      }
    }
  }
}