{
  "experiment": {
    "name": "CONTCAR",
    "file_path": "/home/dotempo/Documents/DION-JACOBSON/BULKS/MAPbBr3/MAPbBr3_n1_CC(C)(CC[NH3+])CC[NH3+]/CONTCAR",
    "timestamp": "2025-08-06 13:14:25.604625"
  },
  "salt_structure_info": {
    "total_atoms": 62,
    "halogen_symbol": "Br"
  },
  "vector_analysis": {
    "plane_analysis": {
      "low_plane": {
        "normal_vector": [
          0.008402094722711712,
          0.006984497653236628,
          0.9999403090168945
        ],
        "center_position": [
          5.988167316668951,
          5.521979809652507,
          3.0321220045671113
        ],
        "angle_vs_z_axis_degrees": 0.3786597380760268
      },
      "high_plane": {
        "normal_vector": [
          0.007184884330712602,
          0.005763631698010394,
          0.999957578093593
        ],
        "center_position": [
          6.049401445915507,
          5.546147584263299,
          9.414399435093118
        ],
        "angle_vs_z_axis_degrees": 0.27990627130523354
      }
    },
    "vector_analysis_results": {
      "angle_between_planes_degrees": 0.09878187495364707,
      "distance_between_plane_centers_angstrom": 6.382616931957915,
      "angle_between_low_plane_and_z": 0.3786597380760268,
      "angle_between_high_plane_and_z": 0.27990627130523354
    }
  }
}