{
  "experiment": {
    "name": "CONTCAR",
    "file_path": "/home/dotempo/Documents/DION-JACOBSON/BULKS/MAPbBr3/MAPbBr3_n1_CC(C)(CC[NH3+])CC[NH3+]/CONTCAR",
    "timestamp": "2025-08-06 13:14:25.631882"
  },
  "analysis_parameters": {
    "halogen_symbol": "Br",
    "central_metal": "Pb",
    "total_spacer_molecules": 2,
    "analyzed_molecules": 2
  },
  "penetration_analysis": {
    "molecule_0": {
      "formula": "C7H20N2",
      "n1_position": [
        0.5173619499832953,
        4.096983226930414,
        2.6039817784207315
      ],
      "n2_position": [
        0.5827994434484919,
        4.108701811746852,
        9.947027387956968
      ],
      "molecular_vector": [
        0.06543749346519656,
        0.01171858481643806,
        7.343045609536237
      ],
      "molecular_vector_length": 7.343346526925616,
      "low_plane_intersection": [
        0.5216752996534486,
        4.097755664126217,
        3.088002814077591
      ],
      "high_plane_intersection": [
        0.5784771148250916,
        4.107927766594821,
        9.461998782178952
      ],
      "penetration_segments": {
        "n1_to_low_plane": 0.4840408707980529,
        "low_plane_to_high_plane": 6.374257173918216,
        "high_plane_to_n2": 0.4850484822093479,
        "total_calculated": 7.343346526925616,
        "molecular_length": 7.343346526925616,
        "length_difference": 0.0
      },
      "penetration_parameters": {
        "t_low_plane": 0.4840408707980529,
        "t_high_plane": 6.8582980447162685
      }
    },
    "molecule_1": {
      "formula": "C7H20N2",
      "n1_position": [
        4.6571883634914935,
        0.2777424808906731,
        2.60782592184168
      ],
      "n2_position": [
        4.749892096504421,
        0.31959570047689634,
        9.872278304390212
      ],
      "molecular_vector": [
        0.09270373301292789,
        0.041853219586223234,
        7.264452382548532
      ],
      "molecular_vector_length": 7.265164422944556,
      "low_plane_intersection": [
        4.663212208462618,
        0.2804620834151442,
        3.0798666210710017
      ],
      "high_plane_intersection": [
        4.744553232570588,
        0.3171853483011914,
        9.453914107353757
      ],
      "penetration_segments": {
        "n1_to_low_plane": 0.4720869672793714,
        "low_plane_to_high_plane": 6.3746722517925845,
        "high_plane_to_n2": 0.41840520387260094,
        "total_calculated": 7.265164422944556,
        "molecular_length": 7.265164422944556,
        "length_difference": 0.0
      },
      "penetration_parameters": {
        "t_low_plane": 0.4720869672793714,
        "t_high_plane": 6.846759219071956
      }
    },
    "comparative_analysis": {
      "molecule_1": {
        "id": "molecule_0",
        "segments": {
          "n1_to_low_plane": 0.4840408707980529,
          "low_plane_to_high_plane": 6.374257173918216,
          "high_plane_to_n2": 0.4850484822093479,
          "total_calculated": 7.343346526925616,
          "molecular_length": 7.343346526925616,
          "length_difference": 0.0
        }
      },
      "molecule_2": {
        "id": "molecule_1",
        "segments": {
          "n1_to_low_plane": 0.4720869672793714,
          "low_plane_to_high_plane": 6.3746722517925845,
          "high_plane_to_n2": 0.41840520387260094,
          "total_calculated": 7.265164422944556,
          "molecular_length": 7.265164422944556,
          "length_difference": 0.0
        }
      },
      "penetration_comparison": {
        "n1_to_low_diff": 0.01195390351868153,
        "low_to_high_diff": 0.00041507787436856347,
        "high_to_n2_diff": 0.06664327833674694
      }
    },
    "plane_reference": {
      "plane_analysis": {
        "low_plane": {
          "normal_vector": [
            0.008402094722711712,
            0.006984497653236628,
            0.9999403090168945
          ],
          "center_position": [
            5.988167316668951,
            5.521979809652507,
            3.0321220045671113
          ],
          "angle_vs_z_axis_degrees": 0.3786597380760268
        },
        "high_plane": {
          "normal_vector": [
            0.007184884330712602,
            0.005763631698010394,
            0.999957578093593
          ],
          "center_position": [
            6.049401445915507,
            5.546147584263299,
            9.414399435093118
          ],
          "angle_vs_z_axis_degrees": 0.27990627130523354
        }
      },
      "vector_analysis_results": {
        "angle_between_planes_degrees": 0.09878187495364707,
        "distance_between_plane_centers_angstrom": 6.382616931957915,
        "angle_between_low_plane_and_z": 0.3786597380760268,
        "angle_between_high_plane_and_z": 0.27990627130523354
      }
    }
  }
}