{
  "experiment": {
    "name": "CONTCAR",
    "file_path": "/home/dotempo/Documents/DION-JACOBSON/BULKS/MAPbI3/MAPbI3_n2_CC(C)(CC[NH3+])C(C)(C)CC[NH3+]/CONTCAR",
    "timestamp": "2025-08-06 13:16:09.445752"
  },
  "salt_structure_info": {
    "total_atoms": 80,
    "halogen_symbol": "I"
  },
  "vector_analysis": {
    "plane_analysis": {
      "low_plane": {
        "normal_vector": [
          0.01938179126465839,
          0.028889880506661487,
          0.9993946772780432
        ],
        "center_position": [
          2.1933712264420353,
          2.140942493224384,
          5.134851446504836
        ],
        "angle_vs_z_axis_degrees": 2.644677467299267
      },
      "high_plane": {
        "normal_vector": [
          -0.0103226747942492,
          0.005732048428005957,
          0.9999302905732534
        ],
        "center_position": [
          6.04670775709388,
          6.784322949545682,
          12.21914723147581
        ],
        "angle_vs_z_axis_degrees": 0.4878737763753389
      }
    },
    "vector_analysis_results": {
      "angle_between_planes_degrees": 2.1583824219038807,
      "distance_between_plane_centers_angstrom": 9.305720350921797,
      "angle_between_low_plane_and_z": 2.644677467299267,
      "angle_between_high_plane_and_z": 0.4878737763753389
    }
  }
}