{
  "experiment": {
    "name": "CONTCAR",
    "file_path": "/home/dotempo/Documents/DION-JACOBSON/BULKS/MAPbCl3/MAPbCl3_n2_[NH3+]CCCCC[NH3+]/CONTCAR",
    "timestamp": "2025-08-06 13:13:35.901991"
  },
  "salt_structure_info": {
    "total_atoms": 50,
    "halogen_symbol": "Cl"
  },
  "vector_analysis": {
    "plane_analysis": {
      "low_plane": {
        "normal_vector": [
          -0.03477216061041148,
          0.12526696386721795,
          0.9915135322374439
        ],
        "center_position": [
          5.686487530773881,
          1.8215248428069397,
          5.148097027684887
        ],
        "angle_vs_z_axis_degrees": 8.573212783489483
      },
      "high_plane": {
        "normal_vector": [
          -0.0015767697573774494,
          -0.022354267981239444,
          0.9997488687166168
        ],
        "center_position": [
          3.707479270266258,
          2.823501503920437,
          10.655816923547228
        ],
        "angle_vs_z_axis_degrees": 6.287632452336202
      }
    },
    "vector_analysis_results": {
      "angle_between_planes_degrees": 8.690441084151818,
      "distance_between_plane_centers_angstrom": 5.937626577669855,
      "angle_between_low_plane_and_z": 8.573212783489483,
      "angle_between_high_plane_and_z": 6.287632452336202
    }
  }
}