{
  "experiment": {
    "name": "CONTCAR",
    "file_path": "/home/dotempo/Documents/DION-JACOBSON/BULKS/MAPbI3/MAPbI3_n2_CC(C)(C[NH3+])C(C)(C)C[NH3+]/CONTCAR",
    "timestamp": "2025-08-06 13:16:15.765504"
  },
  "analysis_parameters": {
    "halogen_symbol": "I",
    "central_metal": "Pb",
    "total_spacer_molecules": 4,
    "analyzed_molecules": 2
  },
  "penetration_analysis": {
    "molecule_0": {
      "formula": "C8H22N2",
      "n1_position": [
        4.424588158247073,
        8.248140049456959,
        4.417117281194277
      ],
      "n2_position": [
        5.478695487165477,
        0.41299307246392736,
        10.609252318310377
      ],
      "molecular_vector": [
        1.0541073289184038,
        -7.835146976993031,
        6.1921350371161
      ],
      "molecular_vector_length": 10.042071834529134,
      "low_plane_intersection": [
        4.5241164218612635,
        7.508349562863679,
        5.001775438292111
      ],
      "high_plane_intersection": [
        5.450370631026511,
        0.6235308468086869,
        10.442863821325608
      ],
      "penetration_segments": {
        "n1_to_low_plane": 0.9481671793375962,
        "low_plane_to_high_plane": 8.824064732588917,
        "high_plane_to_n2": 0.2698399226026211,
        "total_calculated": 10.042071834529136,
        "molecular_length": 10.042071834529134,
        "length_difference": 1.7763568394002505e-15
      },
      "penetration_parameters": {
        "t_low_plane": 0.9481671793375962,
        "t_high_plane": 9.772231911926513
      }
    },
    "molecule_1": {
      "formula": "C8H22N2",
      "n1_position": [
        0.18311418583500205,
        4.200044099596736,
        5.0345016575152375
      ],
      "n2_position": [
        0.9414421580383793,
        4.693080160587195,
        11.333250602768876
      ],
      "molecular_vector": [
        0.7583279722033772,
        0.49303606099045894,
        6.298748945253639
      ],
      "molecular_vector_length": 6.3633626445611995,
      "low_plane_intersection": [
        0.18900250158985768,
        4.203872458976922,
        5.083410604579992
      ],
      "high_plane_intersection": [
        0.8471412837919075,
        4.631769311863857,
        10.549977989903738
      ],
      "penetration_segments": {
        "n1_to_low_plane": 0.04941066383844382,
        "low_plane_to_high_plane": 5.522644416548492,
        "high_plane_to_n2": 0.7913075641742634,
        "total_calculated": 6.3633626445611995,
        "molecular_length": 6.3633626445611995,
        "length_difference": 0.0
      },
      "penetration_parameters": {
        "t_low_plane": 0.04941066383844343,
        "t_high_plane": 5.572055080386937
      }
    },
    "comparative_analysis": {
      "molecule_1": {
        "id": "molecule_0",
        "segments": {
          "n1_to_low_plane": 0.9481671793375962,
          "low_plane_to_high_plane": 8.824064732588917,
          "high_plane_to_n2": 0.2698399226026211,
          "total_calculated": 10.042071834529136,
          "molecular_length": 10.042071834529134,
          "length_difference": 1.7763568394002505e-15
        }
      },
      "molecule_2": {
        "id": "molecule_1",
        "segments": {
          "n1_to_low_plane": 0.04941066383844382,
          "low_plane_to_high_plane": 5.522644416548492,
          "high_plane_to_n2": 0.7913075641742634,
          "total_calculated": 6.3633626445611995,
          "molecular_length": 6.3633626445611995,
          "length_difference": 0.0
        }
      },
      "penetration_comparison": {
        "n1_to_low_diff": 0.8987565154991524,
        "low_to_high_diff": 3.301420316040425,
        "high_to_n2_diff": 0.5214676415716424
      }
    },
    "plane_reference": {
      "plane_analysis": {
        "low_plane": {
          "normal_vector": [
            0.015053344714648158,
            0.004952962355576637,
            0.999874424603813
          ],
          "center_position": [
            6.219290184089363,
            2.6765200424793236,
            5.000189073812744
          ],
          "angle_vs_z_axis_degrees": 0.8448331145515682
        },
        "high_plane": {
          "normal_vector": [
            -0.014079102320964825,
            -0.04286532043403094,
            0.9989816530757327
          ],
          "center_position": [
            2.558109608568926,
            2.1392686861908703,
            10.4671406929081
          ],
          "angle_vs_z_axis_degrees": 3.1960335868929697
        }
      },
      "vector_analysis_results": {
        "angle_between_planes_degrees": 3.209026389550303,
        "distance_between_plane_centers_angstrom": 6.6015484722852165,
        "angle_between_low_plane_and_z": 0.8448331145515682,
        "angle_between_high_plane_and_z": 3.1960335868929697
      }
    }
  }
}