{
  "experiment": {
    "name": "CONTCAR",
    "file_path": "/home/dotempo/Documents/DION-JACOBSON/BULKS/MAPbI3/MAPbI3_n2_CC(C)(C[NH3+])C(C)(C)C[NH3+]/CONTCAR",
    "timestamp": "2025-08-06 13:16:15.738994"
  },
  "salt_structure_info": {
    "total_atoms": 68,
    "halogen_symbol": "I"
  },
  "vector_analysis": {
    "plane_analysis": {
      "low_plane": {
        "normal_vector": [
          0.015053344714648158,
          0.004952962355576637,
          0.999874424603813
        ],
        "center_position": [
          6.219290184089363,
          2.6765200424793236,
          5.000189073812744
        ],
        "angle_vs_z_axis_degrees": 0.8448331145515682
      },
      "high_plane": {
        "normal_vector": [
          -0.014079102320964825,
          -0.04286532043403094,
          0.9989816530757327
        ],
        "center_position": [
          2.558109608568926,
          2.1392686861908703,
          10.4671406929081
        ],
        "angle_vs_z_axis_degrees": 3.1960335868929697
      }
    },
    "vector_analysis_results": {
      "angle_between_planes_degrees": 3.209026389550303,
      "distance_between_plane_centers_angstrom": 6.6015484722852165,
      "angle_between_low_plane_and_z": 0.8448331145515682,
      "angle_between_high_plane_and_z": 3.1960335868929697
    }
  }
}