{
  "experiment": {
    "name": "CONTCAR",
    "file_path": "/home/dotempo/Documents/DION-JACOBSON/BULKS/MAPbI3/MAPbI3_n2_[NH3+]CC1CCC(C[NH3+])CC1/CONTCAR",
    "timestamp": "2025-08-06 13:16:14.015525"
  },
  "salt_structure_info": {
    "total_atoms": 64,
    "halogen_symbol": "I"
  },
  "vector_analysis": {
    "plane_analysis": {
      "low_plane": {
        "normal_vector": [
          0.02442583510377735,
          -0.015136713270244883,
          0.9995870439790911
        ],
        "center_position": [
          6.635786917481365,
          1.9361844759141205,
          5.059428851878043
        ],
        "angle_vs_z_axis_degrees": 2.437421806957189
      },
      "high_plane": {
        "normal_vector": [
          -0.019075262843604526,
          0.0024383649499454866,
          0.9998150772637
        ],
        "center_position": [
          6.184584782619966,
          6.82493133957158,
          10.337691491755018
        ],
        "angle_vs_z_axis_degrees": 0.7958839032894737
      }
    },
    "vector_analysis_results": {
      "angle_between_planes_degrees": 2.6884391198372,
      "distance_between_plane_centers_angstrom": 7.208570299230297,
      "angle_between_low_plane_and_z": 2.437421806957189,
      "angle_between_high_plane_and_z": 0.7958839032894737
    }
  }
}