{
  "experiment": {
    "name": "CONTCAR",
    "file_path": "/home/dotempo/Documents/DION-JACOBSON/BULKS/MAPbI3/MAPbI3_n1_[NH3+]CCCC1CCC(CCC[NH3+])CC1/CONTCAR",
    "timestamp": "2025-08-06 13:16:01.568333"
  },
  "salt_structure_info": {
    "total_atoms": 88,
    "halogen_symbol": "I"
  },
  "vector_analysis": {
    "plane_analysis": {
      "low_plane": {
        "normal_vector": [
          -0.11875772327068278,
          -0.17490847513407357,
          0.9773963517886881
        ],
        "center_position": [
          0.8834722077159937,
          5.157158737360658,
          6.417206937962441
        ],
        "angle_vs_z_axis_degrees": 5.858905787776754
      },
      "high_plane": {
        "normal_vector": [
          -0.2698152524768472,
          -0.19876215589569493,
          0.9421747900015955
        ],
        "center_position": [
          -0.9286703054866817,
          1.1685038049978291,
          15.258785675766706
        ],
        "angle_vs_z_axis_degrees": 7.438507763939097
      }
    },
    "vector_analysis_results": {
      "angle_between_planes_degrees": 9.00084507413723,
      "distance_between_plane_centers_angstrom": 9.867458803279156,
      "angle_between_low_plane_and_z": 5.858905787776754,
      "angle_between_high_plane_and_z": 7.438507763939097
    }
  }
}