{
  "experiment": {
    "name": "CONTCAR",
    "file_path": "/home/dotempo/Documents/DION-JACOBSON/BULKS/MAPbBr3/MAPbBr3_n1_CC(C)(CCCC[NH3+])C(C)(C)CCCC[NH3+]/CONTCAR",
    "timestamp": "2025-08-06 13:14:21.688933"
  },
  "salt_structure_info": {
    "total_atoms": 104,
    "halogen_symbol": "Br"
  },
  "vector_analysis": {
    "plane_analysis": {
      "low_plane": {
        "normal_vector": [
          0.16040277836098368,
          0.006663938250950485,
          0.9870291488203702
        ],
        "center_position": [
          2.160812444939888,
          6.245460277468068,
          4.05170458018514
        ],
        "angle_vs_z_axis_degrees": 12.977592387261009
      },
      "high_plane": {
        "normal_vector": [
          0.16089178524955386,
          0.006026671222452766,
          0.9869536527482878
        ],
        "center_position": [
          5.491712927271093,
          5.6043204159023805,
          15.2674134912461
        ],
        "angle_vs_z_axis_degrees": 13.02343934514551
      }
    },
    "vector_analysis_results": {
      "angle_between_planes_degrees": 0.04622660615397148,
      "distance_between_plane_centers_angstrom": 11.71742654011259,
      "angle_between_low_plane_and_z": 12.977592387261009,
      "angle_between_high_plane_and_z": 13.02343934514551
    }
  }
}