{
  "experiment": {
    "name": "CONTCAR",
    "file_path": "/home/dotempo/Documents/DION-JACOBSON/BULKS/MAPbBr3/MAPbBr3_n1_CC(C)(CCCC[NH3+])C(C)(C)CCCC[NH3+]/CONTCAR",
    "timestamp": "2025-08-06 13:14:21.717154"
  },
  "analysis_parameters": {
    "halogen_symbol": "Br",
    "central_metal": "Pb",
    "total_spacer_molecules": 2,
    "analyzed_molecules": 2
  },
  "penetration_analysis": {
    "molecule_0": {
      "formula": "C14H34N2",
      "n1_position": [
        7.4462054238341535,
        3.3531878860093767,
        3.2104458848033524
      ],
      "n2_position": [
        0.20267698894951305,
        8.493984277275077,
        16.106349458213522
      ],
      "molecular_vector": [
        -7.243528434884641,
        5.140796391265701,
        12.89590357341017
      ],
      "molecular_vector_length": 15.658889510374802,
      "low_plane_intersection": [
        7.445063380979156,
        3.353998403955212,
        3.2124791030984343
      ],
      "high_plane_intersection": [
        0.1992052691798083,
        8.49644818759503,
        16.112530280693406
      ],
      "penetration_segments": {
        "n1_to_low_plane": 0.0024688414000555714,
        "low_plane_to_high_plane": 15.663925751169629,
        "high_plane_to_n2": 0.007505082194884245,
        "total_calculated": 15.673899674764568,
        "molecular_length": 15.658889510374802,
        "length_difference": 0.01501016438976599
      },
      "penetration_parameters": {
        "t_low_plane": 0.002468841400055766,
        "t_high_plane": 15.666394592569686
      }
    },
    "molecule_1": {
      "formula": "C14H34N2",
      "n1_position": [
        3.329605454271254,
        7.404255326061966,
        3.838943978385794
      ],
      "n2_position": [
        4.32718318816573,
        4.45108534663295,
        15.480871606066946
      ],
      "molecular_vector": [
        0.997577733894476,
        -2.953169979429016,
        11.641927627681152
      ],
      "molecular_vector_length": 12.0520061877983,
      "low_plane_intersection": [
        3.330874902576497,
        7.400497326561671,
        3.853758688853546
      ],
      "high_plane_intersection": [
        4.325780234883866,
        4.455238566350843,
        15.46449886636203
      ],
      "penetration_segments": {
        "n1_to_low_plane": 0.015336548030349818,
        "low_plane_to_high_plane": 12.01972018203677,
        "high_plane_to_n2": 0.016949457731182397,
        "total_calculated": 12.052006187798302,
        "molecular_length": 12.0520061877983,
        "length_difference": 1.7763568394002505e-15
      },
      "penetration_parameters": {
        "t_low_plane": 0.015336548030349914,
        "t_high_plane": 12.035056730067117
      }
    },
    "comparative_analysis": {
      "molecule_1": {
        "id": "molecule_0",
        "segments": {
          "n1_to_low_plane": 0.0024688414000555714,
          "low_plane_to_high_plane": 15.663925751169629,
          "high_plane_to_n2": 0.007505082194884245,
          "total_calculated": 15.673899674764568,
          "molecular_length": 15.658889510374802,
          "length_difference": 0.01501016438976599
        }
      },
      "molecule_2": {
        "id": "molecule_1",
        "segments": {
          "n1_to_low_plane": 0.015336548030349818,
          "low_plane_to_high_plane": 12.01972018203677,
          "high_plane_to_n2": 0.016949457731182397,
          "total_calculated": 12.052006187798302,
          "molecular_length": 12.0520061877983,
          "length_difference": 1.7763568394002505e-15
        }
      },
      "penetration_comparison": {
        "n1_to_low_diff": 0.012867706630294247,
        "low_to_high_diff": 3.6442055691328594,
        "high_to_n2_diff": 0.009444375536298153
      }
    },
    "plane_reference": {
      "plane_analysis": {
        "low_plane": {
          "normal_vector": [
            0.16040277836098368,
            0.006663938250950485,
            0.9870291488203702
          ],
          "center_position": [
            2.160812444939888,
            6.245460277468068,
            4.05170458018514
          ],
          "angle_vs_z_axis_degrees": 12.977592387261009
        },
        "high_plane": {
          "normal_vector": [
            0.16089178524955386,
            0.006026671222452766,
            0.9869536527482878
          ],
          "center_position": [
            5.491712927271093,
            5.6043204159023805,
            15.2674134912461
          ],
          "angle_vs_z_axis_degrees": 13.02343934514551
        }
      },
      "vector_analysis_results": {
        "angle_between_planes_degrees": 0.04622660615397148,
        "distance_between_plane_centers_angstrom": 11.71742654011259,
        "angle_between_low_plane_and_z": 12.977592387261009,
        "angle_between_high_plane_and_z": 13.02343934514551
      }
    }
  }
}