{
  "experiment": {
    "name": "CONTCAR",
    "file_path": "/home/dotempo/Documents/DION-JACOBSON/BULKS/MAPbCl3/MAPbCl3_n3_CC(C)(CCCC[NH3+])CCCC[NH3+]/CONTCAR",
    "timestamp": "2025-08-06 13:13:18.749795"
  },
  "analysis_parameters": {
    "halogen_symbol": "Cl",
    "central_metal": "Pb",
    "total_spacer_molecules": 6,
    "analyzed_molecules": 2
  },
  "penetration_analysis": {
    "molecule_1": {
      "formula": "C11H28N2",
      "n1_position": [
        1.4445972494996095,
        2.8927504501881893,
        4.221457242218657
      ],
      "n2_position": [
        6.590384736359465,
        5.558380916778652,
        15.619829895158542
      ],
      "molecular_vector": [
        5.145787486859856,
        2.6656304665904624,
        11.398372652939885
      ],
      "molecular_vector_length": 12.78700957142156,
      "low_plane_intersection": [
        1.6680380586430015,
        3.0084976764102564,
        4.716398320721101
      ],
      "high_plane_intersection": [
        6.471535513350545,
        5.496814419795989,
        15.356568394984405
      ],
      "penetration_segments": {
        "n1_to_low_plane": 0.5552385854368542,
        "low_plane_to_high_plane": 11.936436956732273,
        "high_plane_to_n2": 0.2953340292524334,
        "total_calculated": 12.78700957142156,
        "molecular_length": 12.78700957142156,
        "length_difference": 0.0
      },
      "penetration_parameters": {
        "t_low_plane": 0.5552385854368542,
        "t_high_plane": 12.491675542169126
      }
    },
    "molecule_4": {
      "formula": "C11H28N2",
      "n1_position": [
        4.494665367151158,
        8.002606363717941,
        4.604873109318819
      ],
      "n2_position": [
        1.8318640397739125,
        2.7724871685597474,
        16.177619642149285
      ],
      "molecular_vector": [
        -2.6628013273772453,
        -5.230119195158194,
        11.572746532830465
      ],
      "molecular_vector_length": 12.975866831074669,
      "low_plane_intersection": [
        4.433583759953416,
        7.882633430329523,
        4.870338636412283
      ],
      "high_plane_intersection": [
        1.9797520041629393,
        3.0629600901899012,
        15.5348867767514
      ],
      "penetration_segments": {
        "n1_to_low_plane": 0.2976514968191686,
        "low_plane_to_high_plane": 11.957555286470093,
        "high_plane_to_n2": 0.7206600477854062,
        "total_calculated": 12.975866831074669,
        "molecular_length": 12.975866831074669,
        "length_difference": 0.0
      },
      "penetration_parameters": {
        "t_low_plane": 0.29765149681916847,
        "t_high_plane": 12.255206783289264
      }
    },
    "comparative_analysis": {
      "molecule_1": {
        "id": "molecule_1",
        "segments": {
          "n1_to_low_plane": 0.5552385854368542,
          "low_plane_to_high_plane": 11.936436956732273,
          "high_plane_to_n2": 0.2953340292524334,
          "total_calculated": 12.78700957142156,
          "molecular_length": 12.78700957142156,
          "length_difference": 0.0
        }
      },
      "molecule_2": {
        "id": "molecule_4",
        "segments": {
          "n1_to_low_plane": 0.2976514968191686,
          "low_plane_to_high_plane": 11.957555286470093,
          "high_plane_to_n2": 0.7206600477854062,
          "total_calculated": 12.975866831074669,
          "molecular_length": 12.975866831074669,
          "length_difference": 0.0
        }
      },
      "penetration_comparison": {
        "n1_to_low_diff": 0.25758708861768564,
        "low_to_high_diff": 0.021118329737820574,
        "high_to_n2_diff": 0.42532601853297275
      }
    },
    "plane_reference": {
      "plane_analysis": {
        "low_plane": {
          "normal_vector": [
            0.028321703503075914,
            -0.047604118155388335,
            0.998464685928016
          ],
          "center_position": [
            2.886990411653113,
            5.483609617183948,
            4.799829127362649
          ],
          "angle_vs_z_axis_degrees": 7.500274556692806
        },
        "high_plane": {
          "normal_vector": [
            0.06012718136674471,
            -0.03788673118963417,
            0.9974714620783168
          ],
          "center_position": [
            4.297462172221505,
            4.12294099610482,
            15.435437146608423
          ],
          "angle_vs_z_axis_degrees": 8.398152392762924
        }
      },
      "vector_analysis_results": {
        "angle_between_planes_degrees": 1.9064129177210498,
        "distance_between_plane_centers_angstrom": 10.814666320455537,
        "angle_between_low_plane_and_z": 7.500274556692806,
        "angle_between_high_plane_and_z": 8.398152392762924
      }
    }
  }
}