{
  "experiment": {
    "name": "CONTCAR",
    "file_path": "/home/dotempo/Documents/DION-JACOBSON/BULKS/MAPbCl3/MAPbCl3_n3_CC(C)(CCCC[NH3+])CCCC[NH3+]/CONTCAR",
    "timestamp": "2025-08-06 13:13:18.721359"
  },
  "salt_structure_info": {
    "total_atoms": 86,
    "halogen_symbol": "Cl"
  },
  "vector_analysis": {
    "plane_analysis": {
      "low_plane": {
        "normal_vector": [
          0.028321703503075914,
          -0.047604118155388335,
          0.998464685928016
        ],
        "center_position": [
          2.886990411653113,
          5.483609617183948,
          4.799829127362649
        ],
        "angle_vs_z_axis_degrees": 7.500274556692806
      },
      "high_plane": {
        "normal_vector": [
          0.06012718136674471,
          -0.03788673118963417,
          0.9974714620783168
        ],
        "center_position": [
          4.297462172221505,
          4.12294099610482,
          15.435437146608423
        ],
        "angle_vs_z_axis_degrees": 8.398152392762924
      }
    },
    "vector_analysis_results": {
      "angle_between_planes_degrees": 1.9064129177210498,
      "distance_between_plane_centers_angstrom": 10.814666320455537,
      "angle_between_low_plane_and_z": 7.500274556692806,
      "angle_between_high_plane_and_z": 8.398152392762924
    }
  }
}