{
  "experiment": {
    "name": "CONTCAR",
    "file_path": "/home/dotempo/Documents/DION-JACOBSON/BULKS/MAPbI3/MAPbI3_n2_[NH3+]CCCCCCC[NH3+]/CONTCAR",
    "timestamp": "2025-08-06 13:15:17.646056"
  },
  "salt_structure_info": {
    "total_atoms": 62,
    "halogen_symbol": "I"
  },
  "vector_analysis": {
    "plane_analysis": {
      "low_plane": {
        "normal_vector": [
          -0.0002726367821799997,
          -0.0019231694614522145,
          0.9999981135424244
        ],
        "center_position": [
          6.1919117553954095,
          6.54871892294674,
          5.160256796442762
        ],
        "angle_vs_z_axis_degrees": 0.1780011562231446
      },
      "high_plane": {
        "normal_vector": [
          9.127169176609748e-05,
          -0.0015538442904022868,
          0.9999987886179661
        ],
        "center_position": [
          6.255435239841104,
          6.55188608902062,
          13.522143347927411
        ],
        "angle_vs_z_axis_degrees": 0.14829409283773934
      }
    },
    "vector_analysis_results": {
      "angle_between_planes_degrees": 0.029707235732888713,
      "distance_between_plane_centers_angstrom": 8.362128435028781,
      "angle_between_low_plane_and_z": 0.1780011562231446,
      "angle_between_high_plane_and_z": 0.14829409283773934
    }
  }
}