{
  "experiment": {
    "name": "CONTCAR",
    "file_path": "/home/dotempo/Documents/DION-JACOBSON/BULKS/MAPbCl3/MAPbCl3_n2_[NH3+]CCCCCCC[NH3+]/CONTCAR",
    "timestamp": "2025-08-06 13:13:02.020186"
  },
  "analysis_parameters": {
    "halogen_symbol": "Cl",
    "central_metal": "Pb",
    "total_spacer_molecules": 4,
    "analyzed_molecules": 2
  },
  "penetration_analysis": {
    "molecule_1": {
      "formula": "C7H20N2",
      "n1_position": [
        6.767391674011101,
        3.4075738395260746,
        5.266980923626498
      ],
      "n2_position": [
        3.319318582004078,
        4.8734855406294955,
        13.318555189524327
      ],
      "molecular_vector": [
        -3.4480730920070233,
        1.4659117011034208,
        8.051574265897829
      ],
      "molecular_vector_length": 8.880650501090726,
      "low_plane_intersection": [
        6.837392367542588,
        3.377813787173637,
        5.103522734779042
      ],
      "high_plane_intersection": [
        3.4011382900448304,
        4.8387007596235945,
        13.127498492602411
      ],
      "penetration_segments": {
        "n1_to_low_plane": 0.18028959291151447,
        "low_plane_to_high_plane": 8.850210155331402,
        "high_plane_to_n2": 0.21072993867083795,
        "total_calculated": 9.241229686913753,
        "molecular_length": 8.880650501090726,
        "length_difference": 0.3605791858230276
      },
      "penetration_parameters": {
        "t_low_plane": -0.1802895929115142,
        "t_high_plane": 8.669920562419888
      }
    },
    "molecule_2": {
      "formula": "C7H20N2",
      "n1_position": [
        2.9561165161043075,
        7.4195325146943505,
        5.00751572271647
      ],
      "n2_position": [
        7.261681246329092,
        1.5784419335860238,
        13.537221367718143
      ],
      "molecular_vector": [
        4.305564730224784,
        -5.841090581108327,
        8.529705645001673
      ],
      "molecular_vector_length": 11.198754627780781,
      "low_plane_intersection": [
        2.594813933521152,
        7.909689147862981,
        4.291743258170959
      ],
      "high_plane_intersection": [
        7.019475587286066,
        1.9070272138852449,
        13.057390472902448
      ],
      "penetration_segments": {
        "n1_to_low_plane": 0.9397464031439655,
        "low_plane_to_high_plane": 11.508525193831435,
        "high_plane_to_n2": 0.6299758370933085,
        "total_calculated": 13.07824743406871,
        "molecular_length": 11.198754627780781,
        "length_difference": 1.879492806287928
      },
      "penetration_parameters": {
        "t_low_plane": -0.9397464031439657,
        "t_high_plane": 10.568778790687473
      }
    },
    "comparative_analysis": {
      "molecule_1": {
        "id": "molecule_1",
        "segments": {
          "n1_to_low_plane": 0.18028959291151447,
          "low_plane_to_high_plane": 8.850210155331402,
          "high_plane_to_n2": 0.21072993867083795,
          "total_calculated": 9.241229686913753,
          "molecular_length": 8.880650501090726,
          "length_difference": 0.3605791858230276
        }
      },
      "molecule_2": {
        "id": "molecule_2",
        "segments": {
          "n1_to_low_plane": 0.9397464031439655,
          "low_plane_to_high_plane": 11.508525193831435,
          "high_plane_to_n2": 0.6299758370933085,
          "total_calculated": 13.07824743406871,
          "molecular_length": 11.198754627780781,
          "length_difference": 1.879492806287928
        }
      },
      "penetration_comparison": {
        "n1_to_low_diff": 0.759456810232451,
        "low_to_high_diff": 2.6583150385000334,
        "high_to_n2_diff": 0.41924589842247056
      }
    },
    "plane_reference": {
      "plane_analysis": {
        "low_plane": {
          "normal_vector": [
            -0.027304041601953592,
            0.15143223672846257,
            0.9880904649836539
          ],
          "center_position": [
            5.563184338510015,
            1.668446668948206,
            5.330285632518796
          ],
          "angle_vs_z_axis_degrees": 9.859527639510482
        },
        "high_plane": {
          "normal_vector": [
            -0.014018010284093902,
            -0.04119268622026183,
            0.9990528804771218
          ],
          "center_position": [
            4.540807991829606,
            3.21726839092212,
            13.076635065666553
          ],
          "angle_vs_z_axis_degrees": 9.087748910643445
        }
      },
      "vector_analysis_results": {
        "angle_between_planes_degrees": 11.097973430924863,
        "distance_between_plane_centers_angstrom": 7.965552815789899,
        "angle_between_low_plane_and_z": 9.859527639510482,
        "angle_between_high_plane_and_z": 9.087748910643445
      }
    }
  }
}