{
  "experiment": {
    "name": "CONTCAR",
    "file_path": "/home/dotempo/Documents/DION-JACOBSON/BULKS/MAPbBr3/MAPbBr3_n1_CC(C)(CCC[NH3+])C(C)(C)CCC[NH3+]/CONTCAR",
    "timestamp": "2025-08-06 13:14:09.925929"
  },
  "salt_structure_info": {
    "total_atoms": 92,
    "halogen_symbol": "Br"
  },
  "vector_analysis": {
    "plane_analysis": {
      "low_plane": {
        "normal_vector": [
          0.12049484466516357,
          -0.07071241927070414,
          0.9901922773734413
        ],
        "center_position": [
          2.2924377501316506,
          5.93604970809816,
          3.4719803201753234
        ],
        "angle_vs_z_axis_degrees": 16.80554083587336
      },
      "high_plane": {
        "normal_vector": [
          0.12035052454128481,
          -0.07066255843587414,
          0.9902133881532477
        ],
        "center_position": [
          5.018748309330648,
          4.081121548126101,
          11.880497024551765
        ],
        "angle_vs_z_axis_degrees": 16.797331358813704
      }
    },
    "vector_analysis_results": {
      "angle_between_planes_degrees": 0.00883174370517861,
      "distance_between_plane_centers_angstrom": 9.031981007045738,
      "angle_between_low_plane_and_z": 16.80554083587336,
      "angle_between_high_plane_and_z": 16.797331358813704
    }
  }
}