{
  "experiment": {
    "name": "CONTCAR",
    "file_path": "/home/dotempo/Documents/DION-JACOBSON/BULKS/MAPbBr3/MAPbBr3_n1_CC(C)(CCC[NH3+])C(C)(C)CCC[NH3+]/CONTCAR",
    "timestamp": "2025-08-06 13:14:09.952623"
  },
  "analysis_parameters": {
    "halogen_symbol": "Br",
    "central_metal": "Pb",
    "total_spacer_molecules": 2,
    "analyzed_molecules": 2
  },
  "penetration_analysis": {
    "molecule_0": {
      "formula": "C12H30N2",
      "n1_position": [
        0.6719154165736737,
        3.2472827822580044,
        2.7610543410853876
      ],
      "n2_position": [
        6.6368754285608285,
        6.767238161589113,
        12.592663178933966
      ],
      "molecular_vector": [
        5.964960011987155,
        3.5199553793311082,
        9.831608837848579
      ],
      "molecular_vector_length": 12.026278150681119,
      "low_plane_intersection": [
        1.0863863312203352,
        3.4918643255801665,
        3.444196541415712
      ],
      "high_plane_intersection": [
        6.221775871678179,
        6.522285653060848,
        11.908484833424
      ],
      "penetration_segments": {
        "n1_to_low_plane": 0.8356372037517525,
        "low_plane_to_high_plane": 10.353736303601815,
        "high_plane_to_n2": 0.836904643327552,
        "total_calculated": 12.02627815068112,
        "molecular_length": 12.026278150681119,
        "length_difference": 1.7763568394002505e-15
      },
      "penetration_parameters": {
        "t_low_plane": 0.8356372037517524,
        "t_high_plane": 11.189373507353567
      }
    },
    "molecule_1": {
      "formula": "C12H30N2",
      "n1_position": [
        4.775889208541742,
        7.299625136201805,
        2.73882753067073
      ],
      "n2_position": [
        2.5351807303769704,
        2.7183626262894367,
        12.615526523178252
      ],
      "molecular_vector": [
        -2.240708478164772,
        -4.581262509912369,
        9.87669899250752
      ],
      "molecular_vector_length": 11.115661188496487,
      "low_plane_intersection": [
        4.656687333285537,
        7.055909772269332,
        3.264251097690142
      ],
      "high_plane_intersection": [
        2.654855721923147,
        2.9630453047758527,
        12.088017532182434
      ],
      "penetration_segments": {
        "n1_to_low_plane": 0.5913342459732366,
        "low_plane_to_high_plane": 9.930645670851078,
        "high_plane_to_n2": 0.5936812716721744,
        "total_calculated": 11.115661188496489,
        "molecular_length": 11.115661188496487,
        "length_difference": 1.7763568394002505e-15
      },
      "penetration_parameters": {
        "t_low_plane": 0.5913342459732366,
        "t_high_plane": 10.521979916824314
      }
    },
    "comparative_analysis": {
      "molecule_1": {
        "id": "molecule_0",
        "segments": {
          "n1_to_low_plane": 0.8356372037517525,
          "low_plane_to_high_plane": 10.353736303601815,
          "high_plane_to_n2": 0.836904643327552,
          "total_calculated": 12.02627815068112,
          "molecular_length": 12.026278150681119,
          "length_difference": 1.7763568394002505e-15
        }
      },
      "molecule_2": {
        "id": "molecule_1",
        "segments": {
          "n1_to_low_plane": 0.5913342459732366,
          "low_plane_to_high_plane": 9.930645670851078,
          "high_plane_to_n2": 0.5936812716721744,
          "total_calculated": 11.115661188496489,
          "molecular_length": 11.115661188496487,
          "length_difference": 1.7763568394002505e-15
        }
      },
      "penetration_comparison": {
        "n1_to_low_diff": 0.24430295777851596,
        "low_to_high_diff": 0.4230906327507373,
        "high_to_n2_diff": 0.24322337165537755
      }
    },
    "plane_reference": {
      "plane_analysis": {
        "low_plane": {
          "normal_vector": [
            0.12049484466516357,
            -0.07071241927070414,
            0.9901922773734413
          ],
          "center_position": [
            2.2924377501316506,
            5.93604970809816,
            3.4719803201753234
          ],
          "angle_vs_z_axis_degrees": 16.80554083587336
        },
        "high_plane": {
          "normal_vector": [
            0.12035052454128481,
            -0.07066255843587414,
            0.9902133881532477
          ],
          "center_position": [
            5.018748309330648,
            4.081121548126101,
            11.880497024551765
          ],
          "angle_vs_z_axis_degrees": 16.797331358813704
        }
      },
      "vector_analysis_results": {
        "angle_between_planes_degrees": 0.00883174370517861,
        "distance_between_plane_centers_angstrom": 9.031981007045738,
        "angle_between_low_plane_and_z": 16.80554083587336,
        "angle_between_high_plane_and_z": 16.797331358813704
      }
    }
  }
}