dihedral,ideal_angle,extracted_angle,error
N1-C1-C2-C3,179.51208390561942,180.09792891603095,0.585845010411532
C1-C2-C3-N2,180.47452043154126,180.49821895460624,0.023698523064979327
