{
  "experiment": {
    "name": "CONTCAR",
    "file_path": "/home/dotempo/Documents/DION-JACOBSON/BULKS/MAPbCl3/MAPbCl3_n2_[NH3+]CCCCCCCCC[NH3+]/CONTCAR",
    "timestamp": "2025-08-06 13:13:16.778097"
  },
  "analysis_parameters": {
    "halogen_symbol": "Cl",
    "central_metal": "Pb",
    "total_spacer_molecules": 4,
    "analyzed_molecules": 2
  },
  "penetration_analysis": {
    "molecule_1": {
      "formula": "C9H24N2",
      "n1_position": [
        1.8836682278353396,
        3.465466421258789,
        4.214315327373815
      ],
      "n2_position": [
        2.871333063419401,
        3.993845712182034,
        13.248309802520998
      ],
      "molecular_vector": [
        0.9876648355840616,
        0.5283792909232452,
        9.033994475147182
      ],
      "molecular_vector_length": 9.103171023303673,
      "low_plane_intersection": [
        1.890289122341599,
        3.469008456388982,
        4.274875471093732
      ],
      "high_plane_intersection": [
        2.884380231154552,
        4.000825664275174,
        13.36764992377374
      ],
      "penetration_segments": {
        "n1_to_low_plane": 0.061023874543521796,
        "low_plane_to_high_plane": 9.162401100286706,
        "high_plane_to_n2": 0.12025395152655453,
        "total_calculated": 9.343678926356784,
        "molecular_length": 9.103171023303673,
        "length_difference": 0.24050790305311054
      },
      "penetration_parameters": {
        "t_low_plane": 0.061023874543522046,
        "t_high_plane": 9.223424974830229
      }
    },
    "molecule_2": {
      "formula": "C9H24N2",
      "n1_position": [
        5.733611231759758,
        0.7086712209096132,
        3.7691070859397255
      ],
      "n2_position": [
        -1.2548390239121592,
        1.4652103576382618,
        13.974916885468788
      ],
      "molecular_vector": [
        -6.988450255671917,
        0.7565391367286486,
        10.205809799529064
      ],
      "molecular_vector_length": 12.39230979703003,
      "low_plane_intersection": [
        4.997698042065037,
        0.7883379723166232,
        4.84382176061218
      ],
      "high_plane_intersection": [
        -0.5787483598722041,
        1.392019731875711,
        12.987565974753082
      ],
      "penetration_segments": {
        "n1_to_low_plane": 1.3049623159320436,
        "low_plane_to_high_plane": 9.888465804454025,
        "high_plane_to_n2": 1.1988816766439616,
        "total_calculated": 12.39230979703003,
        "molecular_length": 12.39230979703003,
        "length_difference": 0.0
      },
      "penetration_parameters": {
        "t_low_plane": 1.3049623159320434,
        "t_high_plane": 11.193428120386068
      }
    },
    "comparative_analysis": {
      "molecule_1": {
        "id": "molecule_1",
        "segments": {
          "n1_to_low_plane": 0.061023874543521796,
          "low_plane_to_high_plane": 9.162401100286706,
          "high_plane_to_n2": 0.12025395152655453,
          "total_calculated": 9.343678926356784,
          "molecular_length": 9.103171023303673,
          "length_difference": 0.24050790305311054
        }
      },
      "molecule_2": {
        "id": "molecule_2",
        "segments": {
          "n1_to_low_plane": 1.3049623159320436,
          "low_plane_to_high_plane": 9.888465804454025,
          "high_plane_to_n2": 1.1988816766439616,
          "total_calculated": 12.39230979703003,
          "molecular_length": 12.39230979703003,
          "length_difference": 0.0
        }
      },
      "penetration_comparison": {
        "n1_to_low_diff": 1.2439384413885217,
        "low_to_high_diff": 0.7260647041673192,
        "high_to_n2_diff": 1.078627725117407
      }
    },
    "plane_reference": {
      "plane_analysis": {
        "low_plane": {
          "normal_vector": [
            -0.015325188645652998,
            0.19056086114431958,
            0.981555753277882
          ],
          "center_position": [
            3.0438370569510154,
            2.1403819769868013,
            4.550827748750075
          ],
          "angle_vs_z_axis_degrees": 12.916552169993984
        },
        "high_plane": {
          "normal_vector": [
            0.026245950887966867,
            -0.1781519195897592,
            0.9836529080973992
          ],
          "center_position": [
            1.6261617916423314,
            2.72507187796185,
            13.170166802454471
          ],
          "angle_vs_z_axis_degrees": 17.389228414824483
        }
      },
      "vector_analysis_results": {
        "angle_between_planes_degrees": 21.38376563539459,
        "distance_between_plane_centers_angstrom": 8.75469423571629,
        "angle_between_low_plane_and_z": 12.916552169993984,
        "angle_between_high_plane_and_z": 17.389228414824483
      }
    }
  }
}