{
  "experiment": {
    "name": "CONTCAR",
    "file_path": "/home/dotempo/Documents/DION-JACOBSON/BULKS/MAPbCl3/MAPbCl3_n2_[NH3+]CCCCCCCCC[NH3+]/CONTCAR",
    "timestamp": "2025-08-06 13:13:16.751023"
  },
  "salt_structure_info": {
    "total_atoms": 74,
    "halogen_symbol": "Cl"
  },
  "vector_analysis": {
    "plane_analysis": {
      "low_plane": {
        "normal_vector": [
          -0.015325188645652998,
          0.19056086114431958,
          0.981555753277882
        ],
        "center_position": [
          3.0438370569510154,
          2.1403819769868013,
          4.550827748750075
        ],
        "angle_vs_z_axis_degrees": 12.916552169993984
      },
      "high_plane": {
        "normal_vector": [
          0.026245950887966867,
          -0.1781519195897592,
          0.9836529080973992
        ],
        "center_position": [
          1.6261617916423314,
          2.72507187796185,
          13.170166802454471
        ],
        "angle_vs_z_axis_degrees": 17.389228414824483
      }
    },
    "vector_analysis_results": {
      "angle_between_planes_degrees": 21.38376563539459,
      "distance_between_plane_centers_angstrom": 8.75469423571629,
      "angle_between_low_plane_and_z": 12.916552169993984,
      "angle_between_high_plane_and_z": 17.389228414824483
    }
  }
}