{
  "experiment": {
    "name": "CONTCAR",
    "file_path": "/home/dotempo/Documents/DION-JACOBSON/BULKS/MAPbBr3/MAPbBr3_n2_[NH3+]CC1=CC=C(C[NH3+])C=C1/CONTCAR",
    "timestamp": "2025-08-06 13:14:43.751150"
  },
  "analysis_parameters": {
    "halogen_symbol": "Br",
    "central_metal": "Pb",
    "total_spacer_molecules": 4,
    "analyzed_molecules": 2
  },
  "penetration_analysis": {
    "molecule_1": {
      "formula": "C8H14N2",
      "n1_position": [
        7.915605079887046,
        4.2314542578865515,
        2.9752925697464523
      ],
      "n2_position": [
        1.0682990285252345,
        3.585036811771801,
        10.221356707948678
      ],
      "molecular_vector": [
        -6.847306051361811,
        -0.6464174461147505,
        7.246064138202225
      ],
      "molecular_vector_length": 9.990440489317674,
      "low_plane_intersection": [
        7.798269597897047,
        4.220377244235097,
        3.099461172961918
      ],
      "high_plane_intersection": [
        1.623962291230752,
        3.6374940006988905,
        9.63333397161924
      ],
      "penetration_segments": {
        "n1_to_low_plane": 0.17119625460196136,
        "low_plane_to_high_plane": 9.00851360335223,
        "high_plane_to_n2": 0.8107306313634831,
        "total_calculated": 9.990440489317674,
        "molecular_length": 9.990440489317674,
        "length_difference": 0.0
      },
      "penetration_parameters": {
        "t_low_plane": 0.17119625460196147,
        "t_high_plane": 9.17970985795419
      }
    },
    "molecule_3": {
      "formula": "C8H14N2",
      "n1_position": [
        3.4364642490501143,
        -0.04715515578220032,
        3.131919759380287
      ],
      "n2_position": [
        4.995742089286001,
        7.208903569705956,
        9.862542023860627
      ],
      "molecular_vector": [
        1.5592778402358864,
        7.256058725488156,
        6.73062226448034
      ],
      "molecular_vector_length": 10.019132281684975,
      "low_plane_intersection": [
        3.4708073885064987,
        0.11265974717021864,
        3.28016190910668
      ],
      "high_plane_intersection": [
        4.978054614149377,
        7.126595365879022,
        9.78619404347825
      ],
      "penetration_segments": {
        "n1_to_low_plane": 0.22067167781324823,
        "low_plane_to_high_plane": 9.684809817238317,
        "high_plane_to_n2": 0.11365078663340794,
        "total_calculated": 10.019132281684973,
        "molecular_length": 10.019132281684975,
        "length_difference": 1.7763568394002505e-15
      },
      "penetration_parameters": {
        "t_low_plane": 0.22067167781324837,
        "t_high_plane": 9.905481495051566
      }
    },
    "comparative_analysis": {
      "molecule_1": {
        "id": "molecule_1",
        "segments": {
          "n1_to_low_plane": 0.17119625460196136,
          "low_plane_to_high_plane": 9.00851360335223,
          "high_plane_to_n2": 0.8107306313634831,
          "total_calculated": 9.990440489317674,
          "molecular_length": 9.990440489317674,
          "length_difference": 0.0
        }
      },
      "molecule_2": {
        "id": "molecule_3",
        "segments": {
          "n1_to_low_plane": 0.22067167781324823,
          "low_plane_to_high_plane": 9.684809817238317,
          "high_plane_to_n2": 0.11365078663340794,
          "total_calculated": 10.019132281684973,
          "molecular_length": 10.019132281684975,
          "length_difference": 1.7763568394002505e-15
        }
      },
      "penetration_comparison": {
        "n1_to_low_diff": 0.04947542321128687,
        "low_to_high_diff": 0.6762962138860882,
        "high_to_n2_diff": 0.6970798447300752
      }
    },
    "plane_reference": {
      "plane_analysis": {
        "low_plane": {
          "normal_vector": [
            0.05628001891452624,
            -0.015375136879060126,
            0.9982966315864892
          ],
          "center_position": [
            2.335692668173414,
            2.7722192383943325,
            3.3851160538277423
          ],
          "angle_vs_z_axis_degrees": 3.62293470166985
        },
        "high_plane": {
          "normal_vector": [
            -0.0652879479456962,
            0.01905237588689618,
            0.9976845647929533
          ],
          "center_position": [
            2.2515062106602692,
            4.74930116993459,
            9.653168383558283
          ],
          "angle_vs_z_axis_degrees": 6.051143955159238
        }
      },
      "vector_analysis_results": {
        "angle_between_planes_degrees": 7.244163204052441,
        "distance_between_plane_centers_angstrom": 6.573006947500666,
        "angle_between_low_plane_and_z": 3.62293470166985,
        "angle_between_high_plane_and_z": 6.051143955159238
      }
    }
  }
}