{
  "experiment": {
    "name": "CONTCAR",
    "file_path": "/home/dotempo/Documents/DION-JACOBSON/BULKS/MAPbBr3/MAPbBr3_n2_[NH3+]CC1=CC=C(C[NH3+])C=C1/CONTCAR",
    "timestamp": "2025-08-06 13:14:43.723169"
  },
  "salt_structure_info": {
    "total_atoms": 52,
    "halogen_symbol": "Br"
  },
  "vector_analysis": {
    "plane_analysis": {
      "low_plane": {
        "normal_vector": [
          0.05628001891452624,
          -0.015375136879060126,
          0.9982966315864892
        ],
        "center_position": [
          2.335692668173414,
          2.7722192383943325,
          3.3851160538277423
        ],
        "angle_vs_z_axis_degrees": 3.62293470166985
      },
      "high_plane": {
        "normal_vector": [
          -0.0652879479456962,
          0.01905237588689618,
          0.9976845647929533
        ],
        "center_position": [
          2.2515062106602692,
          4.74930116993459,
          9.653168383558283
        ],
        "angle_vs_z_axis_degrees": 6.051143955159238
      }
    },
    "vector_analysis_results": {
      "angle_between_planes_degrees": 7.244163204052441,
      "distance_between_plane_centers_angstrom": 6.573006947500666,
      "angle_between_low_plane_and_z": 3.62293470166985,
      "angle_between_high_plane_and_z": 6.051143955159238
    }
  }
}