{
  "experiment": {
    "name": "CONTCAR",
    "file_path": "/home/dotempo/Documents/DION-JACOBSON/BULKS/MAPbBr3/MAPbBr3_n2_[NH3+]CC1CCC(C[NH3+])CC1/CONTCAR",
    "timestamp": "2025-08-06 13:14:40.762542"
  },
  "salt_structure_info": {
    "total_atoms": 64,
    "halogen_symbol": "Br"
  },
  "vector_analysis": {
    "plane_analysis": {
      "low_plane": {
        "normal_vector": [
          0.00979395879352561,
          0.05483099462035857,
          0.9984476152508418
        ],
        "center_position": [
          2.94910199412227,
          2.202323634160285,
          3.1608792060395277
        ],
        "angle_vs_z_axis_degrees": 4.74701271415946
      },
      "high_plane": {
        "normal_vector": [
          -0.019766407502472046,
          0.04263324736107128,
          0.9988952374267764
        ],
        "center_position": [
          5.054279586142057,
          6.0102280502494265,
          8.799752637083884
        ],
        "angle_vs_z_axis_degrees": 3.0228789139654118
      }
    },
    "vector_analysis_results": {
      "angle_between_planes_degrees": 1.8324690237057293,
      "distance_between_plane_centers_angstrom": 7.122415482640096,
      "angle_between_low_plane_and_z": 4.74701271415946,
      "angle_between_high_plane_and_z": 3.0228789139654118
    }
  }
}