{
  "experiment": {
    "name": "CONTCAR",
    "file_path": "/home/dotempo/Documents/DION-JACOBSON/BULKS/MAPbCl3/MAPbCl3_n2_CC(C)(CCCC[NH3+])C(C)(C)CCCC[NH3+]/CONTCAR",
    "timestamp": "2025-08-06 13:13:52.554658"
  },
  "salt_structure_info": {
    "total_atoms": 104,
    "halogen_symbol": "Cl"
  },
  "vector_analysis": {
    "plane_analysis": {
      "low_plane": {
        "normal_vector": [
          -0.14484870062767047,
          -0.027490715599031625,
          0.9890718449548186
        ],
        "center_position": [
          6.133934197389305,
          5.785498330733287,
          5.628118415731105
        ],
        "angle_vs_z_axis_degrees": 14.4267063031296
      },
      "high_plane": {
        "normal_vector": [
          -0.13146147202773908,
          -0.0039399214341315925,
          0.9913134511300614
        ],
        "center_position": [
          2.329737726495268,
          6.258729482664081,
          16.173741048850452
        ],
        "angle_vs_z_axis_degrees": 12.902500209214471
      }
    },
    "vector_analysis_results": {
      "angle_between_planes_degrees": 1.5574844584514815,
      "distance_between_plane_centers_angstrom": 11.22078496507617,
      "angle_between_low_plane_and_z": 14.4267063031296,
      "angle_between_high_plane_and_z": 12.902500209214471
    }
  }
}