{
  "experiment": {
    "name": "CONTCAR",
    "file_path": "/home/dotempo/Documents/DION-JACOBSON/BULKS/MAPbI3/MAPbI3_n2_[NH3+]CCCCC[NH3+]/CONTCAR",
    "timestamp": "2025-08-06 13:15:29.170963"
  },
  "salt_structure_info": {
    "total_atoms": 50,
    "halogen_symbol": "I"
  },
  "vector_analysis": {
    "plane_analysis": {
      "low_plane": {
        "normal_vector": [
          0.002152029777154972,
          -0.0005507458543823807,
          0.9999975327203774
        ],
        "center_position": [
          6.139848929013555,
          2.145309754246522,
          5.1864265922477255
        ],
        "angle_vs_z_axis_degrees": 0.1936464053503169
      },
      "high_plane": {
        "normal_vector": [
          0.0018951233662278725,
          -0.0002934561227127821,
          0.9999981611937749
        ],
        "center_position": [
          6.134500227668253,
          2.1904509301168082,
          10.898336372403977
        ],
        "angle_vs_z_axis_degrees": 0.17281443050233555
      }
    },
    "vector_analysis_results": {
      "angle_between_planes_degrees": 0.020832299955508806,
      "distance_between_plane_centers_angstrom": 5.712090656756916,
      "angle_between_low_plane_and_z": 0.1936464053503169,
      "angle_between_high_plane_and_z": 0.17281443050233555
    }
  }
}