{
  "experiment": {
    "name": "CONTCAR",
    "file_path": "/home/dotempo/Documents/DION-JACOBSON/BULKS/MAPbCl3/MAPbCl3_n1_CC(C)(C[NH3+])C[NH3+]/CONTCAR",
    "timestamp": "2025-08-06 13:13:58.389264"
  },
  "salt_structure_info": {
    "total_atoms": 50,
    "halogen_symbol": "Cl"
  },
  "vector_analysis": {
    "plane_analysis": {
      "low_plane": {
        "normal_vector": [
          0.06442681466098585,
          0.016269887292105763,
          0.9977897956584548
        ],
        "center_position": [
          2.073330050332363,
          1.5253219125668358,
          4.287034763408011
        ],
        "angle_vs_z_axis_degrees": 5.06540153350282
      },
      "high_plane": {
        "normal_vector": [
          -0.05582328706330003,
          0.008975627192444382,
          0.9984003198807333
        ],
        "center_position": [
          6.027298227868332,
          1.7237135228148317,
          8.53164109594994
        ],
        "angle_vs_z_axis_degrees": 5.159614137025549
      }
    },
    "vector_analysis_results": {
      "angle_between_planes_degrees": 6.906757013327172,
      "distance_between_plane_centers_angstrom": 5.804300689853942,
      "angle_between_low_plane_and_z": 5.06540153350282,
      "angle_between_high_plane_and_z": 5.159614137025549
    }
  }
}