{
  "experiment": {
    "name": "CONTCAR",
    "file_path": "/home/dotempo/Documents/DION-JACOBSON/BULKS/MAPbCl3/MAPbCl3_n1_CC(C)(C[NH3+])C[NH3+]/CONTCAR",
    "timestamp": "2025-08-06 13:13:58.424435"
  },
  "analysis_parameters": {
    "halogen_symbol": "Cl",
    "central_metal": "Pb",
    "total_spacer_molecules": 2,
    "analyzed_molecules": 2
  },
  "penetration_analysis": {
    "molecule_0": {
      "formula": "C5H16N2",
      "n1_position": [
        0.36534943197994935,
        4.248410402297307,
        4.078985048100202
      ],
      "n2_position": [
        7.788465724498608,
        3.297826225434736,
        8.858951792207714
      ],
      "molecular_vector": [
        7.4231162925186585,
        -0.9505841768625714,
        4.7799667441075115
      ],
      "molecular_vector_length": 8.879997063306453,
      "low_plane_intersection": [
        0.7531273590983025,
        4.198752610727103,
        4.3286868610157265
      ],
      "high_plane_intersection": [
        7.374418367859403,
        3.350848009033853,
        8.592334307416902
      ],
      "penetration_segments": {
        "n1_to_low_plane": 0.46388426616682754,
        "low_plane_to_high_plane": 7.920803392552831,
        "high_plane_to_n2": 0.4953094045867934,
        "total_calculated": 8.879997063306453,
        "molecular_length": 8.879997063306453,
        "length_difference": 0.0
      },
      "penetration_parameters": {
        "t_low_plane": 0.46388426616682765,
        "t_high_plane": 8.38468765871966
      }
    },
    "molecule_1": {
      "formula": "C5H16N2",
      "n1_position": [
        3.812545425604641,
        0.11359156506663205,
        3.74749691781311
      ],
      "n2_position": [
        4.752897193499266,
        6.537003409911959,
        8.0294640279585
      ],
      "molecular_vector": [
        0.9403517678946254,
        6.423411844845327,
        4.28196711014539
      ],
      "molecular_vector_length": 7.77687106156767,
      "low_plane_intersection": [
        3.9077465986133273,
        0.7638975071890177,
        4.181003086024129
      ],
      "high_plane_intersection": [
        4.837925439749593,
        7.117819507417273,
        8.41664695918477
      ],
      "penetration_segments": {
        "n1_to_low_plane": 0.7873300956898026,
        "low_plane_to_high_plane": 7.692739205362776,
        "high_plane_to_n2": 0.7031982394849096,
        "total_calculated": 9.183267540537488,
        "molecular_length": 7.77687106156767,
        "length_difference": 1.4063964789698176
      },
      "penetration_parameters": {
        "t_low_plane": 0.7873300956898024,
        "t_high_plane": 8.480069301052579
      }
    },
    "comparative_analysis": {
      "molecule_1": {
        "id": "molecule_0",
        "segments": {
          "n1_to_low_plane": 0.46388426616682754,
          "low_plane_to_high_plane": 7.920803392552831,
          "high_plane_to_n2": 0.4953094045867934,
          "total_calculated": 8.879997063306453,
          "molecular_length": 8.879997063306453,
          "length_difference": 0.0
        }
      },
      "molecule_2": {
        "id": "molecule_1",
        "segments": {
          "n1_to_low_plane": 0.7873300956898026,
          "low_plane_to_high_plane": 7.692739205362776,
          "high_plane_to_n2": 0.7031982394849096,
          "total_calculated": 9.183267540537488,
          "molecular_length": 7.77687106156767,
          "length_difference": 1.4063964789698176
        }
      },
      "penetration_comparison": {
        "n1_to_low_diff": 0.32344582952297507,
        "low_to_high_diff": 0.22806418719005528,
        "high_to_n2_diff": 0.20788883489811616
      }
    },
    "plane_reference": {
      "plane_analysis": {
        "low_plane": {
          "normal_vector": [
            0.06442681466098585,
            0.016269887292105763,
            0.9977897956584548
          ],
          "center_position": [
            2.073330050332363,
            1.5253219125668358,
            4.287034763408011
          ],
          "angle_vs_z_axis_degrees": 5.06540153350282
        },
        "high_plane": {
          "normal_vector": [
            -0.05582328706330003,
            0.008975627192444382,
            0.9984003198807333
          ],
          "center_position": [
            6.027298227868332,
            1.7237135228148317,
            8.53164109594994
          ],
          "angle_vs_z_axis_degrees": 5.159614137025549
        }
      },
      "vector_analysis_results": {
        "angle_between_planes_degrees": 6.906757013327172,
        "distance_between_plane_centers_angstrom": 5.804300689853942,
        "angle_between_low_plane_and_z": 5.06540153350282,
        "angle_between_high_plane_and_z": 5.159614137025549
      }
    }
  }
}