{
  "experiment": {
    "name": "CONTCAR",
    "file_path": "/home/dotempo/Documents/DION-JACOBSON/BULKS/MAPbCl3/MAPbCl3_n2_[NH3+]CC1=CC=C(C[NH3+])C=C1/CONTCAR",
    "timestamp": "2025-08-06 13:13:09.420222"
  },
  "salt_structure_info": {
    "total_atoms": 52,
    "halogen_symbol": "Cl"
  },
  "vector_analysis": {
    "plane_analysis": {
      "low_plane": {
        "normal_vector": [
          0.011273842180921504,
          0.010308820005707976,
          0.9998833075477207
        ],
        "center_position": [
          2.4565421815570185,
          2.4445949435598835,
          4.691649857103488
        ],
        "angle_vs_z_axis_degrees": 1.2409104122976242
      },
      "high_plane": {
        "normal_vector": [
          0.01388926908205831,
          0.012289930582503484,
          0.9998280081147175
        ],
        "center_position": [
          1.8521270635156355,
          2.0556637898875554,
          11.084009940747446
        ],
        "angle_vs_z_axis_degrees": 1.428224023217476
      }
    },
    "vector_analysis_results": {
      "angle_between_planes_degrees": 0.18801682011656495,
      "distance_between_plane_centers_angstrom": 6.432639622750404,
      "angle_between_low_plane_and_z": 1.2409104122976242,
      "angle_between_high_plane_and_z": 1.428224023217476
    }
  }
}