{
  "experiment": {
    "name": "CONTCAR",
    "file_path": "/home/dotempo/Documents/DION-JACOBSON/BULKS/MAPbBr3/MAPbBr3_n3_CC(C)(CC[NH3+])CC[NH3+]/CONTCAR",
    "timestamp": "2025-08-06 13:14:35.977523"
  },
  "salt_structure_info": {
    "total_atoms": 62,
    "halogen_symbol": "Br"
  },
  "vector_analysis": {
    "plane_analysis": {
      "low_plane": {
        "normal_vector": [
          0.0015747222173450306,
          0.00512903850157692,
          0.9999856065034074
        ],
        "center_position": [
          5.894078616943155,
          6.106226766070891,
          3.704437151827406
        ],
        "angle_vs_z_axis_degrees": 0.18928678088829445
      },
      "high_plane": {
        "normal_vector": [
          0.0015677408828583652,
          0.005233100384295419,
          0.9999850783131178
        ],
        "center_position": [
          5.744358886508104,
          5.9745687525383415,
          9.64189477763215
        ],
        "angle_vs_z_axis_degrees": 0.19327105085700974
      }
    },
    "vector_analysis_results": {
      "angle_between_planes_degrees": 0.00597578589622282,
      "distance_between_plane_centers_angstrom": 5.94080406076785,
      "angle_between_low_plane_and_z": 0.18928678088829445,
      "angle_between_high_plane_and_z": 0.19327105085700974
    }
  }
}