{
  "experiment": {
    "name": "CONTCAR",
    "file_path": "/home/dotempo/Documents/DION-JACOBSON/BULKS/MAPbBr3/MAPbBr3_n3_CC(C)(CC[NH3+])CC[NH3+]/CONTCAR",
    "timestamp": "2025-08-06 13:14:36.006284"
  },
  "analysis_parameters": {
    "halogen_symbol": "Br",
    "central_metal": "Pb",
    "total_spacer_molecules": 6,
    "analyzed_molecules": 2
  },
  "penetration_analysis": {
    "molecule_1": {
      "formula": "C7H20N2",
      "n1_position": [
        4.655156276243747,
        0.7143693607148538,
        3.1550896009768272
      ],
      "n2_position": [
        4.265491396247584,
        0.4499910916806442,
        10.458213776943081
      ],
      "molecular_vector": [
        -0.38966487999616284,
        -0.2643782690342096,
        7.3031241759662535
      ],
      "molecular_vector_length": 7.318289234337675,
      "low_plane_intersection": [
        4.624257322907163,
        0.6934051624576868,
        3.734199766426374
      ],
      "high_plane_intersection": [
        4.307392002216448,
        0.4784196472067199,
        9.672909932157646
      ],
      "penetration_segments": {
        "n1_to_low_plane": 0.5803126973045342,
        "low_plane_to_high_plane": 5.951041995800744,
        "high_plane_to_n2": 0.7869345412323977,
        "total_calculated": 7.318289234337676,
        "molecular_length": 7.318289234337675,
        "length_difference": 1.7763568394002505e-15
      },
      "penetration_parameters": {
        "t_low_plane": 0.5803126973045338,
        "t_high_plane": 6.531354693105278
      }
    },
    "molecule_5": {
      "formula": "C7H20N2",
      "n1_position": [
        0.3879975614453756,
        4.726739936267777,
        3.283631542340103
      ],
      "n2_position": [
        0.11568205019695062,
        4.545184509419355,
        10.644425908787255
      ],
      "molecular_vector": [
        -0.272315511248425,
        -0.18155542684842274,
        7.360794366447152
      ],
      "molecular_vector_length": 7.368067033883767,
      "low_plane_intersection": [
        0.3718441686263686,
        4.715970310568308,
        3.720264043794213
      ],
      "high_plane_intersection": [
        0.15217471712588934,
        4.569514529001223,
        9.658014903715586
      ],
      "penetration_segments": {
        "n1_to_low_plane": 0.43706390638366066,
        "low_plane_to_high_plane": 5.943617521204906,
        "high_plane_to_n2": 0.9873856062952012,
        "total_calculated": 7.368067033883768,
        "molecular_length": 7.368067033883767,
        "length_difference": 8.881784197001252e-16
      },
      "penetration_parameters": {
        "t_low_plane": 0.43706390638366066,
        "t_high_plane": 6.3806814275885655
      }
    },
    "comparative_analysis": {
      "molecule_1": {
        "id": "molecule_1",
        "segments": {
          "n1_to_low_plane": 0.5803126973045342,
          "low_plane_to_high_plane": 5.951041995800744,
          "high_plane_to_n2": 0.7869345412323977,
          "total_calculated": 7.318289234337676,
          "molecular_length": 7.318289234337675,
          "length_difference": 1.7763568394002505e-15
        }
      },
      "molecule_2": {
        "id": "molecule_5",
        "segments": {
          "n1_to_low_plane": 0.43706390638366066,
          "low_plane_to_high_plane": 5.943617521204906,
          "high_plane_to_n2": 0.9873856062952012,
          "total_calculated": 7.368067033883768,
          "molecular_length": 7.368067033883767,
          "length_difference": 8.881784197001252e-16
        }
      },
      "penetration_comparison": {
        "n1_to_low_diff": 0.1432487909208735,
        "low_to_high_diff": 0.007424474595838504,
        "high_to_n2_diff": 0.20045106506280352
      }
    },
    "plane_reference": {
      "plane_analysis": {
        "low_plane": {
          "normal_vector": [
            0.0015747222173450306,
            0.00512903850157692,
            0.9999856065034074
          ],
          "center_position": [
            5.894078616943155,
            6.106226766070891,
            3.704437151827406
          ],
          "angle_vs_z_axis_degrees": 0.18928678088829445
        },
        "high_plane": {
          "normal_vector": [
            0.0015677408828583652,
            0.005233100384295419,
            0.9999850783131178
          ],
          "center_position": [
            5.744358886508104,
            5.9745687525383415,
            9.64189477763215
          ],
          "angle_vs_z_axis_degrees": 0.19327105085700974
        }
      },
      "vector_analysis_results": {
        "angle_between_planes_degrees": 0.00597578589622282,
        "distance_between_plane_centers_angstrom": 5.94080406076785,
        "angle_between_low_plane_and_z": 0.18928678088829445,
        "angle_between_high_plane_and_z": 0.19327105085700974
      }
    }
  }
}