{
  "experiment": {
    "name": "CONTCAR",
    "file_path": "/home/dotempo/Documents/DION-JACOBSON/BULKS/MAPbI3/MAPbI3_n2_[NH3+]CCC1CCC(CC[NH3+])CC1/CONTCAR",
    "timestamp": "2025-08-06 13:16:10.235529"
  },
  "salt_structure_info": {
    "total_atoms": 76,
    "halogen_symbol": "I"
  },
  "vector_analysis": {
    "plane_analysis": {
      "low_plane": {
        "normal_vector": [
          0.028561269481722235,
          0.030408798902256208,
          0.9991294004456653
        ],
        "center_position": [
          2.6863149969740436,
          2.5631420775720306,
          4.757548730952375
        ],
        "angle_vs_z_axis_degrees": 6.232514411976591
      },
      "high_plane": {
        "normal_vector": [
          0.04506853253133796,
          0.046290503990304356,
          0.9979108259838628
        ],
        "center_position": [
          5.274079681350565,
          5.525341899444502,
          11.56304959310108
        ],
        "angle_vs_z_axis_degrees": 7.546295669480592
      }
    },
    "vector_analysis_results": {
      "angle_between_planes_degrees": 1.3143435640383627,
      "distance_between_plane_centers_angstrom": 7.860406848956,
      "angle_between_low_plane_and_z": 6.232514411976591,
      "angle_between_high_plane_and_z": 7.546295669480592
    }
  }
}