{
  "experiment": {
    "name": "CONTCAR",
    "file_path": "/home/dotempo/Documents/DION-JACOBSON/BULKS/MAPbI3/MAPbI3_n2_[NH3+]CCC1CCC(CC[NH3+])CC1/CONTCAR",
    "timestamp": "2025-08-06 13:16:10.262380"
  },
  "analysis_parameters": {
    "halogen_symbol": "I",
    "central_metal": "Pb",
    "total_spacer_molecules": 4,
    "analyzed_molecules": 2
  },
  "penetration_analysis": {
    "molecule_1": {
      "formula": "C10H24N2",
      "n1_position": [
        0.9894823647314797,
        4.525407010643079,
        4.3323798630290185
      ],
      "n2_position": [
        -0.34432717682687597,
        4.138859093033404,
        12.769160609697424
      ],
      "molecular_vector": [
        -1.3338095415583555,
        -0.38654791760967466,
        8.436780746668406
      ],
      "molecular_vector_length": 8.550306225692458,
      "low_plane_intersection": [
        0.923649357300617,
        4.506328115838765,
        4.748795124940443
      ],
      "high_plane_intersection": [
        -0.20261792889617602,
        4.179927486223669,
        11.87280335829424
      ],
      "penetration_segments": {
        "n1_to_low_plane": 0.42201855343942707,
        "low_plane_to_high_plane": 7.219869020963116,
        "high_plane_to_n2": 0.9084186512899141,
        "total_calculated": 8.550306225692458,
        "molecular_length": 8.550306225692458,
        "length_difference": 0.0
      },
      "penetration_parameters": {
        "t_low_plane": 0.42201855343942674,
        "t_high_plane": 7.641887574402544
      }
    },
    "molecule_3": {
      "formula": "C10H24N2",
      "n1_position": [
        4.304084337819502,
        0.7312061814919261,
        4.079833842837071
      ],
      "n2_position": [
        3.910419993583456,
        7.082366440261837,
        12.236928586819094
      ],
      "molecular_vector": [
        -0.3936643442360457,
        6.351160258769911,
        8.157094743982022
      ],
      "molecular_vector_length": 10.345549908574228,
      "low_plane_intersection": [
        4.271642648264125,
        1.2546022483399653,
        4.752056103330604
      ],
      "high_plane_intersection": [
        3.942370762725412,
        6.566890608674081,
        11.57487865811699
      ],
      "penetration_segments": {
        "n1_to_low_plane": 0.8525717996252515,
        "low_plane_to_high_plane": 8.653307761315864,
        "high_plane_to_n2": 0.8396703476331123,
        "total_calculated": 10.345549908574226,
        "molecular_length": 10.345549908574228,
        "length_difference": 1.7763568394002505e-15
      },
      "penetration_parameters": {
        "t_low_plane": 0.8525717996252515,
        "t_high_plane": 9.505879560941116
      }
    },
    "comparative_analysis": {
      "molecule_1": {
        "id": "molecule_1",
        "segments": {
          "n1_to_low_plane": 0.42201855343942707,
          "low_plane_to_high_plane": 7.219869020963116,
          "high_plane_to_n2": 0.9084186512899141,
          "total_calculated": 8.550306225692458,
          "molecular_length": 8.550306225692458,
          "length_difference": 0.0
        }
      },
      "molecule_2": {
        "id": "molecule_3",
        "segments": {
          "n1_to_low_plane": 0.8525717996252515,
          "low_plane_to_high_plane": 8.653307761315864,
          "high_plane_to_n2": 0.8396703476331123,
          "total_calculated": 10.345549908574226,
          "molecular_length": 10.345549908574228,
          "length_difference": 1.7763568394002505e-15
        }
      },
      "penetration_comparison": {
        "n1_to_low_diff": 0.43055324618582447,
        "low_to_high_diff": 1.4334387403527478,
        "high_to_n2_diff": 0.06874830365680173
      }
    },
    "plane_reference": {
      "plane_analysis": {
        "low_plane": {
          "normal_vector": [
            0.028561269481722235,
            0.030408798902256208,
            0.9991294004456653
          ],
          "center_position": [
            2.6863149969740436,
            2.5631420775720306,
            4.757548730952375
          ],
          "angle_vs_z_axis_degrees": 6.232514411976591
        },
        "high_plane": {
          "normal_vector": [
            0.04506853253133796,
            0.046290503990304356,
            0.9979108259838628
          ],
          "center_position": [
            5.274079681350565,
            5.525341899444502,
            11.56304959310108
          ],
          "angle_vs_z_axis_degrees": 7.546295669480592
        }
      },
      "vector_analysis_results": {
        "angle_between_planes_degrees": 1.3143435640383627,
        "distance_between_plane_centers_angstrom": 7.860406848956,
        "angle_between_low_plane_and_z": 6.232514411976591,
        "angle_between_high_plane_and_z": 7.546295669480592
      }
    }
  }
}