{
  "experiment": {
    "name": "CONTCAR",
    "file_path": "/home/dotempo/Documents/DION-JACOBSON/BULKS/MAPbBr3/MAPbBr3_n1_[NH3+]CCCCC[NH3+]/CONTCAR",
    "timestamp": "2025-08-06 13:14:15.732952"
  },
  "analysis_parameters": {
    "halogen_symbol": "Br",
    "central_metal": "Pb",
    "total_spacer_molecules": 2,
    "analyzed_molecules": 2
  },
  "penetration_analysis": {
    "molecule_0": {
      "formula": "C5H16N2",
      "n1_position": [
        0.22748824701680098,
        4.176612118743074,
        2.680546187501155
      ],
      "n2_position": [
        0.2266409674483103,
        4.21726754258805,
        10.096388099429877
      ],
      "molecular_vector": [
        -0.0008472795684906775,
        0.04065542384497611,
        7.415841911928721
      ],
      "molecular_vector_length": 7.415953400884428,
      "low_plane_intersection": [
        0.22744116253418925,
        4.178871396162581,
        3.0926546491456395
      ],
      "high_plane_intersection": [
        0.22668902878819924,
        4.214961392155055,
        9.675729662773925
      ],
      "penetration_segments": {
        "n1_to_low_plane": 0.4121146572379951,
        "low_plane_to_high_plane": 6.5831739828575815,
        "high_plane_to_n2": 0.4206647607888512,
        "total_calculated": 7.415953400884428,
        "molecular_length": 7.415953400884428,
        "length_difference": 0.0
      },
      "penetration_parameters": {
        "t_low_plane": 0.412114657237995,
        "t_high_plane": 6.995288640095576
      }
    },
    "molecule_1": {
      "formula": "C5H16N2",
      "n1_position": [
        4.400645712174142,
        0.36806603068403027,
        2.715356916492898
      ],
      "n2_position": [
        4.369786400545882,
        0.3898495582122981,
        10.074062737868442
      ],
      "molecular_vector": [
        -0.03085931162825961,
        0.021783527528267843,
        7.358705821375544
      ],
      "molecular_vector_length": 7.35880276843537,
      "low_plane_intersection": [
        4.399030776420962,
        0.3692060106634787,
        3.1004542015920564
      ],
      "high_plane_intersection": [
        4.371424376610755,
        0.3886933141220336,
        9.683471264246032
      ],
      "penetration_segments": {
        "n1_to_low_plane": 0.38510235855235037,
        "low_plane_to_high_plane": 6.5831037904243885,
        "high_plane_to_n2": 0.39059661945863117,
        "total_calculated": 7.35880276843537,
        "molecular_length": 7.35880276843537,
        "length_difference": 0.0
      },
      "penetration_parameters": {
        "t_low_plane": 0.3851023585523505,
        "t_high_plane": 6.968206148976738
      }
    },
    "comparative_analysis": {
      "molecule_1": {
        "id": "molecule_0",
        "segments": {
          "n1_to_low_plane": 0.4121146572379951,
          "low_plane_to_high_plane": 6.5831739828575815,
          "high_plane_to_n2": 0.4206647607888512,
          "total_calculated": 7.415953400884428,
          "molecular_length": 7.415953400884428,
          "length_difference": 0.0
        }
      },
      "molecule_2": {
        "id": "molecule_1",
        "segments": {
          "n1_to_low_plane": 0.38510235855235037,
          "low_plane_to_high_plane": 6.5831037904243885,
          "high_plane_to_n2": 0.39059661945863117,
          "total_calculated": 7.35880276843537,
          "molecular_length": 7.35880276843537,
          "length_difference": 0.0
        }
      },
      "penetration_comparison": {
        "n1_to_low_diff": 0.027012298685644753,
        "low_to_high_diff": 7.019243319295043e-05,
        "high_to_n2_diff": 0.03006814133022001
      }
    },
    "plane_reference": {
      "plane_analysis": {
        "low_plane": {
          "normal_vector": [
            0.001941468999704875,
            0.004173196366561554,
            0.9999894075090042
          ],
          "center_position": [
            5.65958313944748,
            5.628044906495469,
            3.076060452493749
          ],
          "angle_vs_z_axis_degrees": 0.11272477748700001
        },
        "high_plane": {
          "normal_vector": [
            0.00225955898130571,
            0.004470878142270077,
            0.9999874527422066
          ],
          "center_position": [
            5.651187730892881,
            5.6591067587824,
            9.657015855251622
          ],
          "angle_vs_z_axis_degrees": 0.08776740866677533
        }
      },
      "vector_analysis_results": {
        "angle_between_planes_degrees": 0.02496147040121085,
        "distance_between_plane_centers_angstrom": 6.581034062716917,
        "angle_between_low_plane_and_z": 0.11272477748700001,
        "angle_between_high_plane_and_z": 0.08776740866677533
      }
    }
  }
}