{
  "experiment": {
    "name": "CONTCAR",
    "file_path": "/home/dotempo/Documents/DION-JACOBSON/BULKS/MAPbI3/MAPbI3_n1_CC(C)(C[NH3+])C(C)(C)C[NH3+]/CONTCAR",
    "timestamp": "2025-08-06 13:16:06.511163"
  },
  "salt_structure_info": {
    "total_atoms": 68,
    "halogen_symbol": "I"
  },
  "vector_analysis": {
    "plane_analysis": {
      "low_plane": {
        "normal_vector": [
          -0.004526892062921434,
          0.05981144147451975,
          0.9981994283293248
        ],
        "center_position": [
          2.5627249342058454,
          7.038801770635692,
          4.796595256224483
        ],
        "angle_vs_z_axis_degrees": 3.5378926263322765
      },
      "high_plane": {
        "normal_vector": [
          -0.03088222374617594,
          -0.042965021780437165,
          0.998599166412579
        ],
        "center_position": [
          2.7788059833118623,
          2.570039140431524,
          10.017552249996623
        ],
        "angle_vs_z_axis_degrees": 5.682835279972129
      }
    },
    "vector_analysis_results": {
      "angle_between_planes_degrees": 6.082087201984422,
      "distance_between_plane_centers_angstrom": 6.87567614098499,
      "angle_between_low_plane_and_z": 3.5378926263322765,
      "angle_between_high_plane_and_z": 5.682835279972129
    }
  }
}