{
  "experiment": {
    "name": "CONTCAR",
    "file_path": "/home/dotempo/Documents/DION-JACOBSON/BULKS/MAPbI3/MAPbI3_n1_CC(C)(C[NH3+])C(C)(C)C[NH3+]/CONTCAR",
    "timestamp": "2025-08-06 13:16:06.537881"
  },
  "analysis_parameters": {
    "halogen_symbol": "I",
    "central_metal": "Pb",
    "total_spacer_molecules": 2,
    "analyzed_molecules": 2
  },
  "penetration_analysis": {
    "molecule_0": {
      "formula": "C8H22N2",
      "n1_position": [
        8.265056221248642,
        4.6669035144279825,
        4.580460561798987
      ],
      "n2_position": [
        1.4025886746175245,
        4.8940876422595005,
        10.438702484259842
      ],
      "molecular_vector": [
        -6.862467546631118,
        0.2271841278315181,
        5.858241922460855
      ],
      "molecular_vector_length": 9.02574494867774,
      "low_plane_intersection": [
        7.818502690976436,
        4.681686808281923,
        4.961667262433626
      ],
      "high_plane_intersection": [
        1.8144228591128346,
        4.88045374317291,
        10.087134441377469
      ],
      "penetration_segments": {
        "n1_to_low_plane": 0.5873220154093404,
        "low_plane_to_high_plane": 7.8967649530822275,
        "high_plane_to_n2": 0.5416579801861715,
        "total_calculated": 9.025744948677739,
        "molecular_length": 9.02574494867774,
        "length_difference": 1.7763568394002505e-15
      },
      "penetration_parameters": {
        "t_low_plane": 0.5873220154093401,
        "t_high_plane": 8.48408696849157
      }
    },
    "molecule_1": {
      "formula": "C8H22N2",
      "n1_position": [
        3.9903726370514794,
        9.048741512657722,
        4.427628679856883
      ],
      "n2_position": [
        5.592954173962515,
        0.7955212093448201,
        10.291492081870215
      ],
      "molecular_vector": [
        1.6025815369110359,
        -8.253220303312903,
        5.863863402013332
      ],
      "molecular_vector_length": 10.25030765172128,
      "low_plane_intersection": [
        4.066587480395024,
        8.656238617791491,
        4.7064996266879655
      ],
      "high_plane_intersection": [
        5.524569000260748,
        1.1477016700837313,
        10.041269982043056
      ],
      "penetration_segments": {
        "n1_to_low_plane": 0.48747946604007564,
        "low_plane_to_high_plane": 9.325428244951436,
        "high_plane_to_n2": 0.43739994072976884,
        "total_calculated": 10.25030765172128,
        "molecular_length": 10.25030765172128,
        "length_difference": 0.0
      },
      "penetration_parameters": {
        "t_low_plane": 0.4874794660400766,
        "t_high_plane": 9.812907710991512
      }
    },
    "comparative_analysis": {
      "molecule_1": {
        "id": "molecule_0",
        "segments": {
          "n1_to_low_plane": 0.5873220154093404,
          "low_plane_to_high_plane": 7.8967649530822275,
          "high_plane_to_n2": 0.5416579801861715,
          "total_calculated": 9.025744948677739,
          "molecular_length": 9.02574494867774,
          "length_difference": 1.7763568394002505e-15
        }
      },
      "molecule_2": {
        "id": "molecule_1",
        "segments": {
          "n1_to_low_plane": 0.48747946604007564,
          "low_plane_to_high_plane": 9.325428244951436,
          "high_plane_to_n2": 0.43739994072976884,
          "total_calculated": 10.25030765172128,
          "molecular_length": 10.25030765172128,
          "length_difference": 0.0
        }
      },
      "penetration_comparison": {
        "n1_to_low_diff": 0.09984254936926473,
        "low_to_high_diff": 1.4286632918692082,
        "high_to_n2_diff": 0.10425803945640266
      }
    },
    "plane_reference": {
      "plane_analysis": {
        "low_plane": {
          "normal_vector": [
            -0.004526892062921434,
            0.05981144147451975,
            0.9981994283293248
          ],
          "center_position": [
            2.5627249342058454,
            7.038801770635692,
            4.796595256224483
          ],
          "angle_vs_z_axis_degrees": 3.5378926263322765
        },
        "high_plane": {
          "normal_vector": [
            -0.03088222374617594,
            -0.042965021780437165,
            0.998599166412579
          ],
          "center_position": [
            2.7788059833118623,
            2.570039140431524,
            10.017552249996623
          ],
          "angle_vs_z_axis_degrees": 5.682835279972129
        }
      },
      "vector_analysis_results": {
        "angle_between_planes_degrees": 6.082087201984422,
        "distance_between_plane_centers_angstrom": 6.87567614098499,
        "angle_between_low_plane_and_z": 3.5378926263322765,
        "angle_between_high_plane_and_z": 5.682835279972129
      }
    }
  }
}