{
  "experiment": {
    "name": "CONTCAR",
    "file_path": "/home/dotempo/Documents/DION-JACOBSON/BULKS/MAPbBr3/MAPbBr3_n1_[NH3+]CC1=CC=C(C[NH3+])C=C1/CONTCAR",
    "timestamp": "2025-08-06 13:14:50.020799"
  },
  "salt_structure_info": {
    "total_atoms": 52,
    "halogen_symbol": "Br"
  },
  "vector_analysis": {
    "plane_analysis": {
      "low_plane": {
        "normal_vector": [
          0.09204129751405896,
          -0.012583662176777526,
          0.9956756756083525
        ],
        "center_position": [
          2.3133326746335503,
          2.5989489463580857,
          2.860430990611186
        ],
        "angle_vs_z_axis_degrees": 6.198393954973191
      },
      "high_plane": {
        "normal_vector": [
          -0.08182637992341225,
          0.0038959900780939885,
          0.9966389841913373
        ],
        "center_position": [
          2.168128125552516,
          4.56184617565964,
          9.186514923121205
        ],
        "angle_vs_z_axis_degrees": 7.259773953294652
      }
    },
    "vector_analysis_results": {
      "angle_between_planes_degrees": 10.019445588323823,
      "distance_between_plane_centers_angstrom": 6.62520851106099,
      "angle_between_low_plane_and_z": 6.198393954973191,
      "angle_between_high_plane_and_z": 7.259773953294652
    }
  }
}