{
  "experiment": {
    "name": "CONTCAR",
    "file_path": "/home/dotempo/Documents/DION-JACOBSON/BULKS/MAPbI3/MAPbI3_n3_[NH3+]CCCC[NH3+]/CONTCAR",
    "timestamp": "2025-08-06 13:15:54.605939"
  },
  "salt_structure_info": {
    "total_atoms": 44,
    "halogen_symbol": "I"
  },
  "vector_analysis": {
    "plane_analysis": {
      "low_plane": {
        "normal_vector": [
          0.0024752218030826994,
          0.01959687789309329,
          0.9998048987946943
        ],
        "center_position": [
          6.340346783922815,
          2.184052751767149,
          5.618159674225719
        ],
        "angle_vs_z_axis_degrees": 1.5818973446552007
      },
      "high_plane": {
        "normal_vector": [
          0.0025109983820743,
          0.019577721138572087,
          0.9998051848846081
        ],
        "center_position": [
          2.799971457593336,
          6.544998270325349,
          9.55361935025245
        ],
        "angle_vs_z_axis_degrees": 1.5796719904112264
      }
    },
    "vector_analysis_results": {
      "angle_between_planes_degrees": 0.0023252676904643465,
      "distance_between_plane_centers_angstrom": 6.858567352497738,
      "angle_between_low_plane_and_z": 1.5818973446552007,
      "angle_between_high_plane_and_z": 1.5796719904112264
    }
  }
}