{
  "experiment": {
    "name": "CONTCAR",
    "file_path": "/home/dotempo/Documents/DION-JACOBSON/BULKS/MAPbBr3/MAPbBr3_n1_[NH3+]CCCCCC[NH3+]/CONTCAR",
    "timestamp": "2025-08-06 13:14:53.827707"
  },
  "analysis_parameters": {
    "halogen_symbol": "Br",
    "central_metal": "Pb",
    "total_spacer_molecules": 2,
    "analyzed_molecules": 2
  },
  "penetration_analysis": {
    "molecule_0": {
      "formula": "C6H18N2",
      "n1_position": [
        7.312572365255469,
        3.3772284662878125,
        3.516370457315126
      ],
      "n2_position": [
        2.0259791559179257,
        6.155082558670508,
        10.838025038411201
      ],
      "molecular_vector": [
        -5.286593209337543,
        2.7778540923826958,
        7.321654581096075
      ],
      "molecular_vector_length": 9.448342019871331,
      "low_plane_intersection": [
        7.024534688724573,
        3.5285786093437435,
        3.9152875463349117
      ],
      "high_plane_intersection": [
        2.3153842405811202,
        6.003013907470324,
        10.437214160779423
      ],
      "penetration_segments": {
        "n1_to_low_plane": 0.5147887069627569,
        "low_plane_to_high_plane": 8.416320737238102,
        "high_plane_to_n2": 0.5172325756704722,
        "total_calculated": 9.448342019871331,
        "molecular_length": 9.448342019871331,
        "length_difference": 0.0
      },
      "penetration_parameters": {
        "t_low_plane": 0.5147887069627572,
        "t_high_plane": 8.93110944420086
      }
    },
    "molecule_1": {
      "formula": "C6H18N2",
      "n1_position": [
        3.221359357051797,
        7.301363491234062,
        3.543726241975416
      ],
      "n2_position": [
        6.128798820203305,
        2.225066717092703,
        10.802586866955984
      ],
      "molecular_vector": [
        2.907439463151508,
        -5.076296774141358,
        7.258860624980568
      ],
      "molecular_vector_length": 9.32271691857808,
      "low_plane_intersection": [
        3.3733885790336724,
        7.035925307945017,
        3.9232900978276253
      ],
      "high_plane_intersection": [
        5.9789671218707126,
        2.486668094025733,
        10.428509459950744
      ],
      "penetration_segments": {
        "n1_to_low_plane": 0.4874823424018552,
        "low_plane_to_high_plane": 8.354798602637347,
        "high_plane_to_n2": 0.4804359735388786,
        "total_calculated": 9.32271691857808,
        "molecular_length": 9.32271691857808,
        "length_difference": 0.0
      },
      "penetration_parameters": {
        "t_low_plane": 0.4874823424018554,
        "t_high_plane": 8.842280945039201
      }
    },
    "comparative_analysis": {
      "molecule_1": {
        "id": "molecule_0",
        "segments": {
          "n1_to_low_plane": 0.5147887069627569,
          "low_plane_to_high_plane": 8.416320737238102,
          "high_plane_to_n2": 0.5172325756704722,
          "total_calculated": 9.448342019871331,
          "molecular_length": 9.448342019871331,
          "length_difference": 0.0
        }
      },
      "molecule_2": {
        "id": "molecule_1",
        "segments": {
          "n1_to_low_plane": 0.4874823424018552,
          "low_plane_to_high_plane": 8.354798602637347,
          "high_plane_to_n2": 0.4804359735388786,
          "total_calculated": 9.32271691857808,
          "molecular_length": 9.32271691857808,
          "length_difference": 0.0
        }
      },
      "penetration_comparison": {
        "n1_to_low_diff": 0.02730636456090174,
        "low_to_high_diff": 0.06152213460075551,
        "high_to_n2_diff": 0.03679660213159358
      }
    },
    "plane_reference": {
      "plane_analysis": {
        "low_plane": {
          "normal_vector": [
            -0.07068185538431182,
            -0.07584913317284826,
            0.9946109713432477
          ],
          "center_position": [
            6.020175899118927,
            6.095291565051349,
            4.039650753294133
          ],
          "angle_vs_z_axis_degrees": 13.706156337289109
        },
        "high_plane": {
          "normal_vector": [
            -0.07110483675597212,
            -0.07654410061630243,
            0.9945275777225828
          ],
          "center_position": [
            3.3236209619969737,
            3.4341889436154487,
            10.31158879672725
          ],
          "angle_vs_z_axis_degrees": 13.751933352234767
        }
      },
      "vector_analysis_results": {
        "angle_between_planes_degrees": 0.046858263841697105,
        "distance_between_plane_centers_angstrom": 7.327351671060523,
        "angle_between_low_plane_and_z": 13.706156337289109,
        "angle_between_high_plane_and_z": 13.751933352234767
      }
    }
  }
}