{
  "experiment": {
    "name": "CONTCAR",
    "file_path": "/home/dotempo/Documents/DION-JACOBSON/BULKS/MAPbCl3/MAPbCl3_n3_[NH3+]CCCC[NH3+]/CONTCAR",
    "timestamp": "2025-08-06 13:13:37.374706"
  },
  "salt_structure_info": {
    "total_atoms": 44,
    "halogen_symbol": "Cl"
  },
  "vector_analysis": {
    "plane_analysis": {
      "low_plane": {
        "normal_vector": [
          0.00677669798567302,
          -0.008380090069718512,
          0.9999419235409797
        ],
        "center_position": [
          5.899409352279314,
          6.235317666097171,
          4.631659240082414
        ],
        "angle_vs_z_axis_degrees": 0.5133652601873255
      },
      "high_plane": {
        "normal_vector": [
          0.02058781463799173,
          0.005600922721510283,
          0.9997723598665346
        ],
        "center_position": [
          2.3168142766087274,
          2.167845290123743,
          9.769786223989858
        ],
        "angle_vs_z_axis_degrees": 0.6145051981142479
      }
    },
    "vector_analysis_results": {
      "angle_between_planes_degrees": 1.1260579150644712,
      "distance_between_plane_centers_angstrom": 7.468578707376917,
      "angle_between_low_plane_and_z": 0.5133652601873255,
      "angle_between_high_plane_and_z": 0.6145051981142479
    }
  }
}