{
  "experiment": {
    "name": "CONTCAR",
    "file_path": "/home/dotempo/Documents/DION-JACOBSON/BULKS/MAPbI3/MAPbI3_n1_[NH3+]CCCCCCCCC[NH3+]/CONTCAR",
    "timestamp": "2025-08-06 13:15:48.133963"
  },
  "salt_structure_info": {
    "total_atoms": 74,
    "halogen_symbol": "I"
  },
  "vector_analysis": {
    "plane_analysis": {
      "low_plane": {
        "normal_vector": [
          -4.2117823380793116e-05,
          -0.26679011716863554,
          0.9637546532220919
        ],
        "center_position": [
          6.536725644087152,
          6.347388092297299,
          5.6916246764041745
        ],
        "angle_vs_z_axis_degrees": 21.422656025420384
      },
      "high_plane": {
        "normal_vector": [
          0.029494763272664086,
          0.2145908366805823,
          0.9762585885677101
        ],
        "center_position": [
          7.433485081234517,
          5.877036256022193,
          13.46894094550866
        ],
        "angle_vs_z_axis_degrees": 19.717367551148094
      }
    },
    "vector_analysis_results": {
      "angle_between_planes_degrees": 27.917606107909464,
      "distance_between_plane_centers_angstrom": 7.842962239337732,
      "angle_between_low_plane_and_z": 21.422656025420384,
      "angle_between_high_plane_and_z": 19.717367551148094
    }
  }
}