{
  "experiment": {
    "name": "CONTCAR",
    "file_path": "/home/dotempo/Documents/DION-JACOBSON/BULKS/MAPbI3/MAPbI3_n1_[NH3+]CCCCCCCCC[NH3+]/CONTCAR",
    "timestamp": "2025-08-06 13:15:48.161058"
  },
  "analysis_parameters": {
    "halogen_symbol": "I",
    "central_metal": "Pb",
    "total_spacer_molecules": 2,
    "analyzed_molecules": 2
  },
  "penetration_analysis": {
    "molecule_0": {
      "formula": "C9H24N2",
      "n1_position": [
        9.407172658067829,
        4.774469817128598,
        5.754022953930608
      ],
      "n2_position": [
        6.228097792195364,
        4.4406612130534535,
        13.639495974618882
      ],
      "molecular_vector": [
        -3.1790748658724644,
        -0.3338086040751449,
        7.8854730206882735
      ],
      "molecular_vector_length": 8.50873844626683,
      "low_plane_intersection": [
        9.605493351361519,
        4.795293848200736,
        5.2621023347594065
      ],
      "high_plane_intersection": [
        6.153280879415506,
        4.4328053020510545,
        13.825074097849033
      ],
      "penetration_segments": {
        "n1_to_low_plane": 0.5308018775629583,
        "low_plane_to_high_plane": 9.239786486332873,
        "high_plane_to_n2": 0.20024616250308422,
        "total_calculated": 9.970834526398916,
        "molecular_length": 8.50873844626683,
        "length_difference": 1.4620960801320848
      },
      "penetration_parameters": {
        "t_low_plane": -0.530801877562958,
        "t_high_plane": 8.708984608769915
      }
    },
    "molecule_1": {
      "formula": "C9H24N2",
      "n1_position": [
        3.6117693592469595,
        7.951252142420195,
        4.749353890043321
      ],
      "n2_position": [
        10.54118926473038,
        7.243520954003481,
        14.899787228059827
      ],
      "molecular_vector": [
        6.929419905483421,
        -0.7077311884167141,
        10.150433338016505
      ],
      "molecular_vector_length": 12.310525602551845,
      "low_plane_intersection": [
        4.54015100865456,
        7.856432567765818,
        6.109276679120171
      ],
      "high_plane_intersection": [
        9.301809572659575,
        7.370104084241367,
        13.084304674476794
      ],
      "penetration_segments": {
        "n1_to_low_plane": 1.649325083464437,
        "low_plane_to_high_plane": 8.45936896051107,
        "high_plane_to_n2": 2.2018315585763406,
        "total_calculated": 12.310525602551847,
        "molecular_length": 12.310525602551845,
        "length_difference": 1.7763568394002505e-15
      },
      "penetration_parameters": {
        "t_low_plane": 1.6493250834644368,
        "t_high_plane": 10.108694043975506
      }
    },
    "comparative_analysis": {
      "molecule_1": {
        "id": "molecule_0",
        "segments": {
          "n1_to_low_plane": 0.5308018775629583,
          "low_plane_to_high_plane": 9.239786486332873,
          "high_plane_to_n2": 0.20024616250308422,
          "total_calculated": 9.970834526398916,
          "molecular_length": 8.50873844626683,
          "length_difference": 1.4620960801320848
        }
      },
      "molecule_2": {
        "id": "molecule_1",
        "segments": {
          "n1_to_low_plane": 1.649325083464437,
          "low_plane_to_high_plane": 8.45936896051107,
          "high_plane_to_n2": 2.2018315585763406,
          "total_calculated": 12.310525602551847,
          "molecular_length": 12.310525602551845,
          "length_difference": 1.7763568394002505e-15
        }
      },
      "penetration_comparison": {
        "n1_to_low_diff": 1.1185232059014787,
        "low_to_high_diff": 0.7804175258218038,
        "high_to_n2_diff": 2.0015853960732564
      }
    },
    "plane_reference": {
      "plane_analysis": {
        "low_plane": {
          "normal_vector": [
            -4.2117823380793116e-05,
            -0.26679011716863554,
            0.9637546532220919
          ],
          "center_position": [
            6.536725644087152,
            6.347388092297299,
            5.6916246764041745
          ],
          "angle_vs_z_axis_degrees": 21.422656025420384
        },
        "high_plane": {
          "normal_vector": [
            0.029494763272664086,
            0.2145908366805823,
            0.9762585885677101
          ],
          "center_position": [
            7.433485081234517,
            5.877036256022193,
            13.46894094550866
          ],
          "angle_vs_z_axis_degrees": 19.717367551148094
        }
      },
      "vector_analysis_results": {
        "angle_between_planes_degrees": 27.917606107909464,
        "distance_between_plane_centers_angstrom": 7.842962239337732,
        "angle_between_low_plane_and_z": 21.422656025420384,
        "angle_between_high_plane_and_z": 19.717367551148094
      }
    }
  }
}