dihedral,ideal_angle,extracted_angle,error
N1-C1-C2-C3,179.51208390561942,180.12197522723253,0.6098913216131052
C1-C2-C3-N2,180.47452043154126,180.26218707357285,0.21233335796841857
