{
  "experiment": {
    "name": "CONTCAR",
    "file_path": "/home/dotempo/Documents/DION-JACOBSON/BULKS/MAPbCl3/MAPbCl3_n2_CC(C)(CCC[NH3+])C(C)(C)CCC[NH3+]/CONTCAR",
    "timestamp": "2025-08-06 13:13:19.755100"
  },
  "salt_structure_info": {
    "total_atoms": 92,
    "halogen_symbol": "Cl"
  },
  "vector_analysis": {
    "plane_analysis": {
      "low_plane": {
        "normal_vector": [
          0.04954569768979626,
          -0.09790991417472,
          0.9939612027371744
        ],
        "center_position": [
          2.6333707040772887,
          5.8102135689496315,
          4.46409014776313
        ],
        "angle_vs_z_axis_degrees": 10.6260342633967
      },
      "high_plane": {
        "normal_vector": [
          0.055790021772881594,
          -0.10750891405153383,
          0.9926375506044697
        ],
        "center_position": [
          4.552075232144101,
          2.0431719444582677,
          13.356012495439003
        ],
        "angle_vs_z_axis_degrees": 11.249342314285743
      }
    },
    "vector_analysis_results": {
      "angle_between_planes_degrees": 0.6604836893866944,
      "distance_between_plane_centers_angstrom": 9.845725605752591,
      "angle_between_low_plane_and_z": 10.6260342633967,
      "angle_between_high_plane_and_z": 11.249342314285743
    }
  }
}