{
  "experiment": {
    "name": "CONTCAR",
    "file_path": "/home/dotempo/Documents/DION-JACOBSON/BULKS/MAPbCl3/MAPbCl3_n1_[NH3+]CCCCCCC[NH3+]/CONTCAR",
    "timestamp": "2025-08-06 13:13:09.803554"
  },
  "salt_structure_info": {
    "total_atoms": 62,
    "halogen_symbol": "Cl"
  },
  "vector_analysis": {
    "plane_analysis": {
      "low_plane": {
        "normal_vector": [
          -0.06639307875629276,
          -0.26098263923842424,
          0.9630576416338782
        ],
        "center_position": [
          6.4352072224589145,
          5.8229351352706225,
          5.645529255491225
        ],
        "angle_vs_z_axis_degrees": 26.0819419608749
      },
      "high_plane": {
        "normal_vector": [
          0.07388904840218176,
          -0.0712773733570928,
          0.9947160120222924
        ],
        "center_position": [
          5.627032564599823,
          3.316834478560419,
          12.52160278683948
        ],
        "angle_vs_z_axis_degrees": 12.420446298371754
      }
    },
    "vector_analysis_results": {
      "angle_between_planes_degrees": 13.671867328921604,
      "distance_between_plane_centers_angstrom": 7.3630207108004955,
      "angle_between_low_plane_and_z": 26.0819419608749,
      "angle_between_high_plane_and_z": 12.420446298371754
    }
  }
}