{
  "experiment": {
    "name": "CONTCAR",
    "file_path": "/home/dotempo/Documents/DION-JACOBSON/BULKS/MAPbCl3/MAPbCl3_n1_[NH3+]CCCCCCC[NH3+]/CONTCAR",
    "timestamp": "2025-08-06 13:13:09.834907"
  },
  "analysis_parameters": {
    "halogen_symbol": "Cl",
    "central_metal": "Pb",
    "total_spacer_molecules": 2,
    "analyzed_molecules": 2
  },
  "penetration_analysis": {
    "molecule_0": {
      "formula": "C7H20N2",
      "n1_position": [
        7.673080165497122,
        3.5607219822627583,
        5.209860775495214
      ],
      "n2_position": [
        4.1237360203635305,
        5.767493956248434,
        12.907938915291368
      ],
      "molecular_vector": [
        -3.549344145133592,
        2.206771973985676,
        7.698078139796154
      ],
      "molecular_vector_length": 8.759457372016268,
      "low_plane_intersection": [
        7.717557665613327,
        3.533068506940012,
        5.1133947081439315
      ],
      "high_plane_intersection": [
        4.172059198164634,
        5.737449466307494,
        12.80313205986536
      ],
      "penetration_segments": {
        "n1_to_low_plane": 0.10976641045527037,
        "low_plane_to_high_plane": 8.749966590516939,
        "high_plane_to_n2": 0.11925719195460009,
        "total_calculated": 8.97899019292681,
        "molecular_length": 8.759457372016268,
        "length_difference": 0.21953282091054227
      },
      "penetration_parameters": {
        "t_low_plane": -0.10976641045527052,
        "t_high_plane": 8.640200180061667
      }
    },
    "molecule_1": {
      "formula": "C7H20N2",
      "n1_position": [
        3.743525346756999,
        7.930861212010219,
        5.084102525615813
      ],
      "n2_position": [
        7.233685663105274,
        2.033141848594742,
        12.980771218048817
      ],
      "molecular_vector": [
        3.490160316348275,
        -5.897719363415478,
        7.896668692433004
      ],
      "molecular_vector_length": 10.4557012754511,
      "low_plane_intersection": [
        4.100712891036921,
        7.327280944822198,
        5.892257865939391
      ],
      "high_plane_intersection": [
        6.960894945506056,
        2.494107234571117,
        12.363568074353134
      ],
      "penetration_segments": {
        "n1_to_low_plane": 1.0700500618293534,
        "low_plane_to_high_plane": 8.568434239211351,
        "high_plane_to_n2": 0.8172169744103938,
        "total_calculated": 10.4557012754511,
        "molecular_length": 10.4557012754511,
        "length_difference": 0.0
      },
      "penetration_parameters": {
        "t_low_plane": 1.0700500618293534,
        "t_high_plane": 9.638484301040705
      }
    },
    "comparative_analysis": {
      "molecule_1": {
        "id": "molecule_0",
        "segments": {
          "n1_to_low_plane": 0.10976641045527037,
          "low_plane_to_high_plane": 8.749966590516939,
          "high_plane_to_n2": 0.11925719195460009,
          "total_calculated": 8.97899019292681,
          "molecular_length": 8.759457372016268,
          "length_difference": 0.21953282091054227
        }
      },
      "molecule_2": {
        "id": "molecule_1",
        "segments": {
          "n1_to_low_plane": 1.0700500618293534,
          "low_plane_to_high_plane": 8.568434239211351,
          "high_plane_to_n2": 0.8172169744103938,
          "total_calculated": 10.4557012754511,
          "molecular_length": 10.4557012754511,
          "length_difference": 0.0
        }
      },
      "penetration_comparison": {
        "n1_to_low_diff": 0.960283651374083,
        "low_to_high_diff": 0.18153235130558798,
        "high_to_n2_diff": 0.6979597824557937
      }
    },
    "plane_reference": {
      "plane_analysis": {
        "low_plane": {
          "normal_vector": [
            -0.06639307875629276,
            -0.26098263923842424,
            0.9630576416338782
          ],
          "center_position": [
            6.4352072224589145,
            5.8229351352706225,
            5.645529255491225
          ],
          "angle_vs_z_axis_degrees": 26.0819419608749
        },
        "high_plane": {
          "normal_vector": [
            0.07388904840218176,
            -0.0712773733570928,
            0.9947160120222924
          ],
          "center_position": [
            5.627032564599823,
            3.316834478560419,
            12.52160278683948
          ],
          "angle_vs_z_axis_degrees": 12.420446298371754
        }
      },
      "vector_analysis_results": {
        "angle_between_planes_degrees": 13.671867328921604,
        "distance_between_plane_centers_angstrom": 7.3630207108004955,
        "angle_between_low_plane_and_z": 26.0819419608749,
        "angle_between_high_plane_and_z": 12.420446298371754
      }
    }
  }
}