{
  "experiment": {
    "name": "CONTCAR",
    "file_path": "/home/dotempo/Documents/DION-JACOBSON/BULKS/MAPbCl3/MAPbCl3_n1_[NH3+]CCCCCCCC[NH3+]/CONTCAR",
    "timestamp": "2025-08-06 13:13:37.612884"
  },
  "analysis_parameters": {
    "halogen_symbol": "Cl",
    "central_metal": "Pb",
    "total_spacer_molecules": 2,
    "analyzed_molecules": 2
  },
  "penetration_analysis": {
    "molecule_0": {
      "formula": "C8H22N2",
      "n1_position": [
        7.522812707912046,
        5.039072271538921,
        5.140902334354575
      ],
      "n2_position": [
        5.251238812228239,
        4.521675114488359,
        13.067587351375083
      ],
      "molecular_vector": [
        -2.271573895683807,
        -0.5173971570505618,
        7.9266850170205085
      ],
      "molecular_vector_length": 8.26196605782991,
      "low_plane_intersection": [
        7.647929033690885,
        5.067570059518253,
        4.704307378399054
      ],
      "high_plane_intersection": [
        5.179141401617672,
        4.505253462808221,
        13.319172151472781
      ],
      "penetration_segments": {
        "n1_to_low_plane": 0.45506194574136205,
        "low_plane_to_high_plane": 8.97925427780948,
        "high_plane_to_n2": 0.2622262742382064,
        "total_calculated": 9.696542497789046,
        "molecular_length": 8.26196605782991,
        "length_difference": 1.4345764399591356
      },
      "penetration_parameters": {
        "t_low_plane": -0.4550619457413619,
        "t_high_plane": 8.524192332068116
      }
    },
    "molecule_1": {
      "formula": "C8H22N2",
      "n1_position": [
        3.5028444776333227,
        7.3362032214323545,
        4.742492445763349
      ],
      "n2_position": [
        8.085118728940449,
        1.103086424796814,
        13.693897143071252
      ],
      "molecular_vector": [
        4.582274251307126,
        -6.2331167966355405,
        8.951404697307904
      ],
      "molecular_vector_length": 11.831171893336618,
      "low_plane_intersection": [
        3.2935624703668345,
        7.62088264548783,
        4.33366315267316
      ],
      "high_plane_intersection": [
        7.64872433451889,
        1.6966993516203654,
        12.841407174582422
      ],
      "penetration_segments": {
        "n1_to_low_plane": 0.5403542578111805,
        "low_plane_to_high_plane": 11.244780607225538,
        "high_plane_to_n2": 1.1267455439222605,
        "total_calculated": 12.911880408958979,
        "molecular_length": 11.831171893336618,
        "length_difference": 1.0807085156223604
      },
      "penetration_parameters": {
        "t_low_plane": -0.5403542578111807,
        "t_high_plane": 10.704426349414359
      }
    },
    "comparative_analysis": {
      "molecule_1": {
        "id": "molecule_0",
        "segments": {
          "n1_to_low_plane": 0.45506194574136205,
          "low_plane_to_high_plane": 8.97925427780948,
          "high_plane_to_n2": 0.2622262742382064,
          "total_calculated": 9.696542497789046,
          "molecular_length": 8.26196605782991,
          "length_difference": 1.4345764399591356
        }
      },
      "molecule_2": {
        "id": "molecule_1",
        "segments": {
          "n1_to_low_plane": 0.5403542578111805,
          "low_plane_to_high_plane": 11.244780607225538,
          "high_plane_to_n2": 1.1267455439222605,
          "total_calculated": 12.911880408958979,
          "molecular_length": 11.831171893336618,
          "length_difference": 1.0807085156223604
        }
      },
      "penetration_comparison": {
        "n1_to_low_diff": 0.08529231206981847,
        "low_to_high_diff": 2.2655263294160584,
        "high_to_n2_diff": 0.864519269684054
      }
    },
    "plane_reference": {
      "plane_analysis": {
        "low_plane": {
          "normal_vector": [
            0.06329155004102083,
            0.24825345906561896,
            0.9666252633546053
          ],
          "center_position": [
            6.260515097925138,
            2.296405464245868,
            5.506854967800393
          ],
          "angle_vs_z_axis_degrees": 15.811995995637163
        },
        "high_plane": {
          "normal_vector": [
            0.018571736720006955,
            -0.15177985529956817,
            0.9882398322879142
          ],
          "center_position": [
            6.600975320450512,
            2.7966943275992158,
            13.03004113875959
          ],
          "angle_vs_z_axis_degrees": 17.098736824999165
        }
      },
      "vector_analysis_results": {
        "angle_between_planes_degrees": 23.255523969042915,
        "distance_between_plane_centers_angstrom": 7.547485162146998,
        "angle_between_low_plane_and_z": 15.811995995637163,
        "angle_between_high_plane_and_z": 17.098736824999165
      }
    }
  }
}