dihedral,ideal_angle,extracted_angle,error
N1-C1-C2-C3,179.51208390561942,153.19498578248292,26.317098123136503
C1-C2-C3-N2,180.47452043154126,185.10137058895717,4.626850157415902
