{
  "experiment": {
    "name": "CONTCAR",
    "file_path": "/home/dotempo/Documents/DION-JACOBSON/BULKS/MAPbBr3/MAPbBr3_n2_[NH3+]C1CCC([NH3+])CC1/CONTCAR",
    "timestamp": "2025-08-06 13:14:26.342919"
  },
  "salt_structure_info": {
    "total_atoms": 52,
    "halogen_symbol": "Br"
  },
  "vector_analysis": {
    "plane_analysis": {
      "low_plane": {
        "normal_vector": [
          0.009604788054961752,
          0.014766370009102489,
          0.9998448391441412
        ],
        "center_position": [
          5.827163360213941,
          2.0559684417115407,
          3.5568023526868577
        ],
        "angle_vs_z_axis_degrees": 2.3282642407704315
      },
      "high_plane": {
        "normal_vector": [
          -0.018834218842594203,
          0.05116795760485298,
          0.9985124497547024
        ],
        "center_position": [
          2.2814297957206313,
          6.392275051996435,
          7.714316751955137
        ],
        "angle_vs_z_axis_degrees": 4.971604894934584
      }
    },
    "vector_analysis_results": {
      "angle_between_planes_degrees": 2.6480372126359377,
      "distance_between_plane_centers_angstrom": 6.975722723051569,
      "angle_between_low_plane_and_z": 2.3282642407704315,
      "angle_between_high_plane_and_z": 4.971604894934584
    }
  }
}