{
  "experiment": {
    "name": "CONTCAR",
    "file_path": "/home/dotempo/Documents/DION-JACOBSON/BULKS/MAPbCl3/MAPbCl3_n3_CC(C)(CCC[NH3+])CCC[NH3+]/CONTCAR",
    "timestamp": "2025-08-06 13:13:15.454837"
  },
  "salt_structure_info": {
    "total_atoms": 74,
    "halogen_symbol": "Cl"
  },
  "vector_analysis": {
    "plane_analysis": {
      "low_plane": {
        "normal_vector": [
          0.05777322904842918,
          0.0026507305665843194,
          0.9983262130349885
        ],
        "center_position": [
          1.8864786274422691,
          2.1831152968886838,
          4.71573535409017
        ],
        "angle_vs_z_axis_degrees": 0.9648622362202864
      },
      "high_plane": {
        "normal_vector": [
          0.0360359189714544,
          -0.024647357325386424,
          0.9990465055845786
        ],
        "center_position": [
          3.0454705266570494,
          2.178847049151989,
          12.906081599428376
        ],
        "angle_vs_z_axis_degrees": 1.0440104671711123
      }
    },
    "vector_analysis_results": {
      "angle_between_planes_degrees": 1.999892554888274,
      "distance_between_plane_centers_angstrom": 8.27194366874617,
      "angle_between_low_plane_and_z": 0.9648622362202864,
      "angle_between_high_plane_and_z": 1.0440104671711123
    }
  }
}