{
  "experiment": {
    "name": "CONTCAR",
    "file_path": "/home/dotempo/Documents/DION-JACOBSON/BULKS/MAPbCl3/MAPbCl3_n3_CC(C)(CCC[NH3+])CCC[NH3+]/CONTCAR",
    "timestamp": "2025-08-06 13:13:15.483381"
  },
  "analysis_parameters": {
    "halogen_symbol": "Cl",
    "central_metal": "Pb",
    "total_spacer_molecules": 6,
    "analyzed_molecules": 2
  },
  "penetration_analysis": {
    "molecule_2": {
      "formula": "C9H24N2",
      "n1_position": [
        7.840032419131778,
        3.8723374504642756,
        4.1431651771691165
      ],
      "n2_position": [
        1.3179572656492193,
        3.4231286305858912,
        13.226106192475196
      ],
      "molecular_vector": [
        -6.522075153482559,
        -0.44920881987838435,
        9.08294101530608
      ],
      "molecular_vector_length": 11.191026331800874,
      "low_plane_intersection": [
        7.672526436274639,
        3.860800452942613,
        4.3764416921123495
      ],
      "high_plane_intersection": [
        1.4850921738018537,
        3.434640070286435,
        12.993346453186025
      ],
      "penetration_segments": {
        "n1_to_low_plane": 0.28741831714212546,
        "low_plane_to_high_plane": 10.616826413085127,
        "high_plane_to_n2": 0.28678160157362254,
        "total_calculated": 11.191026331800874,
        "molecular_length": 11.191026331800874,
        "length_difference": 0.0
      },
      "penetration_parameters": {
        "t_low_plane": 0.2874183171421252,
        "t_high_plane": 10.904244730227251
      }
    },
    "molecule_4": {
      "formula": "C9H24N2",
      "n1_position": [
        3.5966610731778252,
        0.38463687864616114,
        4.3596147822300875
      ],
      "n2_position": [
        4.820716736847139,
        7.458968161285219,
        13.335248797199693
      ],
      "molecular_vector": [
        1.2240556636693136,
        7.074331282639058,
        8.975634014969605
      ],
      "molecular_vector_length": 11.493758364215157,
      "low_plane_intersection": [
        3.63202839585949,
        0.5890394762209114,
        4.618952779595637
      ],
      "high_plane_intersection": [
        4.770491686883897,
        7.168696523587002,
        12.966963530251729
      ],
      "penetration_segments": {
        "n1_to_low_plane": 0.33209556800196555,
        "low_plane_to_high_plane": 10.690054678018914,
        "high_plane_to_n2": 0.47160811819427817,
        "total_calculated": 11.493758364215157,
        "molecular_length": 11.493758364215157,
        "length_difference": 0.0
      },
      "penetration_parameters": {
        "t_low_plane": 0.3320955680019653,
        "t_high_plane": 11.022150246020878
      }
    },
    "comparative_analysis": {
      "molecule_1": {
        "id": "molecule_2",
        "segments": {
          "n1_to_low_plane": 0.28741831714212546,
          "low_plane_to_high_plane": 10.616826413085127,
          "high_plane_to_n2": 0.28678160157362254,
          "total_calculated": 11.191026331800874,
          "molecular_length": 11.191026331800874,
          "length_difference": 0.0
        }
      },
      "molecule_2": {
        "id": "molecule_4",
        "segments": {
          "n1_to_low_plane": 0.33209556800196555,
          "low_plane_to_high_plane": 10.690054678018914,
          "high_plane_to_n2": 0.47160811819427817,
          "total_calculated": 11.493758364215157,
          "molecular_length": 11.493758364215157,
          "length_difference": 0.0
        }
      },
      "penetration_comparison": {
        "n1_to_low_diff": 0.04467725085984009,
        "low_to_high_diff": 0.0732282649337872,
        "high_to_n2_diff": 0.18482651662065563
      }
    },
    "plane_reference": {
      "plane_analysis": {
        "low_plane": {
          "normal_vector": [
            0.05777322904842918,
            0.0026507305665843194,
            0.9983262130349885
          ],
          "center_position": [
            1.8864786274422691,
            2.1831152968886838,
            4.71573535409017
          ],
          "angle_vs_z_axis_degrees": 0.9648622362202864
        },
        "high_plane": {
          "normal_vector": [
            0.0360359189714544,
            -0.024647357325386424,
            0.9990465055845786
          ],
          "center_position": [
            3.0454705266570494,
            2.178847049151989,
            12.906081599428376
          ],
          "angle_vs_z_axis_degrees": 1.0440104671711123
        }
      },
      "vector_analysis_results": {
        "angle_between_planes_degrees": 1.999892554888274,
        "distance_between_plane_centers_angstrom": 8.27194366874617,
        "angle_between_low_plane_and_z": 0.9648622362202864,
        "angle_between_high_plane_and_z": 1.0440104671711123
      }
    }
  }
}