{
  "experiment": {
    "name": "CONTCAR",
    "file_path": "/home/dotempo/Documents/DION-JACOBSON/BULKS/MAPbBr3/MAPbBr3_n2_CC(C)(CC[NH3+])C(C)(C)CC[NH3+]/CONTCAR",
    "timestamp": "2025-08-06 13:14:29.961068"
  },
  "salt_structure_info": {
    "total_atoms": 80,
    "halogen_symbol": "Br"
  },
  "vector_analysis": {
    "plane_analysis": {
      "low_plane": {
        "normal_vector": [
          -0.0023144235887999774,
          -0.023834977076007846,
          0.9997132275363959
        ],
        "center_position": [
          2.4862449159832685,
          2.417109995244003,
          3.448446269703538
        ],
        "angle_vs_z_axis_degrees": 2.1553602375163736
      },
      "high_plane": {
        "normal_vector": [
          -0.011166305712350395,
          0.0414126699058581,
          0.9990797287444115
        ],
        "center_position": [
          2.5035911563416087,
          5.463791645337791,
          10.877741663758275
        ],
        "angle_vs_z_axis_degrees": 3.1862860429474473
      }
    },
    "vector_analysis_results": {
      "angle_between_planes_degrees": 3.773517712586978,
      "distance_between_plane_centers_angstrom": 8.029757158295368,
      "angle_between_low_plane_and_z": 2.1553602375163736,
      "angle_between_high_plane_and_z": 3.1862860429474473
    }
  }
}