{
  "experiment": {
    "name": "CONTCAR",
    "file_path": "/home/dotempo/Documents/DION-JACOBSON/BULKS/MAPbBr3/MAPbBr3_n2_CC(C)(CC[NH3+])C(C)(C)CC[NH3+]/CONTCAR",
    "timestamp": "2025-08-06 13:14:29.988961"
  },
  "analysis_parameters": {
    "halogen_symbol": "Br",
    "central_metal": "Pb",
    "total_spacer_molecules": 4,
    "analyzed_molecules": 2
  },
  "penetration_analysis": {
    "molecule_1": {
      "formula": "C10H26N2",
      "n1_position": [
        8.05274842348389,
        3.8879822280151064,
        3.1334924542528637
      ],
      "n2_position": [
        1.2133274495206299,
        4.198840838159721,
        11.637350213761382
      ],
      "molecular_vector": [
        -6.839420973963261,
        0.31085861014461447,
        8.503857759508518
      ],
      "molecular_vector_length": 10.917413115227564,
      "low_plane_intersection": [
        7.761159388135976,
        3.9012352449893104,
        3.496042396751006
      ],
      "high_plane_intersection": [
        1.7876546035882397,
        4.17273708733616,
        10.92325519837821
      ],
      "penetration_segments": {
        "n1_to_low_plane": 0.46544845987440153,
        "low_plane_to_high_plane": 9.53519599494774,
        "high_plane_to_n2": 0.9167686604054219,
        "total_calculated": 10.917413115227564,
        "molecular_length": 10.917413115227564,
        "length_difference": 0.0
      },
      "penetration_parameters": {
        "t_low_plane": 0.46544845987440114,
        "t_high_plane": 10.000644454822142
      }
    },
    "molecule_2": {
      "formula": "C10H26N2",
      "n1_position": [
        3.54879877717573,
        7.52424358233082,
        2.8399621970959887
      ],
      "n2_position": [
        5.734902984089963,
        0.19116825522751663,
        11.411727007217431
      ],
      "molecular_vector": [
        2.186104206914233,
        -7.333075327103304,
        8.571764810121442
      ],
      "molecular_vector_length": 11.490352358239306,
      "low_plane_intersection": [
        3.7320359375713936,
        6.909592233298112,
        3.5584393119647175
      ],
      "high_plane_intersection": [
        5.660829715197389,
        0.43963987830753126,
        11.121284018426758
      ],
      "penetration_segments": {
        "n1_to_low_plane": 0.9631103272251245,
        "low_plane_to_high_plane": 10.137906537669295,
        "high_plane_to_n2": 0.3893354933448882,
        "total_calculated": 11.490352358239306,
        "molecular_length": 11.490352358239306,
        "length_difference": 0.0
      },
      "penetration_parameters": {
        "t_low_plane": 0.9631103272251246,
        "t_high_plane": 11.101016864894419
      }
    },
    "comparative_analysis": {
      "molecule_1": {
        "id": "molecule_1",
        "segments": {
          "n1_to_low_plane": 0.46544845987440153,
          "low_plane_to_high_plane": 9.53519599494774,
          "high_plane_to_n2": 0.9167686604054219,
          "total_calculated": 10.917413115227564,
          "molecular_length": 10.917413115227564,
          "length_difference": 0.0
        }
      },
      "molecule_2": {
        "id": "molecule_2",
        "segments": {
          "n1_to_low_plane": 0.9631103272251245,
          "low_plane_to_high_plane": 10.137906537669295,
          "high_plane_to_n2": 0.3893354933448882,
          "total_calculated": 11.490352358239306,
          "molecular_length": 11.490352358239306,
          "length_difference": 0.0
        }
      },
      "penetration_comparison": {
        "n1_to_low_diff": 0.49766186735072293,
        "low_to_high_diff": 0.6027105427215549,
        "high_to_n2_diff": 0.5274331670605337
      }
    },
    "plane_reference": {
      "plane_analysis": {
        "low_plane": {
          "normal_vector": [
            -0.0023144235887999774,
            -0.023834977076007846,
            0.9997132275363959
          ],
          "center_position": [
            2.4862449159832685,
            2.417109995244003,
            3.448446269703538
          ],
          "angle_vs_z_axis_degrees": 2.1553602375163736
        },
        "high_plane": {
          "normal_vector": [
            -0.011166305712350395,
            0.0414126699058581,
            0.9990797287444115
          ],
          "center_position": [
            2.5035911563416087,
            5.463791645337791,
            10.877741663758275
          ],
          "angle_vs_z_axis_degrees": 3.1862860429474473
        }
      },
      "vector_analysis_results": {
        "angle_between_planes_degrees": 3.773517712586978,
        "distance_between_plane_centers_angstrom": 8.029757158295368,
        "angle_between_low_plane_and_z": 2.1553602375163736,
        "angle_between_high_plane_and_z": 3.1862860429474473
      }
    }
  }
}