{
  "experiment": {
    "name": "CONTCAR",
    "file_path": "/home/dotempo/Documents/DION-JACOBSON/BULKS/MAPbBr3/MAPbBr3_n3_[NH3+]CCC1=CC=C(CC[NH3+])C=C1/CONTCAR",
    "timestamp": "2025-08-06 13:14:51.781252"
  },
  "analysis_parameters": {
    "halogen_symbol": "Br",
    "central_metal": "Pb",
    "total_spacer_molecules": 6,
    "analyzed_molecules": 2
  },
  "penetration_analysis": {
    "molecule_1": {
      "formula": "C10H18N2",
      "n1_position": [
        2.863725402050598,
        1.3678283445849664,
        3.3507796128727163
      ],
      "n2_position": [
        6.048718234022136,
        6.460380079327751,
        12.292859074993277
      ],
      "molecular_vector": [
        3.184992831971538,
        5.092551734742785,
        8.94207946212056
      ],
      "molecular_vector_length": 10.772142201884458,
      "low_plane_intersection": [
        3.0632513826947187,
        1.6868546132332705,
        3.9109620898212873
      ],
      "high_plane_intersection": [
        5.883334807407362,
        6.195945055282994,
        11.828534092009985
      ],
      "penetration_segments": {
        "n1_to_low_plane": 0.674827966610672,
        "low_plane_to_high_plane": 9.537961708183017,
        "high_plane_to_n2": 0.5593525270907699,
        "total_calculated": 10.77214220188446,
        "molecular_length": 10.772142201884458,
        "length_difference": 1.7763568394002505e-15
      },
      "penetration_parameters": {
        "t_low_plane": 0.6748279666106721,
        "t_high_plane": 10.212789674793688
      }
    },
    "molecule_2": {
      "formula": "C10H18N2",
      "n1_position": [
        6.7900755822942624,
        4.549808351083887,
        3.81058936793806
      ],
      "n2_position": [
        1.6529121591301215,
        2.590139022802506,
        12.065745003073372
      ],
      "molecular_vector": [
        -5.137163423164141,
        -1.959669328281381,
        8.255155635135313
      ],
      "molecular_vector_length": 9.918585910945604,
      "low_plane_intersection": [
        6.727651337642159,
        4.525995427976506,
        3.9109018969662825
      ],
      "high_plane_intersection": [
        1.7709255539123836,
        2.63515749136793,
        11.876103588014363
      ],
      "penetration_segments": {
        "n1_to_low_plane": 0.12052570309830885,
        "low_plane_to_high_plane": 9.570205670553008,
        "high_plane_to_n2": 0.2278545372942869,
        "total_calculated": 9.918585910945604,
        "molecular_length": 9.918585910945604,
        "length_difference": 0.0
      },
      "penetration_parameters": {
        "t_low_plane": 0.12052570309830885,
        "t_high_plane": 9.690731373651316
      }
    },
    "comparative_analysis": {
      "molecule_1": {
        "id": "molecule_1",
        "segments": {
          "n1_to_low_plane": 0.674827966610672,
          "low_plane_to_high_plane": 9.537961708183017,
          "high_plane_to_n2": 0.5593525270907699,
          "total_calculated": 10.77214220188446,
          "molecular_length": 10.772142201884458,
          "length_difference": 1.7763568394002505e-15
        }
      },
      "molecule_2": {
        "id": "molecule_2",
        "segments": {
          "n1_to_low_plane": 0.12052570309830885,
          "low_plane_to_high_plane": 9.570205670553008,
          "high_plane_to_n2": 0.2278545372942869,
          "total_calculated": 9.918585910945604,
          "molecular_length": 9.918585910945604,
          "length_difference": 0.0
        }
      },
      "penetration_comparison": {
        "n1_to_low_diff": 0.5543022635123631,
        "low_to_high_diff": 0.03224396236999105,
        "high_to_n2_diff": 0.331497989796483
      }
    },
    "plane_reference": {
      "plane_analysis": {
        "low_plane": {
          "normal_vector": [
            -0.03382560648953922,
            0.04367893666360152,
            0.9984728232844156
          ],
          "center_position": [
            5.4563064034970585,
            2.912735155675769,
            3.9384053794451885
          ],
          "angle_vs_z_axis_degrees": 7.322331774561179
        },
        "high_plane": {
          "normal_vector": [
            -0.01878128839190617,
            0.03503950493893886,
            0.9992094356539946
          ],
          "center_position": [
            3.8365262876690975,
            5.294737028270626,
            11.821664843448284
          ],
          "angle_vs_z_axis_degrees": 6.342489538874416
        }
      },
      "vector_analysis_results": {
        "angle_between_planes_degrees": 0.9949053063209663,
        "distance_between_plane_centers_angstrom": 8.393056673314641,
        "angle_between_low_plane_and_z": 7.322331774561179,
        "angle_between_high_plane_and_z": 6.342489538874416
      }
    }
  }
}