{
  "experiment": {
    "name": "CONTCAR",
    "file_path": "/home/dotempo/Documents/DION-JACOBSON/BULKS/MAPbI3/MAPbI3_n3_CC(C)(CCC[NH3+])CCC[NH3+]/CONTCAR",
    "timestamp": "2025-08-06 13:15:52.074895"
  },
  "analysis_parameters": {
    "halogen_symbol": "I",
    "central_metal": "Pb",
    "total_spacer_molecules": 6,
    "analyzed_molecules": 2
  },
  "penetration_analysis": {
    "molecule_0": {
      "formula": "C9H24N2",
      "n1_position": [
        4.915676160352472,
        7.936743974582618,
        4.66226312062291
      ],
      "n2_position": [
        4.384929884659564,
        8.163262107472297,
        14.538244347895688
      ],
      "molecular_vector": [
        -0.5307462756929082,
        0.22651813288967926,
        9.875981227272778
      ],
      "molecular_vector_length": 9.892826050989376,
      "low_plane_intersection": [
        4.878164442970757,
        7.952753666165848,
        5.360270876176028
      ],
      "high_plane_intersection": [
        4.422480666148186,
        8.14723574365044,
        13.839509698148227
      ],
      "penetration_segments": {
        "n1_to_low_plane": 0.6991983023276132,
        "low_plane_to_high_plane": 8.493701312323296,
        "high_plane_to_n2": 0.6999264363384655,
        "total_calculated": 9.892826050989374,
        "molecular_length": 9.892826050989376,
        "length_difference": 1.7763568394002505e-15
      },
      "penetration_parameters": {
        "t_low_plane": 0.6991983023276133,
        "t_high_plane": 9.19289961465091
      }
    },
    "molecule_5": {
      "formula": "C9H24N2",
      "n1_position": [
        0.6219324029026646,
        5.070107494663994,
        4.707099860274594
      ],
      "n2_position": [
        0.08269955249859513,
        5.219639803190997,
        14.585997727272979
      ],
      "molecular_vector": [
        -0.5392328504040694,
        0.14953230852700283,
        9.878897866998384
      ],
      "molecular_vector_length": 9.894733702572978,
      "low_plane_intersection": [
        0.5853463445283783,
        5.0802530148497755,
        5.377366765869795
      ],
      "high_plane_intersection": [
        0.12257106460122869,
        5.208583208169567,
        13.855540382974405
      ],
      "penetration_segments": {
        "n1_to_low_plane": 0.6713413408865657,
        "low_plane_to_high_plane": 8.491764097052968,
        "high_plane_to_n2": 0.7316282646334424,
        "total_calculated": 9.894733702572976,
        "molecular_length": 9.894733702572978,
        "length_difference": 1.7763568394002505e-15
      },
      "penetration_parameters": {
        "t_low_plane": 0.6713413408865658,
        "t_high_plane": 9.163105437939535
      }
    },
    "comparative_analysis": {
      "molecule_1": {
        "id": "molecule_0",
        "segments": {
          "n1_to_low_plane": 0.6991983023276132,
          "low_plane_to_high_plane": 8.493701312323296,
          "high_plane_to_n2": 0.6999264363384655,
          "total_calculated": 9.892826050989374,
          "molecular_length": 9.892826050989376,
          "length_difference": 1.7763568394002505e-15
        }
      },
      "molecule_2": {
        "id": "molecule_5",
        "segments": {
          "n1_to_low_plane": 0.6713413408865657,
          "low_plane_to_high_plane": 8.491764097052968,
          "high_plane_to_n2": 0.7316282646334424,
          "total_calculated": 9.894733702572976,
          "molecular_length": 9.894733702572978,
          "length_difference": 1.7763568394002505e-15
        }
      },
      "penetration_comparison": {
        "n1_to_low_diff": 0.027856961441047434,
        "low_to_high_diff": 0.0019372152703276413,
        "high_to_n2_diff": 0.03170182829497692
      }
    },
    "plane_reference": {
      "plane_analysis": {
        "low_plane": {
          "normal_vector": [
            -0.003993637238292981,
            0.011919404468076404,
            0.9999209862077779
          ],
          "center_position": [
            6.298525794779257,
            6.5104846449599005,
            5.383136078644329
          ],
          "angle_vs_z_axis_degrees": 0.6128411908840584
        },
        "high_plane": {
          "normal_vector": [
            -0.004156345065310792,
            0.011536371589936992,
            0.9999248156367743
          ],
          "center_position": [
            5.839564722522528,
            6.691375585418337,
            13.862196637944542
          ],
          "angle_vs_z_axis_degrees": 0.5908470731070774
        }
      },
      "vector_analysis_results": {
        "angle_between_planes_degrees": 0.023845143948529664,
        "distance_between_plane_centers_angstrom": 8.493399482331409,
        "angle_between_low_plane_and_z": 0.6128411908840584,
        "angle_between_high_plane_and_z": 0.5908470731070774
      }
    }
  }
}