{
  "experiment": {
    "name": "CONTCAR",
    "file_path": "/home/dotempo/Documents/DION-JACOBSON/BULKS/MAPbI3/MAPbI3_n3_CC(C)(CCC[NH3+])CCC[NH3+]/CONTCAR",
    "timestamp": "2025-08-06 13:15:52.047195"
  },
  "salt_structure_info": {
    "total_atoms": 74,
    "halogen_symbol": "I"
  },
  "vector_analysis": {
    "plane_analysis": {
      "low_plane": {
        "normal_vector": [
          -0.003993637238292981,
          0.011919404468076404,
          0.9999209862077779
        ],
        "center_position": [
          6.298525794779257,
          6.5104846449599005,
          5.383136078644329
        ],
        "angle_vs_z_axis_degrees": 0.6128411908840584
      },
      "high_plane": {
        "normal_vector": [
          -0.004156345065310792,
          0.011536371589936992,
          0.9999248156367743
        ],
        "center_position": [
          5.839564722522528,
          6.691375585418337,
          13.862196637944542
        ],
        "angle_vs_z_axis_degrees": 0.5908470731070774
      }
    },
    "vector_analysis_results": {
      "angle_between_planes_degrees": 0.023845143948529664,
      "distance_between_plane_centers_angstrom": 8.493399482331409,
      "angle_between_low_plane_and_z": 0.6128411908840584,
      "angle_between_high_plane_and_z": 0.5908470731070774
    }
  }
}