{
  "experiment": {
    "name": "CONTCAR",
    "file_path": "/home/dotempo/Documents/DION-JACOBSON/BULKS/MAPbCl3/MAPbCl3_n1_CC(C)(CCC[NH3+])C(C)(C)CCC[NH3+]/CONTCAR",
    "timestamp": "2025-08-06 13:13:49.951311"
  },
  "analysis_parameters": {
    "halogen_symbol": "Cl",
    "central_metal": "Pb",
    "total_spacer_molecules": 2,
    "analyzed_molecules": 2
  },
  "penetration_analysis": {
    "molecule_0": {
      "formula": "C12H30N2",
      "n1_position": [
        0.6820756941081102,
        4.052169179346473,
        3.482075821227233
      ],
      "n2_position": [
        5.081332351807423,
        2.887686805744721,
        12.997729533910476
      ],
      "molecular_vector": [
        4.399256657699313,
        -1.1644823736017518,
        9.515653712683243
      ],
      "molecular_vector_length": 10.547850203640706,
      "low_plane_intersection": [
        0.7008308786664528,
        4.0472046856760215,
        3.5226435478822142
      ],
      "high_plane_intersection": [
        5.063474121798444,
        2.8924138757220517,
        12.959101932497521
      ],
      "penetration_segments": {
        "n1_to_low_plane": 0.04496825092412118,
        "low_plane_to_high_plane": 10.460064279256407,
        "high_plane_to_n2": 0.042817673460176585,
        "total_calculated": 10.547850203640705,
        "molecular_length": 10.547850203640706,
        "length_difference": 1.7763568394002505e-15
      },
      "penetration_parameters": {
        "t_low_plane": 0.044968250924121156,
        "t_high_plane": 10.50503253018053
      }
    },
    "molecule_1": {
      "formula": "C12H30N2",
      "n1_position": [
        5.098194785335146,
        -0.11664925418017423,
        3.196477666836889
      ],
      "n2_position": [
        0.6632403810669525,
        7.056435231913259,
        13.284393971211982
      ],
      "molecular_vector": [
        -4.434954404268193,
        7.173084486093433,
        10.087916304375092
      ],
      "molecular_vector_length": 13.148688793056476,
      "low_plane_intersection": [
        5.37882358811745,
        -0.5705375984777927,
        2.5581486972446967
      ],
      "high_plane_intersection": [
        0.3816944776207034,
        7.511806892598165,
        13.924809012925152
      ],
      "penetration_segments": {
        "n1_to_low_plane": 0.8320042232229913,
        "low_plane_to_high_plane": 14.815416246311301,
        "high_plane_to_n2": 0.8347232300318329,
        "total_calculated": 16.482143699566127,
        "molecular_length": 13.148688793056476,
        "length_difference": 3.333454906509651
      },
      "penetration_parameters": {
        "t_low_plane": -0.8320042232229913,
        "t_high_plane": 13.98341202308831
      }
    },
    "comparative_analysis": {
      "molecule_1": {
        "id": "molecule_0",
        "segments": {
          "n1_to_low_plane": 0.04496825092412118,
          "low_plane_to_high_plane": 10.460064279256407,
          "high_plane_to_n2": 0.042817673460176585,
          "total_calculated": 10.547850203640705,
          "molecular_length": 10.547850203640706,
          "length_difference": 1.7763568394002505e-15
        }
      },
      "molecule_2": {
        "id": "molecule_1",
        "segments": {
          "n1_to_low_plane": 0.8320042232229913,
          "low_plane_to_high_plane": 14.815416246311301,
          "high_plane_to_n2": 0.8347232300318329,
          "total_calculated": 16.482143699566127,
          "molecular_length": 13.148688793056476,
          "length_difference": 3.333454906509651
        }
      },
      "penetration_comparison": {
        "n1_to_low_diff": 0.7870359722988701,
        "low_to_high_diff": 4.355351967054894,
        "high_to_n2_diff": 0.7919055565716563
      }
    },
    "plane_reference": {
      "plane_analysis": {
        "low_plane": {
          "normal_vector": [
            0.03899541681045123,
            -0.16629365502216564,
            0.9853049161387291
          ],
          "center_position": [
            1.9108573467247891,
            5.8461149490192295,
            3.7783632465740857
          ],
          "angle_vs_z_axis_degrees": 13.505073179330024
        },
        "high_plane": {
          "normal_vector": [
            0.03901731385062307,
            -0.16643351686785468,
            0.9852804340302711
          ],
          "center_position": [
            3.8506568345953953,
            1.0921728314395922,
            12.703033135475437
          ],
          "angle_vs_z_axis_degrees": 13.510757428373626
        }
      },
      "vector_analysis_results": {
        "angle_between_planes_degrees": 0.008231509439229845,
        "distance_between_plane_centers_angstrom": 10.296238164315309,
        "angle_between_low_plane_and_z": 13.505073179330024,
        "angle_between_high_plane_and_z": 13.510757428373626
      }
    }
  }
}