{
  "experiment": {
    "name": "CONTCAR",
    "file_path": "/home/dotempo/Documents/DION-JACOBSON/BULKS/MAPbBr3/MAPbBr3_n1_[NH3+]CCCC1CCC(CCC[NH3+])CC1/CONTCAR",
    "timestamp": "2025-08-06 13:14:34.346960"
  },
  "salt_structure_info": {
    "total_atoms": 88,
    "halogen_symbol": "Br"
  },
  "vector_analysis": {
    "plane_analysis": {
      "low_plane": {
        "normal_vector": [
          0.10548288724128665,
          0.02603987333555276,
          0.9940801202598865
        ],
        "center_position": [
          2.495100454408644,
          2.0247769735936676,
          3.1162688593433483
        ],
        "angle_vs_z_axis_degrees": 9.391595256060878
      },
      "high_plane": {
        "normal_vector": [
          -0.05393547258702906,
          -0.04827556952571106,
          0.9973767764409707
        ],
        "center_position": [
          1.8407275999398092,
          4.25625912539938,
          13.533731069688457
        ],
        "angle_vs_z_axis_degrees": 2.3155507652502
      }
    },
    "vector_analysis_results": {
      "angle_between_planes_degrees": 10.092519686421298,
      "distance_between_plane_centers_angstrom": 10.673857565588063,
      "angle_between_low_plane_and_z": 9.391595256060878,
      "angle_between_high_plane_and_z": 2.3155507652502
    }
  }
}