{
  "experiment": {
    "name": "CONTCAR",
    "file_path": "/home/dotempo/Documents/DION-JACOBSON/BULKS/MAPbBr3/MAPbBr3_n1_[NH3+]CCCC1CCC(CCC[NH3+])CC1/CONTCAR",
    "timestamp": "2025-08-06 13:14:34.373653"
  },
  "analysis_parameters": {
    "halogen_symbol": "Br",
    "central_metal": "Pb",
    "total_spacer_molecules": 2,
    "analyzed_molecules": 2
  },
  "penetration_analysis": {
    "molecule_0": {
      "formula": "C12H28N2",
      "n1_position": [
        7.78702336749601,
        4.873657514110082,
        2.2157411384477665
      ],
      "n2_position": [
        0.4598188438199225,
        2.7521079347722837,
        13.954433068861364
      ],
      "molecular_vector": [
        -7.327204523676087,
        -2.1215495793377985,
        11.738691930413598
      ],
      "molecular_vector_length": 13.999492383173221,
      "low_plane_intersection": [
        7.609400036465583,
        4.822227708648733,
        2.5003060848584564
      ],
      "high_plane_intersection": [
        0.8000150138288928,
        2.850609762999232,
        13.409415112458207
      ],
      "penetration_segments": {
        "n1_to_low_plane": 0.3393704190731059,
        "low_plane_to_high_plane": 13.01013687422905,
        "high_plane_to_n2": 0.6499850898710656,
        "total_calculated": 13.999492383173221,
        "molecular_length": 13.999492383173221,
        "length_difference": 0.0
      },
      "penetration_parameters": {
        "t_low_plane": 0.3393704190731059,
        "t_high_plane": 13.349507293302155
      }
    },
    "molecule_1": {
      "formula": "C12H28N2",
      "n1_position": [
        3.5535957541928043,
        0.6526845813342137,
        2.768187155008074
      ],
      "n2_position": [
        4.571901454298807,
        -0.6936403597751469,
        14.234255998291728
      ],
      "molecular_vector": [
        1.0183057001060027,
        -1.3463249411093607,
        11.466068843283654
      ],
      "molecular_vector_length": 11.58966229295926,
      "low_plane_intersection": [
        3.5775738081907056,
        0.6209826551510638,
        3.0381787870290746
      ],
      "high_plane_intersection": [
        4.501588447657554,
        -0.6006779472936559,
        13.442535226579512
      ],
      "penetration_segments": {
        "n1_to_low_plane": 0.2729018881550868,
        "low_plane_to_high_plane": 10.516505627000315,
        "high_plane_to_n2": 0.8002547778038555,
        "total_calculated": 11.589662292959257,
        "molecular_length": 11.58966229295926,
        "length_difference": 1.7763568394002505e-15
      },
      "penetration_parameters": {
        "t_low_plane": 0.2729018881550869,
        "t_high_plane": 10.789407515155402
      }
    },
    "comparative_analysis": {
      "molecule_1": {
        "id": "molecule_0",
        "segments": {
          "n1_to_low_plane": 0.3393704190731059,
          "low_plane_to_high_plane": 13.01013687422905,
          "high_plane_to_n2": 0.6499850898710656,
          "total_calculated": 13.999492383173221,
          "molecular_length": 13.999492383173221,
          "length_difference": 0.0
        }
      },
      "molecule_2": {
        "id": "molecule_1",
        "segments": {
          "n1_to_low_plane": 0.2729018881550868,
          "low_plane_to_high_plane": 10.516505627000315,
          "high_plane_to_n2": 0.8002547778038555,
          "total_calculated": 11.589662292959257,
          "molecular_length": 11.58966229295926,
          "length_difference": 1.7763568394002505e-15
        }
      },
      "penetration_comparison": {
        "n1_to_low_diff": 0.06646853091801908,
        "low_to_high_diff": 2.493631247228734,
        "high_to_n2_diff": 0.15026968793278983
      }
    },
    "plane_reference": {
      "plane_analysis": {
        "low_plane": {
          "normal_vector": [
            0.10548288724128665,
            0.02603987333555276,
            0.9940801202598865
          ],
          "center_position": [
            2.495100454408644,
            2.0247769735936676,
            3.1162688593433483
          ],
          "angle_vs_z_axis_degrees": 9.391595256060878
        },
        "high_plane": {
          "normal_vector": [
            -0.05393547258702906,
            -0.04827556952571106,
            0.9973767764409707
          ],
          "center_position": [
            1.8407275999398092,
            4.25625912539938,
            13.533731069688457
          ],
          "angle_vs_z_axis_degrees": 2.3155507652502
        }
      },
      "vector_analysis_results": {
        "angle_between_planes_degrees": 10.092519686421298,
        "distance_between_plane_centers_angstrom": 10.673857565588063,
        "angle_between_low_plane_and_z": 9.391595256060878,
        "angle_between_high_plane_and_z": 2.3155507652502
      }
    }
  }
}