{
  "experiment": {
    "name": "CONTCAR",
    "file_path": "/home/dotempo/Documents/DION-JACOBSON/BULKS/MAPbBr3/MAPbBr3_n2_[NH3+]CCC1CCC(CC[NH3+])CC1/CONTCAR",
    "timestamp": "2025-08-06 13:14:34.089905"
  },
  "analysis_parameters": {
    "halogen_symbol": "Br",
    "central_metal": "Pb",
    "total_spacer_molecules": 4,
    "analyzed_molecules": 2
  },
  "penetration_analysis": {
    "molecule_1": {
      "formula": "C10H24N2",
      "n1_position": [
        1.5705096314884148,
        4.136348858581955,
        2.742085947054814
      ],
      "n2_position": [
        7.181073392494948,
        3.9750203224221137,
        10.748825313852473
      ],
      "molecular_vector": [
        5.610563761006533,
        -0.1613285361598411,
        8.006739366797659
      ],
      "molecular_vector_length": 9.778155649238082,
      "low_plane_intersection": [
        1.7003303196701267,
        4.132615939310423,
        2.927350825766896
      ],
      "high_plane_intersection": [
        6.599377349374585,
        3.9917466578001726,
        9.918696862174974
      ],
      "penetration_segments": {
        "n1_to_low_plane": 0.22625300230154613,
        "low_plane_to_high_plane": 8.538116030748718,
        "high_plane_to_n2": 1.0137866161878193,
        "total_calculated": 9.778155649238082,
        "molecular_length": 9.778155649238082,
        "length_difference": 0.0
      },
      "penetration_parameters": {
        "t_low_plane": 0.22625300230154602,
        "t_high_plane": 8.764369033050263
      }
    },
    "molecule_2": {
      "formula": "C10H24N2",
      "n1_position": [
        4.898957852452155,
        0.005343154830263016,
        2.417883324323571
      ],
      "n2_position": [
        3.000506440704566,
        -0.11509705422052302,
        10.91192321690823
      ],
      "molecular_vector": [
        -1.8984514117475895,
        -0.12044020905078603,
        8.49403989258466
      ],
      "molecular_vector_length": 8.704443537845611,
      "low_plane_intersection": [
        4.743442039037526,
        -0.004522969191904659,
        3.1136912417122122
      ],
      "high_plane_intersection": [
        3.1496222863491132,
        -0.1056369524180325,
        10.24474999683865
      ],
      "penetration_segments": {
        "n1_to_low_plane": 0.7130435937065509,
        "low_plane_to_high_plane": 7.307700350365292,
        "high_plane_to_n2": 0.6836995937737674,
        "total_calculated": 8.70444353784561,
        "molecular_length": 8.704443537845611,
        "length_difference": 1.7763568394002505e-15
      },
      "penetration_parameters": {
        "t_low_plane": 0.7130435937065511,
        "t_high_plane": 8.020743944071842
      }
    },
    "comparative_analysis": {
      "molecule_1": {
        "id": "molecule_1",
        "segments": {
          "n1_to_low_plane": 0.22625300230154613,
          "low_plane_to_high_plane": 8.538116030748718,
          "high_plane_to_n2": 1.0137866161878193,
          "total_calculated": 9.778155649238082,
          "molecular_length": 9.778155649238082,
          "length_difference": 0.0
        }
      },
      "molecule_2": {
        "id": "molecule_2",
        "segments": {
          "n1_to_low_plane": 0.7130435937065509,
          "low_plane_to_high_plane": 7.307700350365292,
          "high_plane_to_n2": 0.6836995937737674,
          "total_calculated": 8.70444353784561,
          "molecular_length": 8.704443537845611,
          "length_difference": 1.7763568394002505e-15
        }
      },
      "penetration_comparison": {
        "n1_to_low_diff": 0.4867905914050048,
        "low_to_high_diff": 1.2304156803834259,
        "high_to_n2_diff": 0.33008702241405186
      }
    },
    "plane_reference": {
      "plane_analysis": {
        "low_plane": {
          "normal_vector": [
            0.06021591682520109,
            0.08907218866846524,
            0.9942032933795331
          ],
          "center_position": [
            2.9937858547610254,
            2.802528714999532,
            2.968174638704831
          ],
          "angle_vs_z_axis_degrees": 10.609940072177935
        },
        "high_plane": {
          "normal_vector": [
            0.025972090197276393,
            0.057550193221121745,
            0.9980047223290058
          ],
          "center_position": [
            4.535181208080058,
            5.1874446845779305,
            9.903465306884204
          ],
          "angle_vs_z_axis_degrees": 7.939644115075524
        }
      },
      "vector_analysis_results": {
        "angle_between_planes_degrees": 2.6758559142762848,
        "distance_between_plane_centers_angstrom": 7.494129733953067,
        "angle_between_low_plane_and_z": 10.609940072177935,
        "angle_between_high_plane_and_z": 7.939644115075524
      }
    }
  }
}