{
  "experiment": {
    "name": "CONTCAR",
    "file_path": "/home/dotempo/Documents/DION-JACOBSON/BULKS/MAPbBr3/MAPbBr3_n2_[NH3+]CCC1CCC(CC[NH3+])CC1/CONTCAR",
    "timestamp": "2025-08-06 13:14:34.062614"
  },
  "salt_structure_info": {
    "total_atoms": 76,
    "halogen_symbol": "Br"
  },
  "vector_analysis": {
    "plane_analysis": {
      "low_plane": {
        "normal_vector": [
          0.06021591682520109,
          0.08907218866846524,
          0.9942032933795331
        ],
        "center_position": [
          2.9937858547610254,
          2.802528714999532,
          2.968174638704831
        ],
        "angle_vs_z_axis_degrees": 10.609940072177935
      },
      "high_plane": {
        "normal_vector": [
          0.025972090197276393,
          0.057550193221121745,
          0.9980047223290058
        ],
        "center_position": [
          4.535181208080058,
          5.1874446845779305,
          9.903465306884204
        ],
        "angle_vs_z_axis_degrees": 7.939644115075524
      }
    },
    "vector_analysis_results": {
      "angle_between_planes_degrees": 2.6758559142762848,
      "distance_between_plane_centers_angstrom": 7.494129733953067,
      "angle_between_low_plane_and_z": 10.609940072177935,
      "angle_between_high_plane_and_z": 7.939644115075524
    }
  }
}