{
  "experiment": {
    "name": "CONTCAR",
    "file_path": "/home/dotempo/Documents/DION-JACOBSON/BULKS/MAPbBr3/MAPbBr3_n2_CC(C)(CCC[NH3+])CCC[NH3+]/CONTCAR",
    "timestamp": "2025-08-06 13:15:15.076498"
  },
  "salt_structure_info": {
    "total_atoms": 74,
    "halogen_symbol": "Br"
  },
  "vector_analysis": {
    "plane_analysis": {
      "low_plane": {
        "normal_vector": [
          -0.0729810867389133,
          0.004077492327404511,
          0.9973249896772501
        ],
        "center_position": [
          5.7035088976602655,
          2.2723059686695097,
          3.3546599175023797
        ],
        "angle_vs_z_axis_degrees": 5.902680683508545
      },
      "high_plane": {
        "normal_vector": [
          0.04727221249323178,
          -0.02572817425354302,
          0.9985506491788858
        ],
        "center_position": [
          5.6366413842522585,
          4.446919490309657,
          11.318085530343069
        ],
        "angle_vs_z_axis_degrees": 3.6926945473762753
      }
    },
    "vector_analysis_results": {
      "angle_between_planes_degrees": 7.103385853496303,
      "distance_between_plane_centers_angstrom": 8.25527484243236,
      "angle_between_low_plane_and_z": 5.902680683508545,
      "angle_between_high_plane_and_z": 3.6926945473762753
    }
  }
}