{
  "experiment": {
    "name": "CONTCAR",
    "file_path": "/home/dotempo/Documents/DION-JACOBSON/BULKS/MAPbBr3/MAPbBr3_n2_CC(C)(CCC[NH3+])CCC[NH3+]/CONTCAR",
    "timestamp": "2025-08-06 13:15:15.103343"
  },
  "analysis_parameters": {
    "halogen_symbol": "Br",
    "central_metal": "Pb",
    "total_spacer_molecules": 4,
    "analyzed_molecules": 2
  },
  "penetration_analysis": {
    "molecule_1": {
      "formula": "C9H24N2",
      "n1_position": [
        0.04411236429438322,
        5.136880931920074,
        2.617273375726698
      ],
      "n2_position": [
        7.69096468563706,
        2.6294421249721744,
        12.188100692405557
      ],
      "molecular_vector": [
        7.646852321342677,
        -2.5074388069478997,
        9.570827316678859
      ],
      "molecular_vector_length": 12.504492605487775,
      "low_plane_intersection": [
        0.30878137045143156,
        5.050094721183107,
        2.948534036657227
      ],
      "high_plane_intersection": [
        6.915301376514935,
        2.883785768694712,
        11.217277760887502
      ],
      "penetration_segments": {
        "n1_to_low_plane": 0.43279920826449286,
        "low_plane_to_high_plane": 10.8032922688015,
        "high_plane_to_n2": 1.2684011284217835,
        "total_calculated": 12.504492605487776,
        "molecular_length": 12.504492605487775,
        "length_difference": 1.7763568394002505e-15
      },
      "penetration_parameters": {
        "t_low_plane": 0.4327992082644928,
        "t_high_plane": 11.23609147706599
      }
    },
    "molecule_2": {
      "formula": "C9H24N2",
      "n1_position": [
        4.487984832689652,
        1.0832229791678165,
        2.830278876257766
      ],
      "n2_position": [
        3.842986971122183,
        6.345904084562,
        11.88787645281708
      ],
      "molecular_vector": [
        -0.6449978615674694,
        5.262681105394184,
        9.057597576559314
      ],
      "molecular_vector_length": 10.495327937582166,
      "low_plane_intersection": [
        4.456867238245303,
        1.337118357874374,
        3.2672580738981054
      ],
      "high_plane_intersection": [
        3.874611280561895,
        6.087874305432101,
        11.443781540865913
      ],
      "penetration_segments": {
        "n1_to_low_plane": 0.5063417691470296,
        "low_plane_to_high_plane": 9.47439919358416,
        "high_plane_to_n2": 0.5145869748509747,
        "total_calculated": 10.495327937582164,
        "molecular_length": 10.495327937582166,
        "length_difference": 1.7763568394002505e-15
      },
      "penetration_parameters": {
        "t_low_plane": 0.5063417691470299,
        "t_high_plane": 9.980740962731192
      }
    },
    "comparative_analysis": {
      "molecule_1": {
        "id": "molecule_1",
        "segments": {
          "n1_to_low_plane": 0.43279920826449286,
          "low_plane_to_high_plane": 10.8032922688015,
          "high_plane_to_n2": 1.2684011284217835,
          "total_calculated": 12.504492605487776,
          "molecular_length": 12.504492605487775,
          "length_difference": 1.7763568394002505e-15
        }
      },
      "molecule_2": {
        "id": "molecule_2",
        "segments": {
          "n1_to_low_plane": 0.5063417691470296,
          "low_plane_to_high_plane": 9.47439919358416,
          "high_plane_to_n2": 0.5145869748509747,
          "total_calculated": 10.495327937582164,
          "molecular_length": 10.495327937582166,
          "length_difference": 1.7763568394002505e-15
        }
      },
      "penetration_comparison": {
        "n1_to_low_diff": 0.07354256088253669,
        "low_to_high_diff": 1.328893075217339,
        "high_to_n2_diff": 0.7538141535708088
      }
    },
    "plane_reference": {
      "plane_analysis": {
        "low_plane": {
          "normal_vector": [
            -0.0729810867389133,
            0.004077492327404511,
            0.9973249896772501
          ],
          "center_position": [
            5.7035088976602655,
            2.2723059686695097,
            3.3546599175023797
          ],
          "angle_vs_z_axis_degrees": 5.902680683508545
        },
        "high_plane": {
          "normal_vector": [
            0.04727221249323178,
            -0.02572817425354302,
            0.9985506491788858
          ],
          "center_position": [
            5.6366413842522585,
            4.446919490309657,
            11.318085530343069
          ],
          "angle_vs_z_axis_degrees": 3.6926945473762753
        }
      },
      "vector_analysis_results": {
        "angle_between_planes_degrees": 7.103385853496303,
        "distance_between_plane_centers_angstrom": 8.25527484243236,
        "angle_between_low_plane_and_z": 5.902680683508545,
        "angle_between_high_plane_and_z": 3.6926945473762753
      }
    }
  }
}