dihedral,ideal_angle,extracted_angle,error
N1-C1-C2-C3,179.51208390561942,178.77347251829087,0.7386113873285467
C1-C2-C3-N2,180.47452043154126,181.19893284754787,0.7244124160066008
