{
  "experiment": {
    "name": "CONTCAR",
    "file_path": "/home/dotempo/Documents/DION-JACOBSON/BULKS/MAPbCl3/MAPbCl3_n1_[NH3+]CC1CCC(C[NH3+])CC1/CONTCAR",
    "timestamp": "2025-08-06 13:13:10.348468"
  },
  "analysis_parameters": {
    "halogen_symbol": "Cl",
    "central_metal": "Pb",
    "total_spacer_molecules": 2,
    "analyzed_molecules": 2
  },
  "penetration_analysis": {
    "molecule_0": {
      "formula": "C8H20N2",
      "n1_position": [
        7.784062389991223,
        5.125723025226872,
        3.620913963205422
      ],
      "n2_position": [
        0.8625577030026639,
        3.3749202681492276,
        10.066325832414753
      ],
      "molecular_vector": [
        -6.921504686988559,
        -1.7508027570776443,
        6.445411869209331
      ],
      "molecular_vector_length": 9.618517120114712,
      "low_plane_intersection": [
        7.271717703018404,
        4.9961248336353306,
        4.098017234225197
      ],
      "high_plane_intersection": [
        1.2866293137102902,
        3.482189681203444,
        9.671423810866187
      ],
      "penetration_segments": {
        "n1_to_low_plane": 0.7119833570743367,
        "low_plane_to_high_plane": 8.317219700245076,
        "high_plane_to_n2": 0.5893140627952981,
        "total_calculated": 9.61851712011471,
        "molecular_length": 9.618517120114712,
        "length_difference": 1.7763568394002505e-15
      },
      "penetration_parameters": {
        "t_low_plane": 0.7119833570743368,
        "t_high_plane": 9.029203057319414
      }
    },
    "molecule_1": {
      "formula": "C8H20N2",
      "n1_position": [
        4.020939157555936,
        7.752321549301707,
        3.69822993717721
      ],
      "n2_position": [
        3.5955576602025334,
        -0.012669899041889714,
        10.122322034974376
      ],
      "molecular_vector": [
        -0.42538149735340225,
        -7.764991448343596,
        6.424092097797166
      ],
      "molecular_vector_length": 10.08687270129448,
      "low_plane_intersection": [
        3.990896438952913,
        7.203916283701595,
        4.151933712199853
      ],
      "high_plane_intersection": [
        3.6292098869444906,
        0.6016239865521156,
        9.614107631594528
      ],
      "penetration_segments": {
        "n1_to_low_plane": 0.7123889497660576,
        "low_plane_to_high_plane": 8.576504221687207,
        "high_plane_to_n2": 0.7979795298412155,
        "total_calculated": 10.08687270129448,
        "molecular_length": 10.08687270129448,
        "length_difference": 0.0
      },
      "penetration_parameters": {
        "t_low_plane": 0.7123889497660576,
        "t_high_plane": 9.288893171453264
      }
    },
    "comparative_analysis": {
      "molecule_1": {
        "id": "molecule_0",
        "segments": {
          "n1_to_low_plane": 0.7119833570743367,
          "low_plane_to_high_plane": 8.317219700245076,
          "high_plane_to_n2": 0.5893140627952981,
          "total_calculated": 9.61851712011471,
          "molecular_length": 9.618517120114712,
          "length_difference": 1.7763568394002505e-15
        }
      },
      "molecule_2": {
        "id": "molecule_1",
        "segments": {
          "n1_to_low_plane": 0.7123889497660576,
          "low_plane_to_high_plane": 8.576504221687207,
          "high_plane_to_n2": 0.7979795298412155,
          "total_calculated": 10.08687270129448,
          "molecular_length": 10.08687270129448,
          "length_difference": 0.0
        }
      },
      "penetration_comparison": {
        "n1_to_low_diff": 0.00040559269172091295,
        "low_to_high_diff": 0.2592845214421313,
        "high_to_n2_diff": 0.20866546704591737
      }
    },
    "plane_reference": {
      "plane_analysis": {
        "low_plane": {
          "normal_vector": [
            0.03329452868138125,
            0.02507654252764723,
            0.9991309430573871
          ],
          "center_position": [
            2.7322797201992306,
            2.3082691364754444,
            4.316747899442699
          ],
          "angle_vs_z_axis_degrees": 4.168685085928928
        },
        "high_plane": {
          "normal_vector": [
            0.055426802288049,
            0.02521446782106719,
            0.9981443283416592
          ],
          "center_position": [
            2.278142857616935,
            1.7096752514046363,
            9.661141312814479
          ],
          "angle_vs_z_axis_degrees": 5.066245117738647
        }
      },
      "vector_analysis_results": {
        "angle_between_planes_degrees": 1.269395778663192,
        "distance_between_plane_centers_angstrom": 5.39695246283418,
        "angle_between_low_plane_and_z": 4.168685085928928,
        "angle_between_high_plane_and_z": 5.066245117738647
      }
    }
  }
}