{
  "experiment": {
    "name": "CONTCAR",
    "file_path": "/home/dotempo/Documents/DION-JACOBSON/BULKS/MAPbCl3/MAPbCl3_n1_[NH3+]CC1CCC(C[NH3+])CC1/CONTCAR",
    "timestamp": "2025-08-06 13:13:10.324649"
  },
  "salt_structure_info": {
    "total_atoms": 64,
    "halogen_symbol": "Cl"
  },
  "vector_analysis": {
    "plane_analysis": {
      "low_plane": {
        "normal_vector": [
          0.03329452868138125,
          0.02507654252764723,
          0.9991309430573871
        ],
        "center_position": [
          2.7322797201992306,
          2.3082691364754444,
          4.316747899442699
        ],
        "angle_vs_z_axis_degrees": 4.168685085928928
      },
      "high_plane": {
        "normal_vector": [
          0.055426802288049,
          0.02521446782106719,
          0.9981443283416592
        ],
        "center_position": [
          2.278142857616935,
          1.7096752514046363,
          9.661141312814479
        ],
        "angle_vs_z_axis_degrees": 5.066245117738647
      }
    },
    "vector_analysis_results": {
      "angle_between_planes_degrees": 1.269395778663192,
      "distance_between_plane_centers_angstrom": 5.39695246283418,
      "angle_between_low_plane_and_z": 4.168685085928928,
      "angle_between_high_plane_and_z": 5.066245117738647
    }
  }
}