{
  "experiment": {
    "name": "CONTCAR",
    "file_path": "/home/dotempo/Documents/DION-JACOBSON/BULKS/MAPbI3/MAPbI3_n2_CC(C)(C[NH3+])C[NH3+]/CONTCAR",
    "timestamp": "2025-08-06 13:15:21.830786"
  },
  "salt_structure_info": {
    "total_atoms": 50,
    "halogen_symbol": "I"
  },
  "vector_analysis": {
    "plane_analysis": {
      "low_plane": {
        "normal_vector": [
          0.0018735814876829847,
          -0.02254742180954741,
          0.9997440189679313
        ],
        "center_position": [
          2.4058343498011276,
          2.2014541706289457,
          5.217850523809439
        ],
        "angle_vs_z_axis_degrees": 1.7909216327658022
      },
      "high_plane": {
        "normal_vector": [
          0.0015058766589421835,
          0.022646438420496618,
          0.9997424024029162
        ],
        "center_position": [
          6.323782685371256,
          2.1986711795730605,
          9.55360133494821
        ],
        "angle_vs_z_axis_degrees": 1.8189206741956476
      }
    },
    "vector_analysis_results": {
      "angle_between_planes_degrees": 2.5897235985886433,
      "distance_between_plane_centers_angstrom": 5.843719877058318,
      "angle_between_low_plane_and_z": 1.7909216327658022,
      "angle_between_high_plane_and_z": 1.8189206741956476
    }
  }
}