{
  "experiment": {
    "name": "CONTCAR",
    "file_path": "/home/dotempo/Documents/DION-JACOBSON/BULKS/MAPbI3/MAPbI3_n1_CC(C)(CCC[NH3+])C(C)(C)CCC[NH3+]/CONTCAR",
    "timestamp": "2025-08-06 13:16:11.207930"
  },
  "salt_structure_info": {
    "total_atoms": 92,
    "halogen_symbol": "I"
  },
  "vector_analysis": {
    "plane_analysis": {
      "low_plane": {
        "normal_vector": [
          0.010543815835138566,
          0.04007134827185922,
          0.9991411887192471
        ],
        "center_position": [
          2.3147844809795077,
          2.333522885365298,
          4.712712212225364
        ],
        "angle_vs_z_axis_degrees": 4.625356620301532
      },
      "high_plane": {
        "normal_vector": [
          0.01499875944741352,
          0.04590175644363033,
          0.9988333524519634
        ],
        "center_position": [
          5.328829784649152,
          6.295273849865442,
          14.572705981177851
        ],
        "angle_vs_z_axis_degrees": 5.033160651119854
      }
    },
    "vector_analysis_results": {
      "angle_between_planes_degrees": 0.42078352678676123,
      "distance_between_plane_centers_angstrom": 11.045334622412883,
      "angle_between_low_plane_and_z": 4.625356620301532,
      "angle_between_high_plane_and_z": 5.033160651119854
    }
  }
}