{
  "experiment": {
    "name": "CONTCAR",
    "file_path": "/home/dotempo/Documents/DION-JACOBSON/BULKS/MAPbI3/MAPbI3_n3_[NH3+]CC1CCC(C[NH3+])CC1/CONTCAR",
    "timestamp": "2025-08-06 13:15:38.977585"
  },
  "analysis_parameters": {
    "halogen_symbol": "I",
    "central_metal": "Pb",
    "total_spacer_molecules": 6,
    "analyzed_molecules": 2
  },
  "penetration_analysis": {
    "molecule_0": {
      "formula": "C8H20N2",
      "n1_position": [
        5.210332776526282,
        8.593602816067978,
        4.840863886452519
      ],
      "n2_position": [
        4.6243943571405515,
        8.670991344296668,
        11.114270296505588
      ],
      "molecular_vector": [
        -0.5859384193857302,
        0.07738852822869013,
        6.273406410053068
      ],
      "molecular_vector_length": 6.30118566630984,
      "low_plane_intersection": [
        5.1575186852937795,
        8.600578301298157,
        5.406323067003353
      ],
      "high_plane_intersection": [
        4.678454654072628,
        8.663851264935486,
        10.535468493990908
      ],
      "penetration_segments": {
        "n1_to_low_plane": 0.5679630890261547,
        "low_plane_to_high_plane": 5.151857783860563,
        "high_plane_to_n2": 0.5813647934231224,
        "total_calculated": 6.3011856663098404,
        "molecular_length": 6.30118566630984,
        "length_difference": 8.881784197001252e-16
      },
      "penetration_parameters": {
        "t_low_plane": 0.5679630890261548,
        "t_high_plane": 5.719820872886717
      }
    },
    "molecule_1": {
      "formula": "C8H20N2",
      "n1_position": [
        8.261453077363889,
        3.9488524597384873,
        4.8899643247878934
      ],
      "n2_position": [
        0.41888399840529605,
        5.277416200372026,
        11.280185970464139
      ],
      "molecular_vector": [
        -7.842569078958593,
        1.3285637406335389,
        6.390221645676245
      ],
      "molecular_vector_length": 10.20323007934413,
      "low_plane_intersection": [
        7.570591321122711,
        4.065887307616973,
        5.452886972258984
      ],
      "high_plane_intersection": [
        1.4292180030537676,
        5.106261428129551,
        10.456953409696597
      ],
      "penetration_segments": {
        "n1_to_low_plane": 0.8988153474938257,
        "low_plane_to_high_plane": 7.989964045777117,
        "high_plane_to_n2": 1.3144506860731882,
        "total_calculated": 10.20323007934413,
        "molecular_length": 10.20323007934413,
        "length_difference": 0.0
      },
      "penetration_parameters": {
        "t_low_plane": 0.8988153474938262,
        "t_high_plane": 8.888779393270942
      }
    },
    "comparative_analysis": {
      "molecule_1": {
        "id": "molecule_0",
        "segments": {
          "n1_to_low_plane": 0.5679630890261547,
          "low_plane_to_high_plane": 5.151857783860563,
          "high_plane_to_n2": 0.5813647934231224,
          "total_calculated": 6.3011856663098404,
          "molecular_length": 6.30118566630984,
          "length_difference": 8.881784197001252e-16
        }
      },
      "molecule_2": {
        "id": "molecule_1",
        "segments": {
          "n1_to_low_plane": 0.8988153474938257,
          "low_plane_to_high_plane": 7.989964045777117,
          "high_plane_to_n2": 1.3144506860731882,
          "total_calculated": 10.20323007934413,
          "molecular_length": 10.20323007934413,
          "length_difference": 0.0
        }
      },
      "penetration_comparison": {
        "n1_to_low_diff": 0.3308522584676711,
        "low_to_high_diff": 2.838106261916554,
        "high_to_n2_diff": 0.7330858926500657
      }
    },
    "plane_reference": {
      "plane_analysis": {
        "low_plane": {
          "normal_vector": [
            -0.017288546294170266,
            0.0010669748888192283,
            0.9998499726117019
          ],
          "center_position": [
            2.322777588114784,
            1.9333668303170848,
            5.364421975219405
          ],
          "angle_vs_z_axis_degrees": 0.8015030808933695
        },
        "high_plane": {
          "normal_vector": [
            -0.020208816220883774,
            -0.0036078674507569134,
            0.9997892713164153
          ],
          "center_position": [
            6.178812540829828,
            6.894961193561466,
            10.559412075476867
          ],
          "angle_vs_z_axis_degrees": 1.097907963560737
        }
      },
      "vector_analysis_results": {
        "angle_between_planes_degrees": 0.3158337998717718,
        "distance_between_plane_centers_angstrom": 8.153180135610372,
        "angle_between_low_plane_and_z": 0.8015030808933695,
        "angle_between_high_plane_and_z": 1.097907963560737
      }
    }
  }
}