{
  "experiment": {
    "name": "CONTCAR",
    "file_path": "/home/dotempo/Documents/DION-JACOBSON/BULKS/MAPbI3/MAPbI3_n3_[NH3+]CCCC1=CC=C(CCC[NH3+])C=C1/CONTCAR",
    "timestamp": "2025-08-06 13:15:43.152721"
  },
  "analysis_parameters": {
    "halogen_symbol": "I",
    "central_metal": "Pb",
    "total_spacer_molecules": 6,
    "analyzed_molecules": 2
  },
  "penetration_analysis": {
    "molecule_0": {
      "formula": "C12H22N2",
      "n1_position": [
        0.818477233566856,
        5.089478588152398,
        4.715812283876329
      ],
      "n2_position": [
        -0.0696270751320054,
        5.886939672373649,
        15.282867626941679
      ],
      "molecular_vector": [
        -0.8881043086988614,
        0.7974610842212515,
        10.567055343065348
      ],
      "molecular_vector_length": 10.634252774284743,
      "low_plane_intersection": [
        0.7497524062964032,
        5.151189104283445,
        5.533530479921843
      ],
      "high_plane_intersection": [
        -0.02497974379402701,
        5.846849213507919,
        14.751634058376066
      ],
      "penetration_segments": {
        "n1_to_low_plane": 0.8229181841644063,
        "low_plane_to_high_plane": 9.276722830561473,
        "high_plane_to_n2": 0.534611759558863,
        "total_calculated": 10.634252774284743,
        "molecular_length": 10.634252774284743,
        "length_difference": 0.0
      },
      "penetration_parameters": {
        "t_low_plane": 0.8229181841644068,
        "t_high_plane": 10.09964101472588
      }
    },
    "molecule_5": {
      "formula": "C12H22N2",
      "n1_position": [
        5.167048743005484,
        7.911155189467086,
        4.682141485971971
      ],
      "n2_position": [
        4.334874596016095,
        8.398514291604922,
        15.202916501421154
      ],
      "molecular_vector": [
        -0.8321741469893889,
        0.4873591021378356,
        10.520775015449182
      ],
      "molecular_vector_length": 10.564882376583936,
      "low_plane_intersection": [
        5.100702734819678,
        7.950010435207226,
        5.52092195977214
      ],
      "high_plane_intersection": [
        4.372970533508862,
        8.376203574600863,
        14.721287999966254
      ],
      "penetration_segments": {
        "n1_to_low_plane": 0.8422969821578103,
        "low_plane_to_high_plane": 9.238937710713715,
        "high_plane_to_n2": 0.4836476837124108,
        "total_calculated": 10.564882376583936,
        "molecular_length": 10.564882376583936,
        "length_difference": 0.0
      },
      "penetration_parameters": {
        "t_low_plane": 0.8422969821578103,
        "t_high_plane": 10.081234692871526
      }
    },
    "comparative_analysis": {
      "molecule_1": {
        "id": "molecule_0",
        "segments": {
          "n1_to_low_plane": 0.8229181841644063,
          "low_plane_to_high_plane": 9.276722830561473,
          "high_plane_to_n2": 0.534611759558863,
          "total_calculated": 10.634252774284743,
          "molecular_length": 10.634252774284743,
          "length_difference": 0.0
        }
      },
      "molecule_2": {
        "id": "molecule_5",
        "segments": {
          "n1_to_low_plane": 0.8422969821578103,
          "low_plane_to_high_plane": 9.238937710713715,
          "high_plane_to_n2": 0.4836476837124108,
          "total_calculated": 10.564882376583936,
          "molecular_length": 10.564882376583936,
          "length_difference": 0.0
        }
      },
      "penetration_comparison": {
        "n1_to_low_diff": 0.01937879799340403,
        "low_to_high_diff": 0.0377851198477579,
        "high_to_n2_diff": 0.050964075846452184
      }
    },
    "plane_reference": {
      "plane_analysis": {
        "low_plane": {
          "normal_vector": [
            0.02557431516688552,
            -0.03525627696031683,
            0.9990510243919688
          ],
          "center_position": [
            2.2405358600463465,
            6.519338526626982,
            5.54365017232856
          ],
          "angle_vs_z_axis_degrees": 4.41537391822739
        },
        "high_plane": {
          "normal_vector": [
            0.036880729880573566,
            -0.052153835089854085,
            0.9979578093531292
          ],
          "center_position": [
            5.462637504892681,
            2.815237208175402,
            14.390398825142107
          ],
          "angle_vs_z_axis_degrees": 5.559136127051005
        }
      },
      "vector_analysis_results": {
        "angle_between_planes_degrees": 1.1666016246598834,
        "distance_between_plane_centers_angstrom": 10.117671041951033,
        "angle_between_low_plane_and_z": 4.41537391822739,
        "angle_between_high_plane_and_z": 5.559136127051005
      }
    }
  }
}