{
  "experiment": {
    "name": "CONTCAR",
    "file_path": "/home/dotempo/Documents/DION-JACOBSON/BULKS/MAPbBr3/MAPbBr3_n2_[NH3+]C1=CC=C([NH3+])C=C1/CONTCAR",
    "timestamp": "2025-08-06 13:15:09.896869"
  },
  "salt_structure_info": {
    "total_atoms": 40,
    "halogen_symbol": "Br"
  },
  "vector_analysis": {
    "plane_analysis": {
      "low_plane": {
        "normal_vector": [
          -0.0224480526138538,
          -0.00677448407233868,
          0.9997250578531076
        ],
        "center_position": [
          5.876446225749373,
          6.152989732020298,
          3.4727050475088506
        ],
        "angle_vs_z_axis_degrees": 2.177831653208374
      },
      "high_plane": {
        "normal_vector": [
          0.01650169695933967,
          0.005998235350255969,
          0.9998458457032989
        ],
        "center_position": [
          5.966534815338645,
          2.3865554238143893,
          8.014040054150328
        ],
        "angle_vs_z_axis_degrees": 1.2809658956214305
      }
    },
    "vector_analysis_results": {
      "angle_between_planes_degrees": 2.3487602823646694,
      "distance_between_plane_centers_angstrom": 5.900666656789897,
      "angle_between_low_plane_and_z": 2.177831653208374,
      "angle_between_high_plane_and_z": 1.2809658956214305
    }
  }
}