{
  "experiment": {
    "name": "CONTCAR",
    "file_path": "/home/dotempo/Documents/DION-JACOBSON/BULKS/MAPbI3/MAPbI3_n1_CC(C)(CC[NH3+])CC[NH3+]/CONTCAR",
    "timestamp": "2025-08-06 13:15:59.674517"
  },
  "analysis_parameters": {
    "halogen_symbol": "I",
    "central_metal": "Pb",
    "total_spacer_molecules": 2,
    "analyzed_molecules": 2
  },
  "penetration_analysis": {
    "molecule_0": {
      "formula": "C7H20N2",
      "n1_position": [
        0.7653489410116623,
        5.038095308352239,
        4.112193467487902
      ],
      "n2_position": [
        0.7649227725372255,
        5.042287985957419,
        11.314964174927441
      ],
      "molecular_vector": [
        -0.0004261684744367722,
        0.004192677605179718,
        7.202770707439539
      ],
      "molecular_vector_length": 7.2027719403097965,
      "low_plane_intersection": [
        0.7653129500699541,
        5.038449389952217,
        4.720484592285516
      ],
      "high_plane_intersection": [
        0.7649590161705951,
        5.041931418357809,
        10.702402250652826
      ],
      "penetration_segments": {
        "n1_to_low_plane": 0.6082912289164403,
        "low_plane_to_high_plane": 5.981918682268898,
        "high_plane_to_n2": 0.6125620291244583,
        "total_calculated": 7.202771940309796,
        "molecular_length": 7.2027719403097965,
        "length_difference": 8.881784197001252e-16
      },
      "penetration_parameters": {
        "t_low_plane": 0.6082912289164406,
        "t_high_plane": 6.590209911185338
      }
    },
    "molecule_1": {
      "formula": "C7H20N2",
      "n1_position": [
        5.114144884450835,
        7.758816894091189,
        4.110511796749791
      ],
      "n2_position": [
        5.1168017770298455,
        7.761901309492263,
        11.31324268220307
      ],
      "molecular_vector": [
        0.0026568925790106945,
        0.003084415401073848,
        7.2027308854532786
      ],
      "molecular_vector_length": 7.202732035898539,
      "low_plane_intersection": [
        5.1143697959263035,
        7.759077996261556,
        4.72023792705985
      ],
      "high_plane_intersection": [
        5.116576365641443,
        7.76163962696755,
        10.702161307664245
      ],
      "penetration_segments": {
        "n1_to_low_plane": 0.6097262276976398,
        "low_plane_to_high_plane": 5.981924336058029,
        "high_plane_to_n2": 0.6110814721428706,
        "total_calculated": 7.2027320358985385,
        "molecular_length": 7.202732035898539,
        "length_difference": 8.881784197001252e-16
      },
      "penetration_parameters": {
        "t_low_plane": 0.6097262276976402,
        "t_high_plane": 6.591650563755669
      }
    },
    "comparative_analysis": {
      "molecule_1": {
        "id": "molecule_0",
        "segments": {
          "n1_to_low_plane": 0.6082912289164403,
          "low_plane_to_high_plane": 5.981918682268898,
          "high_plane_to_n2": 0.6125620291244583,
          "total_calculated": 7.202771940309796,
          "molecular_length": 7.2027719403097965,
          "length_difference": 8.881784197001252e-16
        }
      },
      "molecule_2": {
        "id": "molecule_1",
        "segments": {
          "n1_to_low_plane": 0.6097262276976398,
          "low_plane_to_high_plane": 5.981924336058029,
          "high_plane_to_n2": 0.6110814721428706,
          "total_calculated": 7.2027320358985385,
          "molecular_length": 7.202732035898539,
          "length_difference": 8.881784197001252e-16
        }
      },
      "penetration_comparison": {
        "n1_to_low_diff": 0.0014349987811995701,
        "low_to_high_diff": 5.6537891310881605e-06,
        "high_to_n2_diff": 0.0014805569815877773
      }
    },
    "plane_reference": {
      "plane_analysis": {
        "low_plane": {
          "normal_vector": [
            -1.1039099980329443e-05,
            0.00010831132807341632,
            0.9999999940733971
          ],
          "center_position": [
            6.44617102509009,
            6.39817891561559,
            4.720400029734533
          ],
          "angle_vs_z_axis_degrees": 0.013477339486736545
        },
        "high_plane": {
          "normal_vector": [
            -1.1875216934789858e-05,
            0.00010759219914975144,
            0.9999999941414489
          ],
          "center_position": [
            6.446870762477717,
            6.401550400755594,
            10.702323440190632
          ],
          "angle_vs_z_axis_degrees": 0.013540432480713396
        }
      },
      "vector_analysis_results": {
        "angle_between_planes_degrees": 6.319655367554687e-05,
        "distance_between_plane_centers_angstrom": 5.981924401487133,
        "angle_between_low_plane_and_z": 0.013477339486736545,
        "angle_between_high_plane_and_z": 0.013540432480713396
      }
    }
  }
}