{
  "experiment": {
    "name": "CONTCAR",
    "file_path": "/home/dotempo/Documents/DION-JACOBSON/BULKS/MAPbI3/MAPbI3_n3_[NH3+]CC1=CC=C(C[NH3+])C=C1/CONTCAR",
    "timestamp": "2025-08-06 13:15:30.955395"
  },
  "analysis_parameters": {
    "halogen_symbol": "I",
    "central_metal": "Pb",
    "total_spacer_molecules": 6,
    "analyzed_molecules": 2
  },
  "penetration_analysis": {
    "molecule_0": {
      "formula": "C8H14N2",
      "n1_position": [
        3.7536124865705354,
        0.7788224329353267,
        4.72075188170588
      ],
      "n2_position": [
        5.063085598181131,
        7.963389711105354,
        11.767649977961241
      ],
      "molecular_vector": [
        1.309473111610596,
        7.184567278170028,
        7.046898096255362
      ],
      "molecular_vector_length": 10.148472770993184,
      "low_plane_intersection": [
        3.9000934910534584,
        1.5825064661164867,
        5.509035888819762
      ],
      "high_plane_intersection": [
        4.91735161118163,
        7.163804270953733,
        10.983386027490845
      ],
      "penetration_segments": {
        "n1_to_low_plane": 1.1352340664973812,
        "low_plane_to_high_plane": 7.8837940555303625,
        "high_plane_to_n2": 1.12944464896544,
        "total_calculated": 10.148472770993184,
        "molecular_length": 10.148472770993184,
        "length_difference": 0.0
      },
      "penetration_parameters": {
        "t_low_plane": 1.1352340664973815,
        "t_high_plane": 9.019028122027745
      }
    },
    "molecule_4": {
      "formula": "C8H14N2",
      "n1_position": [
        8.080417806139469,
        3.6285909433053942,
        4.701948306752299
      ],
      "n2_position": [
        0.7368157746403581,
        5.121901982934126,
        11.786201754467033
      ],
      "molecular_vector": [
        -7.343602031499111,
        1.4933110396287321,
        7.084253447714734
      ],
      "molecular_vector_length": 10.31237681475871,
      "low_plane_intersection": [
        7.253717833158178,
        3.7966992082710713,
        5.499452325719791
      ],
      "high_plane_intersection": [
        1.5591844223123879,
        4.954674486816325,
        10.992876094583227
      ],
      "penetration_segments": {
        "n1_to_low_plane": 1.160907358210094,
        "low_plane_to_high_plane": 7.996644434841073,
        "high_plane_to_n2": 1.1548250217075433,
        "total_calculated": 10.31237681475871,
        "molecular_length": 10.31237681475871,
        "length_difference": 0.0
      },
      "penetration_parameters": {
        "t_low_plane": 1.1609073582100942,
        "t_high_plane": 9.157551793051168
      }
    },
    "comparative_analysis": {
      "molecule_1": {
        "id": "molecule_0",
        "segments": {
          "n1_to_low_plane": 1.1352340664973812,
          "low_plane_to_high_plane": 7.8837940555303625,
          "high_plane_to_n2": 1.12944464896544,
          "total_calculated": 10.148472770993184,
          "molecular_length": 10.148472770993184,
          "length_difference": 0.0
        }
      },
      "molecule_2": {
        "id": "molecule_4",
        "segments": {
          "n1_to_low_plane": 1.160907358210094,
          "low_plane_to_high_plane": 7.996644434841073,
          "high_plane_to_n2": 1.1548250217075433,
          "total_calculated": 10.31237681475871,
          "molecular_length": 10.31237681475871,
          "length_difference": 0.0
        }
      },
      "penetration_comparison": {
        "n1_to_low_diff": 0.02567329171271271,
        "low_to_high_diff": 0.11285037931071074,
        "high_to_n2_diff": 0.025380372742103363
      }
    },
    "plane_reference": {
      "plane_analysis": {
        "low_plane": {
          "normal_vector": [
            0.00025352663599430937,
            0.003944216319827428,
            0.9999921894104309
          ],
          "center_position": [
            2.4059079287019984,
            2.2025027474494205,
            5.506969289066509
          ],
          "angle_vs_z_axis_degrees": 0.35258117726992305
        },
        "high_plane": {
          "normal_vector": [
            0.0002364296428937274,
            0.003936402059543401,
            0.9999922243896947
          ],
          "center_position": [
            6.409889008700334,
            6.54367165378213,
            10.985474254955612
          ],
          "angle_vs_z_axis_degrees": 0.3515613777641129
        }
      },
      "vector_analysis_results": {
        "angle_between_planes_degrees": 0.0010770560121360151,
        "distance_between_plane_centers_angstrom": 8.055534037142797,
        "angle_between_low_plane_and_z": 0.35258117726992305,
        "angle_between_high_plane_and_z": 0.3515613777641129
      }
    }
  }
}