{
  "experiment": {
    "name": "CONTCAR",
    "file_path": "/home/dotempo/Documents/DION-JACOBSON/BULKS/MAPbCl3/MAPbCl3_n3_[NH3+]CCC[NH3+]/CONTCAR",
    "timestamp": "2025-08-06 13:13:42.036058"
  },
  "salt_structure_info": {
    "total_atoms": 38,
    "halogen_symbol": "Cl"
  },
  "vector_analysis": {
    "plane_analysis": {
      "low_plane": {
        "normal_vector": [
          0.006019965354991604,
          -0.0053986724547210934,
          0.9999673066419978
        ],
        "center_position": [
          2.3055027801554058,
          5.761646070468521,
          4.740242072424104
        ],
        "angle_vs_z_axis_degrees": 1.4572843879951043
      },
      "high_plane": {
        "normal_vector": [
          -0.007624913134204172,
          0.016568889714216942,
          0.999833652460915
        ],
        "center_position": [
          1.775824055286206,
          2.5839727857366626,
          8.697179268834617
        ],
        "angle_vs_z_axis_degrees": 0.1324663800880244
      }
    },
    "vector_analysis_results": {
      "angle_between_planes_degrees": 1.4817486569282554,
      "distance_between_plane_centers_angstrom": 5.102501252563757,
      "angle_between_low_plane_and_z": 1.4572843879951043,
      "angle_between_high_plane_and_z": 0.1324663800880244
    }
  }
}