{
  "experiment": {
    "name": "CONTCAR",
    "file_path": "/home/dotempo/Documents/DION-JACOBSON/BULKS/MAPbCl3/MAPbCl3_n3_[NH3+]CCC[NH3+]/CONTCAR",
    "timestamp": "2025-08-06 13:13:42.068833"
  },
  "analysis_parameters": {
    "halogen_symbol": "Cl",
    "central_metal": "Pb",
    "total_spacer_molecules": 6,
    "analyzed_molecules": 2
  },
  "penetration_analysis": {
    "molecule_1": {
      "formula": "C3H12N2",
      "n1_position": [
        3.9785542257520254,
        0.33565168345069535,
        4.444449750985531
      ],
      "n2_position": [
        3.2345606089161167,
        1.1055575050803523,
        9.207931523996445
      ],
      "molecular_vector": [
        -0.7439936168359087,
        0.769905821629657,
        4.763481773010914
      ],
      "molecular_vector_length": 4.882319129049125,
      "low_plane_intersection": [
        3.938431072406332,
        0.37717226728898645,
        4.701341618486709
      ],
      "high_plane_intersection": [
        3.308483331427646,
        1.0290601627316576,
        8.734635069125545
      ],
      "penetration_segments": {
        "n1_to_low_plane": 0.2633006986411494,
        "low_plane_to_high_plane": 4.133914373031323,
        "high_plane_to_n2": 0.4851040573766534,
        "total_calculated": 4.882319129049126,
        "molecular_length": 4.882319129049125,
        "length_difference": 8.881784197001252e-16
      },
      "penetration_parameters": {
        "t_low_plane": 0.26330069864114897,
        "t_high_plane": 4.397215071672472
      }
    },
    "molecule_5": {
      "formula": "C3H12N2",
      "n1_position": [
        0.7734828254988313,
        3.262392299619985,
        4.183422355543537
      ],
      "n2_position": [
        0.20473043258559176,
        4.18614469444983,
        8.918887338664726
      ],
      "molecular_vector": [
        -0.5687523929132395,
        0.9237523948298447,
        4.735464983121189
      ],
      "molecular_vector_length": 4.858129925986478,
      "low_plane_intersection": [
        0.707000839364108,
        3.3703705598791265,
        4.736955178037271
      ],
      "high_plane_intersection": [
        0.23585740714744752,
        4.13558909652427,
        8.659722366517247
      ],
      "penetration_segments": {
        "n1_to_low_plane": 0.5678712395841933,
        "low_plane_to_high_plane": 4.0243804439393305,
        "high_plane_to_n2": 0.2658782424629532,
        "total_calculated": 4.858129925986478,
        "molecular_length": 4.858129925986478,
        "length_difference": 0.0
      },
      "penetration_parameters": {
        "t_low_plane": 0.5678712395841934,
        "t_high_plane": 4.592251683523524
      }
    },
    "comparative_analysis": {
      "molecule_1": {
        "id": "molecule_1",
        "segments": {
          "n1_to_low_plane": 0.2633006986411494,
          "low_plane_to_high_plane": 4.133914373031323,
          "high_plane_to_n2": 0.4851040573766534,
          "total_calculated": 4.882319129049126,
          "molecular_length": 4.882319129049125,
          "length_difference": 8.881784197001252e-16
        }
      },
      "molecule_2": {
        "id": "molecule_5",
        "segments": {
          "n1_to_low_plane": 0.5678712395841933,
          "low_plane_to_high_plane": 4.0243804439393305,
          "high_plane_to_n2": 0.2658782424629532,
          "total_calculated": 4.858129925986478,
          "molecular_length": 4.858129925986478,
          "length_difference": 0.0
        }
      },
      "penetration_comparison": {
        "n1_to_low_diff": 0.30457054094304387,
        "low_to_high_diff": 0.10953392909199255,
        "high_to_n2_diff": 0.2192258149137002
      }
    },
    "plane_reference": {
      "plane_analysis": {
        "low_plane": {
          "normal_vector": [
            0.006019965354991604,
            -0.0053986724547210934,
            0.9999673066419978
          ],
          "center_position": [
            2.3055027801554058,
            5.761646070468521,
            4.740242072424104
          ],
          "angle_vs_z_axis_degrees": 1.4572843879951043
        },
        "high_plane": {
          "normal_vector": [
            -0.007624913134204172,
            0.016568889714216942,
            0.999833652460915
          ],
          "center_position": [
            1.775824055286206,
            2.5839727857366626,
            8.697179268834617
          ],
          "angle_vs_z_axis_degrees": 0.1324663800880244
        }
      },
      "vector_analysis_results": {
        "angle_between_planes_degrees": 1.4817486569282554,
        "distance_between_plane_centers_angstrom": 5.102501252563757,
        "angle_between_low_plane_and_z": 1.4572843879951043,
        "angle_between_high_plane_and_z": 0.1324663800880244
      }
    }
  }
}