{
  "experiment": {
    "name": "CONTCAR",
    "file_path": "/home/dotempo/Documents/DION-JACOBSON/BULKS/MAPbI3/MAPbI3_n2_CC(C)(CCC[NH3+])C(C)(C)CCC[NH3+]/CONTCAR",
    "timestamp": "2025-08-06 13:16:08.605559"
  },
  "analysis_parameters": {
    "halogen_symbol": "I",
    "central_metal": "Pb",
    "total_spacer_molecules": 4,
    "analyzed_molecules": 2
  },
  "penetration_analysis": {
    "molecule_0": {
      "formula": "C12H30N2",
      "n1_position": [
        8.02218876973583,
        3.97272201888854,
        4.7285335528859225
      ],
      "n2_position": [
        2.905965474213294,
        5.402352598019907,
        14.676831131361245
      ],
      "molecular_vector": [
        -5.116223295522536,
        1.4296305791313668,
        9.948297578475323
      ],
      "molecular_vector_length": 11.27777500716932,
      "low_plane_intersection": [
        7.533267382143995,
        4.109341733494104,
        5.679222210376952
      ],
      "high_plane_intersection": [
        3.1933046509545964,
        5.322061170159184,
        14.11811125713718
      ],
      "penetration_segments": {
        "n1_to_low_plane": 1.0777374416553074,
        "low_plane_to_high_plane": 9.566651100761852,
        "high_plane_to_n2": 0.6333864647521595,
        "total_calculated": 11.27777500716932,
        "molecular_length": 11.27777500716932,
        "length_difference": 0.0
      },
      "penetration_parameters": {
        "t_low_plane": 1.0777374416553076,
        "t_high_plane": 10.64438854241716
      }
    },
    "molecule_2": {
      "formula": "C12H30N2",
      "n1_position": [
        3.4799986364106092,
        0.13206580567281193,
        4.408720263732139
      ],
      "n2_position": [
        7.314667342258444,
        8.384674397634274,
        15.079378950355505
      ],
      "molecular_vector": [
        3.8346687058478346,
        8.252608591961462,
        10.670658686623366
      ],
      "molecular_vector_length": 14.024021871850298,
      "low_plane_intersection": [
        4.013082364150985,
        1.2793178081929055,
        5.892122076628182
      ],
      "high_plane_intersection": [
        6.898732894149854,
        7.4895399118522015,
        13.921966179597115
      ],
      "penetration_segments": {
        "n1_to_low_plane": 1.9495759427555535,
        "low_plane_to_high_plane": 10.553304405542665,
        "high_plane_to_n2": 1.5211415235520807,
        "total_calculated": 14.024021871850298,
        "molecular_length": 14.024021871850298,
        "length_difference": 0.0
      },
      "penetration_parameters": {
        "t_low_plane": 1.9495759427555537,
        "t_high_plane": 12.502880348298218
      }
    },
    "comparative_analysis": {
      "molecule_1": {
        "id": "molecule_0",
        "segments": {
          "n1_to_low_plane": 1.0777374416553074,
          "low_plane_to_high_plane": 9.566651100761852,
          "high_plane_to_n2": 0.6333864647521595,
          "total_calculated": 11.27777500716932,
          "molecular_length": 11.27777500716932,
          "length_difference": 0.0
        }
      },
      "molecule_2": {
        "id": "molecule_2",
        "segments": {
          "n1_to_low_plane": 1.9495759427555535,
          "low_plane_to_high_plane": 10.553304405542665,
          "high_plane_to_n2": 1.5211415235520807,
          "total_calculated": 14.024021871850298,
          "molecular_length": 14.024021871850298,
          "length_difference": 0.0
        }
      },
      "penetration_comparison": {
        "n1_to_low_diff": 0.8718385011002461,
        "low_to_high_diff": 0.9866533047808126,
        "high_to_n2_diff": 0.8877550587999211
      }
    },
    "plane_reference": {
      "plane_analysis": {
        "low_plane": {
          "normal_vector": [
            -0.011875881286579317,
            0.08969252748160178,
            0.9958986966341653
          ],
          "center_position": [
            6.475341887032896,
            2.2357464144642902,
            5.835346224372536
          ],
          "angle_vs_z_axis_degrees": 7.02508856393177
        },
        "high_plane": {
          "normal_vector": [
            0.0061380366199150415,
            0.07971158996886153,
            0.9967990704906825
          ],
          "center_position": [
            4.255340368510857,
            6.93090610919732,
            13.982916104754295
          ],
          "angle_vs_z_axis_degrees": 5.873531631575876
        }
      },
      "vector_analysis_results": {
        "angle_between_planes_degrees": 1.1811078135415154,
        "distance_between_plane_centers_angstrom": 9.662081880060308,
        "angle_between_low_plane_and_z": 7.02508856393177,
        "angle_between_high_plane_and_z": 5.873531631575876
      }
    }
  }
}