{
  "experiment": {
    "name": "CONTCAR",
    "file_path": "/home/dotempo/Documents/DION-JACOBSON/BULKS/MAPbI3/MAPbI3_n1_CC(C)(CC[NH3+])C(C)(C)CC[NH3+]/CONTCAR",
    "timestamp": "2025-08-06 13:15:41.224263"
  },
  "salt_structure_info": {
    "total_atoms": 80,
    "halogen_symbol": "I"
  },
  "vector_analysis": {
    "plane_analysis": {
      "low_plane": {
        "normal_vector": [
          0.018598201517862678,
          0.03966239273223512,
          0.999040039989917
        ],
        "center_position": [
          2.1627098428227525,
          2.2118502231866795,
          4.615640550926833
        ],
        "angle_vs_z_axis_degrees": 3.2163128625832687
      },
      "high_plane": {
        "normal_vector": [
          -0.016796550306318662,
          0.010632455204150033,
          0.9998023938729788
        ],
        "center_position": [
          5.9552273417799935,
          6.897254788601016,
          11.465495722349196
        ],
        "angle_vs_z_axis_degrees": 0.5930456602210261
      }
    },
    "vector_analysis_results": {
      "angle_between_planes_degrees": 2.6234167383027347,
      "distance_between_plane_centers_angstrom": 9.124512085090583,
      "angle_between_low_plane_and_z": 3.2163128625832687,
      "angle_between_high_plane_and_z": 0.5930456602210261
    }
  }
}