{
  "experiment": {
    "name": "CONTCAR",
    "file_path": "/home/dotempo/Documents/DION-JACOBSON/BULKS/MAPbI3/MAPbI3_n1_CC(C)(CC[NH3+])C(C)(C)CC[NH3+]/CONTCAR",
    "timestamp": "2025-08-06 13:15:41.251886"
  },
  "analysis_parameters": {
    "halogen_symbol": "I",
    "central_metal": "Pb",
    "total_spacer_molecules": 2,
    "analyzed_molecules": 2
  },
  "penetration_analysis": {
    "molecule_0": {
      "formula": "C10H26N2",
      "n1_position": [
        7.964204852502703,
        3.714015614232353,
        3.64668421104547
      ],
      "n2_position": [
        0.20982100233777562,
        5.403996684643528,
        12.325437982406882
      ],
      "molecular_vector": [
        -7.754383850164927,
        1.689981070411175,
        8.678753771361412
      ],
      "molecular_vector_length": 11.760411214662804,
      "low_plane_intersection": [
        7.241803123177476,
        3.871454976454016,
        4.4552006391670895
      ],
      "high_plane_intersection": [
        1.0361098993058713,
        5.22391627831475,
        11.400650401683317
      ],
      "penetration_segments": {
        "n1_to_low_plane": 1.0956049588475691,
        "low_plane_to_high_plane": 9.411644509089445,
        "high_plane_to_n2": 1.253161746725791,
        "total_calculated": 11.760411214662806,
        "molecular_length": 11.760411214662804,
        "length_difference": 1.7763568394002505e-15
      },
      "penetration_parameters": {
        "t_low_plane": 1.0956049588475691,
        "t_high_plane": 10.507249467937013
      }
    },
    "molecule_1": {
      "formula": "C10H26N2",
      "n1_position": [
        4.770407272134239,
        0.5245737417649983,
        3.734382494138415
      ],
      "n2_position": [
        4.604132226923461,
        8.291201153351679,
        12.354785207588632
      ],
      "molecular_vector": [
        -0.16627504521077796,
        7.766627411586681,
        8.620402713450217
      ],
      "molecular_vector_length": 11.604287642209208,
      "low_plane_intersection": [
        4.75364686777696,
        1.3074441703702475,
        4.603312855978691
      ],
      "high_plane_intersection": [
        4.62183373885302,
        7.464372042559009,
        11.437063842507643
      ],
      "penetration_segments": {
        "n1_to_low_plane": 1.1697038056134808,
        "low_plane_to_high_plane": 9.199200403849074,
        "high_plane_to_n2": 1.2353834327466533,
        "total_calculated": 11.604287642209208,
        "molecular_length": 11.604287642209208,
        "length_difference": 0.0
      },
      "penetration_parameters": {
        "t_low_plane": 1.169703805613481,
        "t_high_plane": 10.368904209462555
      }
    },
    "comparative_analysis": {
      "molecule_1": {
        "id": "molecule_0",
        "segments": {
          "n1_to_low_plane": 1.0956049588475691,
          "low_plane_to_high_plane": 9.411644509089445,
          "high_plane_to_n2": 1.253161746725791,
          "total_calculated": 11.760411214662806,
          "molecular_length": 11.760411214662804,
          "length_difference": 1.7763568394002505e-15
        }
      },
      "molecule_2": {
        "id": "molecule_1",
        "segments": {
          "n1_to_low_plane": 1.1697038056134808,
          "low_plane_to_high_plane": 9.199200403849074,
          "high_plane_to_n2": 1.2353834327466533,
          "total_calculated": 11.604287642209208,
          "molecular_length": 11.604287642209208,
          "length_difference": 0.0
        }
      },
      "penetration_comparison": {
        "n1_to_low_diff": 0.07409884676591161,
        "low_to_high_diff": 0.21244410524037072,
        "high_to_n2_diff": 0.01777831397913765
      }
    },
    "plane_reference": {
      "plane_analysis": {
        "low_plane": {
          "normal_vector": [
            0.018598201517862678,
            0.03966239273223512,
            0.999040039989917
          ],
          "center_position": [
            2.1627098428227525,
            2.2118502231866795,
            4.615640550926833
          ],
          "angle_vs_z_axis_degrees": 3.2163128625832687
        },
        "high_plane": {
          "normal_vector": [
            -0.016796550306318662,
            0.010632455204150033,
            0.9998023938729788
          ],
          "center_position": [
            5.9552273417799935,
            6.897254788601016,
            11.465495722349196
          ],
          "angle_vs_z_axis_degrees": 0.5930456602210261
        }
      },
      "vector_analysis_results": {
        "angle_between_planes_degrees": 2.6234167383027347,
        "distance_between_plane_centers_angstrom": 9.124512085090583,
        "angle_between_low_plane_and_z": 3.2163128625832687,
        "angle_between_high_plane_and_z": 0.5930456602210261
      }
    }
  }
}