{
  "experiment": {
    "name": "CONTCAR",
    "file_path": "/home/dotempo/Documents/DION-JACOBSON/BULKS/MAPbI3/MAPbI3_n2_CC(C)(CC[NH3+])CC[NH3+]/CONTCAR",
    "timestamp": "2025-08-06 13:16:11.898761"
  },
  "salt_structure_info": {
    "total_atoms": 62,
    "halogen_symbol": "I"
  },
  "vector_analysis": {
    "plane_analysis": {
      "low_plane": {
        "normal_vector": [
          0.00017596421955759484,
          -2.3254740080056484e-05,
          0.9999999842479051
        ],
        "center_position": [
          6.210551660822571,
          2.178800876810672,
          5.14615065735068
        ],
        "angle_vs_z_axis_degrees": 0.007636686376201881
      },
      "high_plane": {
        "normal_vector": [
          -0.00012880964210409322,
          0.0002810294470139048,
          0.999999952215262
        ],
        "center_position": [
          6.210844760581668,
          2.178755342311623,
          11.279983496566643
        ],
        "angle_vs_z_axis_degrees": 0.017038842217992987
      }
    },
    "vector_analysis_results": {
      "angle_between_planes_degrees": 0.024675528668615332,
      "distance_between_plane_centers_angstrom": 6.133832846387732,
      "angle_between_low_plane_and_z": 0.007636686376201881,
      "angle_between_high_plane_and_z": 0.017038842217992987
    }
  }
}