{
  "experiment": {
    "name": "CONTCAR",
    "file_path": "/home/dotempo/Documents/DION-JACOBSON/BULKS/MAPbCl3/MAPbCl3_n3_[NH3+]CC1=CC=C(C[NH3+])C=C1/CONTCAR",
    "timestamp": "2025-08-06 13:13:40.600591"
  },
  "salt_structure_info": {
    "total_atoms": 52,
    "halogen_symbol": "Cl"
  },
  "vector_analysis": {
    "plane_analysis": {
      "low_plane": {
        "normal_vector": [
          0.0034640705826052428,
          0.010376849319718212,
          0.9999401588161135
        ],
        "center_position": [
          2.5379461544124062,
          2.5723438084777692,
          4.8224211214747
        ],
        "angle_vs_z_axis_degrees": 1.0349693081850158
      },
      "high_plane": {
        "normal_vector": [
          0.004162099058896729,
          0.015551011745490603,
          0.9998704130861737
        ],
        "center_position": [
          1.843386959555854,
          2.149672581505371,
          10.880325773649858
        ],
        "angle_vs_z_axis_degrees": 1.2765196494637667
      }
    },
    "vector_analysis_results": {
      "angle_between_planes_degrees": 0.29917026783202955,
      "distance_between_plane_centers_angstrom": 6.112223181144121,
      "angle_between_low_plane_and_z": 1.0349693081850158,
      "angle_between_high_plane_and_z": 1.2765196494637667
    }
  }
}