{
  "experiment": {
    "name": "CONTCAR",
    "file_path": "/home/dotempo/Documents/DION-JACOBSON/BULKS/MAPbBr3/MAPbBr3_n2_CC(C)(CCCC[NH3+])CCCC[NH3+]/CONTCAR",
    "timestamp": "2025-08-06 13:14:10.974584"
  },
  "analysis_parameters": {
    "halogen_symbol": "Br",
    "central_metal": "Pb",
    "total_spacer_molecules": 4,
    "analyzed_molecules": 2
  },
  "penetration_analysis": {
    "molecule_1": {
      "formula": "C11H28N2",
      "n1_position": [
        0.13049558578211723,
        4.348010288458958,
        3.0599399700079277
      ],
      "n2_position": [
        0.9444212660466037,
        5.585952041648931,
        15.150146022741616
      ],
      "molecular_vector": [
        0.8139256802644865,
        1.2379417531899728,
        12.090206052733688
      ],
      "molecular_vector_length": 12.180642725030703,
      "low_plane_intersection": [
        0.15259129216880776,
        4.3816167935312915,
        3.388153773274319
      ],
      "high_plane_intersection": [
        0.9038393983011654,
        5.524228975621346,
        14.547335280994654
      ],
      "penetration_segments": {
        "n1_to_low_plane": 0.3306688949364502,
        "low_plane_to_high_plane": 11.242653967719344,
        "high_plane_to_n2": 0.6073198623749076,
        "total_calculated": 12.180642725030701,
        "molecular_length": 12.180642725030703,
        "length_difference": 1.7763568394002505e-15
      },
      "penetration_parameters": {
        "t_low_plane": 0.3306688949364504,
        "t_high_plane": 11.573322862655795
      }
    },
    "molecule_2": {
      "formula": "C11H28N2",
      "n1_position": [
        4.515194790105131,
        0.5810942225734257,
        2.8783118666946197
      ],
      "n2_position": [
        4.571763043506482,
        1.1295756615764245,
        15.044103419093757
      ],
      "molecular_vector": [
        0.056568253401350965,
        0.5484814390029988,
        12.165791552399137
      ],
      "molecular_vector_length": 12.17828050065566,
      "low_plane_intersection": [
        4.51804775537031,
        0.6087563545994698,
        3.4918818221985397
      ],
      "high_plane_intersection": [
        4.569289143230528,
        1.105588914563437,
        14.512056674338655
      ],
      "penetration_segments": {
        "n1_to_low_plane": 0.6141998235559116,
        "low_plane_to_high_plane": 11.031487752982896,
        "high_plane_to_n2": 0.5325929241168535,
        "total_calculated": 12.178280500655662,
        "molecular_length": 12.17828050065566,
        "length_difference": 1.7763568394002505e-15
      },
      "penetration_parameters": {
        "t_low_plane": 0.6141998235559117,
        "t_high_plane": 11.645687576538807
      }
    },
    "comparative_analysis": {
      "molecule_1": {
        "id": "molecule_1",
        "segments": {
          "n1_to_low_plane": 0.3306688949364502,
          "low_plane_to_high_plane": 11.242653967719344,
          "high_plane_to_n2": 0.6073198623749076,
          "total_calculated": 12.180642725030701,
          "molecular_length": 12.180642725030703,
          "length_difference": 1.7763568394002505e-15
        }
      },
      "molecule_2": {
        "id": "molecule_2",
        "segments": {
          "n1_to_low_plane": 0.6141998235559116,
          "low_plane_to_high_plane": 11.031487752982896,
          "high_plane_to_n2": 0.5325929241168535,
          "total_calculated": 12.178280500655662,
          "molecular_length": 12.17828050065566,
          "length_difference": 1.7763568394002505e-15
        }
      },
      "penetration_comparison": {
        "n1_to_low_diff": 0.28353092861946144,
        "low_to_high_diff": 0.2111662147364477,
        "high_to_n2_diff": 0.0747269382580541
      }
    },
    "plane_reference": {
      "plane_analysis": {
        "low_plane": {
          "normal_vector": [
            -0.023676966143744736,
            8.964144038663812e-05,
            0.9997196573233118
          ],
          "center_position": [
            5.641926084219397,
            5.809721322049715,
            3.518032960629452
          ],
          "angle_vs_z_axis_degrees": 2.1512632492129744
        },
        "high_plane": {
          "normal_vector": [
            0.02024371184884522,
            0.008810923812124527,
            0.9997562501690889
          ],
          "center_position": [
            6.013080888052841,
            2.557115972252938,
            14.470029431836938
          ],
          "angle_vs_z_axis_degrees": 1.3346081937727456
        }
      },
      "vector_analysis_results": {
        "angle_between_planes_degrees": 2.5658168202905713,
        "distance_between_plane_centers_angstrom": 11.430810301779855,
        "angle_between_low_plane_and_z": 2.1512632492129744,
        "angle_between_high_plane_and_z": 1.3346081937727456
      }
    }
  }
}