{
  "experiment": {
    "name": "CONTCAR",
    "file_path": "/home/dotempo/Documents/DION-JACOBSON/BULKS/MAPbBr3/MAPbBr3_n2_CC(C)(CCCC[NH3+])CCCC[NH3+]/CONTCAR",
    "timestamp": "2025-08-06 13:14:10.940157"
  },
  "salt_structure_info": {
    "total_atoms": 86,
    "halogen_symbol": "Br"
  },
  "vector_analysis": {
    "plane_analysis": {
      "low_plane": {
        "normal_vector": [
          -0.023676966143744736,
          8.964144038663812e-05,
          0.9997196573233118
        ],
        "center_position": [
          5.641926084219397,
          5.809721322049715,
          3.518032960629452
        ],
        "angle_vs_z_axis_degrees": 2.1512632492129744
      },
      "high_plane": {
        "normal_vector": [
          0.02024371184884522,
          0.008810923812124527,
          0.9997562501690889
        ],
        "center_position": [
          6.013080888052841,
          2.557115972252938,
          14.470029431836938
        ],
        "angle_vs_z_axis_degrees": 1.3346081937727456
      }
    },
    "vector_analysis_results": {
      "angle_between_planes_degrees": 2.5658168202905713,
      "distance_between_plane_centers_angstrom": 11.430810301779855,
      "angle_between_low_plane_and_z": 2.1512632492129744,
      "angle_between_high_plane_and_z": 1.3346081937727456
    }
  }
}