{
  "experiment": {
    "name": "CONTCAR",
    "file_path": "/home/dotempo/Documents/DION-JACOBSON/BULKS/MAPbI3/MAPbI3_n3_CC(C)(C[NH3+])C(C)(C)C[NH3+]/CONTCAR",
    "timestamp": "2025-08-06 13:15:23.697245"
  },
  "salt_structure_info": {
    "total_atoms": 68,
    "halogen_symbol": "I"
  },
  "vector_analysis": {
    "plane_analysis": {
      "low_plane": {
        "normal_vector": [
          0.021845414969566632,
          -0.020699182674870777,
          0.9995470582625912
        ],
        "center_position": [
          6.341123182554324,
          2.5720702530445885,
          5.22158769960308
        ],
        "angle_vs_z_axis_degrees": 1.882844228092124
      },
      "high_plane": {
        "normal_vector": [
          0.003300048755590408,
          0.007891690165626845,
          0.9999634147830312
        ],
        "center_position": [
          2.3447206608672313,
          2.2587135498374606,
          10.42905823377442
        ],
        "angle_vs_z_axis_degrees": 0.43034091705535105
      }
    },
    "vector_analysis_results": {
      "angle_between_planes_degrees": 1.9528150207331467,
      "distance_between_plane_centers_angstrom": 6.571694979459601,
      "angle_between_low_plane_and_z": 1.882844228092124,
      "angle_between_high_plane_and_z": 0.43034091705535105
    }
  }
}