{
  "experiment": {
    "name": "CONTCAR",
    "file_path": "/home/dotempo/Documents/DION-JACOBSON/BULKS/MAPbI3/MAPbI3_n3_CC(C)(C[NH3+])C(C)(C)C[NH3+]/CONTCAR",
    "timestamp": "2025-08-06 13:15:23.723637"
  },
  "analysis_parameters": {
    "halogen_symbol": "I",
    "central_metal": "Pb",
    "total_spacer_molecules": 6,
    "analyzed_molecules": 2
  },
  "penetration_analysis": {
    "molecule_0": {
      "formula": "C8H22N2",
      "n1_position": [
        5.29191636526644,
        8.137139576262339,
        4.781790837637736
      ],
      "n2_position": [
        3.6324271072346983,
        1.0736125115449755,
        10.523965787962773
      ],
      "molecular_vector": [
        -1.6594892580317415,
        -7.063527064717363,
        5.742174950325037
      ],
      "molecular_vector_length": 9.25310176922624,
      "low_plane_intersection": [
        5.12802216648983,
        7.439532705229123,
        5.348898553559236
      ],
      "high_plane_intersection": [
        3.6586602853745527,
        1.1852726279859755,
        10.433193583410663
      ],
      "penetration_segments": {
        "n1_to_low_plane": 0.9138532794508544,
        "low_plane_to_high_plane": 8.192975613416898,
        "high_plane_to_n2": 0.14627287635848651,
        "total_calculated": 9.25310176922624,
        "molecular_length": 9.25310176922624,
        "length_difference": 0.0
      },
      "penetration_parameters": {
        "t_low_plane": 0.9138532794508542,
        "t_high_plane": 9.106828892867753
      }
    },
    "molecule_5": {
      "formula": "C8H22N2",
      "n1_position": [
        0.3298915468848118,
        3.931790406665312,
        4.987070964804749
      ],
      "n2_position": [
        0.7353450552979999,
        5.483088454608681,
        10.99308880643764
      ],
      "molecular_vector": [
        0.40545350841318806,
        1.551298047943369,
        6.006017841632891
      ],
      "molecular_vector_length": 6.216362963586512,
      "low_plane_intersection": [
        0.35659659637148305,
        4.033966094578429,
        5.382655169529859
      ],
      "high_plane_intersection": [
        0.6959982168735489,
        5.332544255646193,
        10.410240690228289
      ],
      "penetration_segments": {
        "n1_to_low_plane": 0.4094385105197142,
        "low_plane_to_high_plane": 5.203663600612367,
        "high_plane_to_n2": 0.6032608524544313,
        "total_calculated": 6.216362963586512,
        "molecular_length": 6.216362963586512,
        "length_difference": 0.0
      },
      "penetration_parameters": {
        "t_low_plane": 0.4094385105197141,
        "t_high_plane": 5.613102111132081
      }
    },
    "comparative_analysis": {
      "molecule_1": {
        "id": "molecule_0",
        "segments": {
          "n1_to_low_plane": 0.9138532794508544,
          "low_plane_to_high_plane": 8.192975613416898,
          "high_plane_to_n2": 0.14627287635848651,
          "total_calculated": 9.25310176922624,
          "molecular_length": 9.25310176922624,
          "length_difference": 0.0
        }
      },
      "molecule_2": {
        "id": "molecule_5",
        "segments": {
          "n1_to_low_plane": 0.4094385105197142,
          "low_plane_to_high_plane": 5.203663600612367,
          "high_plane_to_n2": 0.6032608524544313,
          "total_calculated": 6.216362963586512,
          "molecular_length": 6.216362963586512,
          "length_difference": 0.0
        }
      },
      "penetration_comparison": {
        "n1_to_low_diff": 0.5044147689311402,
        "low_to_high_diff": 2.9893120128045316,
        "high_to_n2_diff": 0.45698797609594477
      }
    },
    "plane_reference": {
      "plane_analysis": {
        "low_plane": {
          "normal_vector": [
            0.021845414969566632,
            -0.020699182674870777,
            0.9995470582625912
          ],
          "center_position": [
            6.341123182554324,
            2.5720702530445885,
            5.22158769960308
          ],
          "angle_vs_z_axis_degrees": 1.882844228092124
        },
        "high_plane": {
          "normal_vector": [
            0.003300048755590408,
            0.007891690165626845,
            0.9999634147830312
          ],
          "center_position": [
            2.3447206608672313,
            2.2587135498374606,
            10.42905823377442
          ],
          "angle_vs_z_axis_degrees": 0.43034091705535105
        }
      },
      "vector_analysis_results": {
        "angle_between_planes_degrees": 1.9528150207331467,
        "distance_between_plane_centers_angstrom": 6.571694979459601,
        "angle_between_low_plane_and_z": 1.882844228092124,
        "angle_between_high_plane_and_z": 0.43034091705535105
      }
    }
  }
}