{
  "experiment": {
    "name": "CONTCAR",
    "file_path": "/home/dotempo/Documents/DION-JACOBSON/BULKS/MAPbBr3/MAPbBr3_n2_[NH3+]CCC[NH3+]/CONTCAR",
    "timestamp": "2025-08-06 13:14:22.298447"
  },
  "analysis_parameters": {
    "halogen_symbol": "Br",
    "central_metal": "Pb",
    "total_spacer_molecules": 4,
    "analyzed_molecules": 2
  },
  "penetration_analysis": {
    "molecule_1": {
      "formula": "C3H12N2",
      "n1_position": [
        0.2255600834215057,
        4.229048421654586,
        3.266600400183668
      ],
      "n2_position": [
        0.6860346679096392,
        4.710327728563214,
        8.106528785473644
      ],
      "molecular_vector": [
        0.4604745844881335,
        0.4812793069086281,
        4.839928385289976
      ],
      "molecular_vector_length": 4.88554739911032,
      "low_plane_intersection": [
        0.24454608643262682,
        4.248892232101398,
        3.4661573312114085
      ],
      "high_plane_intersection": [
        0.6307313739880749,
        4.652525774090696,
        7.525250271810289
      ],
      "penetration_segments": {
        "n1_to_low_plane": 0.2014378659651599,
        "low_plane_to_high_plane": 4.09735214656524,
        "high_plane_to_n2": 0.5867573865799202,
        "total_calculated": 4.885547399110321,
        "molecular_length": 4.88554739911032,
        "length_difference": 8.881784197001252e-16
      },
      "penetration_parameters": {
        "t_low_plane": 0.20143786596516006,
        "t_high_plane": 4.298790012530399
      }
    },
    "molecule_3": {
      "formula": "C3H12N2",
      "n1_position": [
        4.583902046497957,
        0.5272915046383793,
        3.027683226120066
      ],
      "n2_position": [
        4.368929727834075,
        0.338783203909615,
        7.909572729855817
      ],
      "molecular_vector": [
        -0.21497231866388145,
        -0.18850830072876423,
        4.881889503735751
      ],
      "molecular_vector_length": 4.890254963079192,
      "low_plane_intersection": [
        4.564423276126608,
        0.5102106547605408,
        3.470034153963222
      ],
      "high_plane_intersection": [
        4.385746675547492,
        0.3535299129585007,
        7.527670161947226
      ],
      "penetration_segments": {
        "n1_to_low_plane": 0.44310892711773464,
        "low_plane_to_high_plane": 4.064589051273758,
        "high_plane_to_n2": 0.3825569846876993,
        "total_calculated": 4.890254963079192,
        "molecular_length": 4.890254963079192,
        "length_difference": 0.0
      },
      "penetration_parameters": {
        "t_low_plane": 0.4431089271177348,
        "t_high_plane": 4.5076979783914926
      }
    },
    "comparative_analysis": {
      "molecule_1": {
        "id": "molecule_1",
        "segments": {
          "n1_to_low_plane": 0.2014378659651599,
          "low_plane_to_high_plane": 4.09735214656524,
          "high_plane_to_n2": 0.5867573865799202,
          "total_calculated": 4.885547399110321,
          "molecular_length": 4.88554739911032,
          "length_difference": 8.881784197001252e-16
        }
      },
      "molecule_2": {
        "id": "molecule_3",
        "segments": {
          "n1_to_low_plane": 0.44310892711773464,
          "low_plane_to_high_plane": 4.064589051273758,
          "high_plane_to_n2": 0.3825569846876993,
          "total_calculated": 4.890254963079192,
          "molecular_length": 4.890254963079192,
          "length_difference": 0.0
        }
      },
      "penetration_comparison": {
        "n1_to_low_diff": 0.24167106115257475,
        "low_to_high_diff": 0.03276309529148147,
        "high_to_n2_diff": 0.20420040189222088
      }
    },
    "plane_reference": {
      "plane_analysis": {
        "low_plane": {
          "normal_vector": [
            0.00017692721384553526,
            0.0012413797332867793,
            0.9999992138362503
          ],
          "center_position": [
            5.775728790383512,
            5.749437210511816,
            3.4633159661074657
          ],
          "angle_vs_z_axis_degrees": 0.36246992437894254
        },
        "high_plane": {
          "normal_vector": [
            0.00038016961569855553,
            0.0008949605538990879,
            0.9999995272582234
          ],
          "center_position": [
            5.905225589187463,
            5.893860228946122,
            7.522134122527066
          ],
          "angle_vs_z_axis_degrees": 0.36835089241020885
        }
      },
      "vector_analysis_results": {
        "angle_between_planes_degrees": 0.02301221500185707,
        "distance_between_plane_centers_angstrom": 4.063450781790713,
        "angle_between_low_plane_and_z": 0.36246992437894254,
        "angle_between_high_plane_and_z": 0.36835089241020885
      }
    }
  }
}