{
  "experiment": {
    "name": "CONTCAR",
    "file_path": "/home/dotempo/Documents/DION-JACOBSON/BULKS/MAPbBr3/MAPbBr3_n3_[NH3+]CC1=CC=C(C[NH3+])C=C1/CONTCAR",
    "timestamp": "2025-08-06 13:14:25.206757"
  },
  "analysis_parameters": {
    "halogen_symbol": "Br",
    "central_metal": "Pb",
    "total_spacer_molecules": 6,
    "analyzed_molecules": 2
  },
  "penetration_analysis": {
    "molecule_1": {
      "formula": "C8H14N2",
      "n1_position": [
        3.4754226385951084,
        7.996110574522771,
        3.107321413001863
      ],
      "n2_position": [
        5.146688243840622,
        0.15244769933004468,
        10.606177876743637
      ],
      "molecular_vector": [
        1.6712656052455133,
        -7.843662875192726,
        7.498856463741774
      ],
      "molecular_vector_length": 10.979481968050909,
      "low_plane_intersection": [
        3.5968120483678843,
        7.426400048626795,
        3.651987537433148
      ],
      "high_plane_intersection": [
        5.011164131861736,
        0.7884958789167298,
        9.998090293348156
      ],
      "penetration_segments": {
        "n1_to_low_plane": 0.7974751778109764,
        "low_plane_to_high_plane": 9.291672818764646,
        "high_plane_to_n2": 0.890333971475287,
        "total_calculated": 10.97948196805091,
        "molecular_length": 10.979481968050909,
        "length_difference": 1.7763568394002505e-15
      },
      "penetration_parameters": {
        "t_low_plane": 0.7974751778109765,
        "t_high_plane": 10.08914799657562
      }
    },
    "molecule_3": {
      "formula": "C8H14N2",
      "n1_position": [
        7.946089511180745,
        4.347579418645572,
        3.1956849325263184
      ],
      "n2_position": [
        0.8075616235270802,
        3.8203734752407046,
        10.539402090154445
      ],
      "molecular_vector": [
        -7.138527887653664,
        -0.5272059434048675,
        7.343717157628126
      ],
      "molecular_vector_length": 10.255082066995477,
      "low_plane_intersection": [
        7.64415518848038,
        4.325280483633934,
        3.506298031051355
      ],
      "high_plane_intersection": [
        1.4095120079424683,
        3.8648296747951685,
        9.92014929242879
      ],
      "penetration_segments": {
        "n1_to_low_plane": 0.43375347226564664,
        "low_plane_to_high_plane": 8.956577389776806,
        "high_plane_to_n2": 0.8647512049530255,
        "total_calculated": 10.255082066995477,
        "molecular_length": 10.255082066995477,
        "length_difference": 0.0
      },
      "penetration_parameters": {
        "t_low_plane": 0.43375347226564653,
        "t_high_plane": 9.390330862042452
      }
    },
    "comparative_analysis": {
      "molecule_1": {
        "id": "molecule_1",
        "segments": {
          "n1_to_low_plane": 0.7974751778109764,
          "low_plane_to_high_plane": 9.291672818764646,
          "high_plane_to_n2": 0.890333971475287,
          "total_calculated": 10.97948196805091,
          "molecular_length": 10.979481968050909,
          "length_difference": 1.7763568394002505e-15
        }
      },
      "molecule_2": {
        "id": "molecule_3",
        "segments": {
          "n1_to_low_plane": 0.43375347226564664,
          "low_plane_to_high_plane": 8.956577389776806,
          "high_plane_to_n2": 0.8647512049530255,
          "total_calculated": 10.255082066995477,
          "molecular_length": 10.255082066995477,
          "length_difference": 0.0
        }
      },
      "penetration_comparison": {
        "n1_to_low_diff": 0.3637217055453298,
        "low_to_high_diff": 0.33509542898783984,
        "high_to_n2_diff": 0.025582766522261546
      }
    },
    "plane_reference": {
      "plane_analysis": {
        "low_plane": {
          "normal_vector": [
            0.03425077133327233,
            -0.002250488028115057,
            0.9994107363675413
          ],
          "center_position": [
            2.347495626849536,
            2.835925457324386,
            3.6844659187273203
          ],
          "angle_vs_z_axis_degrees": 2.4397495479793903
        },
        "high_plane": {
          "normal_vector": [
            -0.025437626052476528,
            -0.004454156840979901,
            0.999666488218771
          ],
          "center_position": [
            2.2447660981319935,
            5.331365516612479,
            9.947937622021506
          ],
          "angle_vs_z_axis_degrees": 2.1534084763694663
        }
      },
      "vector_analysis_results": {
        "angle_between_planes_degrees": 3.422763508884634,
        "distance_between_plane_centers_angstrom": 6.743059559542482,
        "angle_between_low_plane_and_z": 2.4397495479793903,
        "angle_between_high_plane_and_z": 2.1534084763694663
      }
    }
  }
}