{
  "experiment": {
    "name": "CONTCAR",
    "file_path": "/home/dotempo/Documents/DION-JACOBSON/BULKS/MAPbBr3/MAPbBr3_n3_[NH3+]CC1=CC=C(C[NH3+])C=C1/CONTCAR",
    "timestamp": "2025-08-06 13:14:25.180436"
  },
  "salt_structure_info": {
    "total_atoms": 52,
    "halogen_symbol": "Br"
  },
  "vector_analysis": {
    "plane_analysis": {
      "low_plane": {
        "normal_vector": [
          0.03425077133327233,
          -0.002250488028115057,
          0.9994107363675413
        ],
        "center_position": [
          2.347495626849536,
          2.835925457324386,
          3.6844659187273203
        ],
        "angle_vs_z_axis_degrees": 2.4397495479793903
      },
      "high_plane": {
        "normal_vector": [
          -0.025437626052476528,
          -0.004454156840979901,
          0.999666488218771
        ],
        "center_position": [
          2.2447660981319935,
          5.331365516612479,
          9.947937622021506
        ],
        "angle_vs_z_axis_degrees": 2.1534084763694663
      }
    },
    "vector_analysis_results": {
      "angle_between_planes_degrees": 3.422763508884634,
      "distance_between_plane_centers_angstrom": 6.743059559542482,
      "angle_between_low_plane_and_z": 2.4397495479793903,
      "angle_between_high_plane_and_z": 2.1534084763694663
    }
  }
}