{
  "experiment": {
    "name": "CONTCAR",
    "file_path": "/home/dotempo/Documents/DION-JACOBSON/BULKS/MAPbBr3/MAPbBr3_n1_[NH3+]C1=CC=C([NH3+])C=C1/CONTCAR",
    "timestamp": "2025-08-06 13:14:59.554630"
  },
  "analysis_parameters": {
    "halogen_symbol": "Br",
    "central_metal": "Pb",
    "total_spacer_molecules": 2,
    "analyzed_molecules": 2
  },
  "penetration_analysis": {
    "molecule_0": {
      "formula": "C6H10N2",
      "n1_position": [
        7.351155008689231,
        3.502916992593556,
        3.19314881001254
      ],
      "n2_position": [
        1.0222537609776343,
        4.548362926277498,
        8.121845762104519
      ],
      "molecular_vector": [
        -6.328901247711597,
        1.0454459336839421,
        4.928696952091979
      ],
      "molecular_vector_length": 8.089499480752963,
      "low_plane_intersection": [
        7.271507534222268,
        3.51607364096752,
        3.255175100087628
      ],
      "high_plane_intersection": [
        1.1077115783554845,
        4.534246490551553,
        8.055294607716553
      ],
      "penetration_segments": {
        "n1_to_low_plane": 0.10180411703796956,
        "low_plane_to_high_plane": 7.878464560097324,
        "high_plane_to_n2": 0.10923080361766836,
        "total_calculated": 8.089499480752963,
        "molecular_length": 8.089499480752963,
        "length_difference": 0.0
      },
      "penetration_parameters": {
        "t_low_plane": 0.10180411703796949,
        "t_high_plane": 7.980268677135293
      }
    },
    "molecule_1": {
      "formula": "C6H10N2",
      "n1_position": [
        3.4288574014366433,
        0.47676184216102907,
        2.992315367246599
      ],
      "n2_position": [
        4.966618611803639,
        7.567997662425824,
        8.309824875630166
      ],
      "molecular_vector": [
        1.537761210366996,
        7.091235820264795,
        5.3175095083835675
      ],
      "molecular_vector_length": 8.995901420672945,
      "low_plane_intersection": [
        3.4558985957657176,
        0.6014596720687737,
        3.085822608158588
      ],
      "high_plane_intersection": [
        4.94253119473691,
        7.456920888236364,
        8.22653166442076
      ],
      "penetration_segments": {
        "n1_to_low_plane": 0.15819095763480406,
        "low_plane_to_high_plane": 8.69679909919953,
        "high_plane_to_n2": 0.14091136383861183,
        "total_calculated": 8.995901420672947,
        "molecular_length": 8.995901420672945,
        "length_difference": 1.7763568394002505e-15
      },
      "penetration_parameters": {
        "t_low_plane": 0.15819095763480404,
        "t_high_plane": 8.854990056834334
      }
    },
    "comparative_analysis": {
      "molecule_1": {
        "id": "molecule_0",
        "segments": {
          "n1_to_low_plane": 0.10180411703796956,
          "low_plane_to_high_plane": 7.878464560097324,
          "high_plane_to_n2": 0.10923080361766836,
          "total_calculated": 8.089499480752963,
          "molecular_length": 8.089499480752963,
          "length_difference": 0.0
        }
      },
      "molecule_2": {
        "id": "molecule_1",
        "segments": {
          "n1_to_low_plane": 0.15819095763480406,
          "low_plane_to_high_plane": 8.69679909919953,
          "high_plane_to_n2": 0.14091136383861183,
          "total_calculated": 8.995901420672947,
          "molecular_length": 8.995901420672945,
          "length_difference": 1.7763568394002505e-15
        }
      },
      "penetration_comparison": {
        "n1_to_low_diff": 0.056386840596834506,
        "low_to_high_diff": 0.8183345391022065,
        "high_to_n2_diff": 0.03168056022094347
      }
    },
    "plane_reference": {
      "plane_analysis": {
        "low_plane": {
          "normal_vector": [
            -0.00911595689935117,
            -0.0461064215490919,
            0.9988949380298945
          ],
          "center_position": [
            2.126811332537846,
            1.9934213067850342,
            3.137942671762085
          ],
          "angle_vs_z_axis_degrees": 4.534389583733444
        },
        "high_plane": {
          "normal_vector": [
            -0.00940245386968473,
            -0.04618715696745547,
            0.9988885525385163
          ],
          "center_position": [
            6.256691902760887,
            6.059184859572357,
            8.174272463143737
          ],
          "angle_vs_z_axis_degrees": 4.549893252309344
        }
      },
      "vector_analysis_results": {
        "angle_between_planes_degrees": 0.017058320619756238,
        "distance_between_plane_centers_angstrom": 7.677953149052027,
        "angle_between_low_plane_and_z": 4.534389583733444,
        "angle_between_high_plane_and_z": 4.549893252309344
      }
    }
  }
}