{
  "experiment": {
    "name": "CONTCAR",
    "file_path": "/home/dotempo/Documents/DION-JACOBSON/BULKS/MAPbI3/MAPbI3_n1_CC(C)(CCC[NH3+])CCC[NH3+]/CONTCAR",
    "timestamp": "2025-08-06 13:15:43.446802"
  },
  "analysis_parameters": {
    "halogen_symbol": "I",
    "central_metal": "Pb",
    "total_spacer_molecules": 2,
    "analyzed_molecules": 2
  },
  "penetration_analysis": {
    "molecule_0": {
      "formula": "C9H24N2",
      "n1_position": [
        0.27818573349989284,
        5.097019766787575,
        4.348325624087608
      ],
      "n2_position": [
        -0.04147816635065938,
        5.3045838998048644,
        14.244959679115711
      ],
      "molecular_vector": [
        -0.3196638998505522,
        0.20756413301728927,
        9.896634055028102
      ],
      "molecular_vector_length": 9.90397059251111,
      "low_plane_intersection": [
        0.2618411133904956,
        5.107632653960916,
        4.854346867233242
      ],
      "high_plane_intersection": [
        -0.023854086673662123,
        5.293140234066901,
        13.699327009297683
      ],
      "penetration_segments": {
        "n1_to_low_plane": 0.5063963650099863,
        "low_plane_to_high_plane": 8.851537071217109,
        "high_plane_to_n2": 0.5460371562840138,
        "total_calculated": 9.90397059251111,
        "molecular_length": 9.90397059251111,
        "length_difference": 0.0
      },
      "penetration_parameters": {
        "t_low_plane": 0.5063963650099866,
        "t_high_plane": 9.357933436227096
      }
    },
    "molecule_1": {
      "formula": "C9H24N2",
      "n1_position": [
        4.527981695252942,
        7.894871248768165,
        4.297821680722581
      ],
      "n2_position": [
        4.222384731254581,
        8.126449110532183,
        14.192052764919401
      ],
      "molecular_vector": [
        -0.30559696399836067,
        0.23157786176401807,
        9.89423108419682
      ],
      "molecular_vector_length": 9.901657768169468,
      "low_plane_intersection": [
        4.510976327047868,
        7.907757721054788,
        4.8483999341562605
      ],
      "high_plane_intersection": [
        4.237761902860493,
        8.114796466887155,
        13.694190196850656
      ],
      "penetration_segments": {
        "n1_to_low_plane": 0.5509915215952643,
        "low_plane_to_high_plane": 8.85242997913222,
        "high_plane_to_n2": 0.4982362674419856,
        "total_calculated": 9.90165776816947,
        "molecular_length": 9.901657768169468,
        "length_difference": 1.7763568394002505e-15
      },
      "penetration_parameters": {
        "t_low_plane": 0.5509915215952645,
        "t_high_plane": 9.403421500727482
      }
    },
    "comparative_analysis": {
      "molecule_1": {
        "id": "molecule_0",
        "segments": {
          "n1_to_low_plane": 0.5063963650099863,
          "low_plane_to_high_plane": 8.851537071217109,
          "high_plane_to_n2": 0.5460371562840138,
          "total_calculated": 9.90397059251111,
          "molecular_length": 9.90397059251111,
          "length_difference": 0.0
        }
      },
      "molecule_2": {
        "id": "molecule_1",
        "segments": {
          "n1_to_low_plane": 0.5509915215952643,
          "low_plane_to_high_plane": 8.85242997913222,
          "high_plane_to_n2": 0.4982362674419856,
          "total_calculated": 9.90165776816947,
          "molecular_length": 9.901657768169468,
          "length_difference": 1.7763568394002505e-15
        }
      },
      "penetration_comparison": {
        "n1_to_low_diff": 0.04459515658527802,
        "low_to_high_diff": 0.0008929079151105412,
        "high_to_n2_diff": 0.04780088884202821
      }
    },
    "plane_reference": {
      "plane_analysis": {
        "low_plane": {
          "normal_vector": [
            -0.00970150977378277,
            0.01684526048882179,
            0.9998110411008537
          ],
          "center_position": [
            5.930578856739885,
            6.500577093786244,
            4.885883629071843
          ],
          "angle_vs_z_axis_degrees": 0.41358297688877244
        },
        "high_plane": {
          "normal_vector": [
            0.01117171999810808,
            -0.015052744636757463,
            0.9998242883382981
          ],
          "center_position": [
            5.646783530105482,
            2.4013204373397854,
            13.592427625228224
          ],
          "angle_vs_z_axis_degrees": 2.1389046246100984
        }
      },
      "vector_analysis_results": {
        "angle_between_planes_degrees": 2.184277615929766,
        "distance_between_plane_centers_angstrom": 9.62747907189867,
        "angle_between_low_plane_and_z": 0.41358297688877244,
        "angle_between_high_plane_and_z": 2.1389046246100984
      }
    }
  }
}