{
  "experiment": {
    "name": "CONTCAR",
    "file_path": "/home/dotempo/Documents/DION-JACOBSON/BULKS/MAPbCl3/MAPbCl3_n3_[NH3+]CCCCC[NH3+]/CONTCAR",
    "timestamp": "2025-08-06 13:14:01.973158"
  },
  "analysis_parameters": {
    "halogen_symbol": "Cl",
    "central_metal": "Pb",
    "total_spacer_molecules": 6,
    "analyzed_molecules": 2
  },
  "penetration_analysis": {
    "molecule_1": {
      "formula": "C5H16N2",
      "n1_position": [
        3.1034829386552,
        7.563708580183884,
        4.538860343096658
      ],
      "n2_position": [
        5.620804140188988,
        1.0832706465815967,
        10.790203407891978
      ],
      "molecular_vector": [
        2.5173212015337882,
        -6.480437933602287,
        6.25134306479532
      ],
      "molecular_vector_length": 9.34945302981557,
      "low_plane_intersection": [
        3.227132370091565,
        7.245393036875248,
        4.845922872584209
      ],
      "high_plane_intersection": [
        5.403192414163671,
        1.6434769815029773,
        10.24980135134169
      ],
      "penetration_segments": {
        "n1_to_low_plane": 0.4592399852165551,
        "low_plane_to_high_plane": 8.081992540210798,
        "high_plane_to_n2": 0.8082205043882175,
        "total_calculated": 9.349453029815571,
        "molecular_length": 9.34945302981557,
        "length_difference": 1.7763568394002505e-15
      },
      "penetration_parameters": {
        "t_low_plane": 0.4592399852165553,
        "t_high_plane": 8.541232525427352
      }
    },
    "molecule_5": {
      "formula": "C5H16N2",
      "n1_position": [
        6.840617495865965,
        3.4985764439976177,
        4.901623255989625
      ],
      "n2_position": [
        2.5699168224371416,
        4.191890740587157,
        10.721924711373724
      ],
      "molecular_vector": [
        -4.2707006734288235,
        0.6933142965895391,
        5.820301455384099
      ],
      "molecular_vector_length": 7.252273987338531,
      "low_plane_intersection": [
        6.657964871885342,
        3.528228645169958,
        5.150550402721877
      ],
      "high_plane_intersection": [
        2.812763718265269,
        4.15246647800477,
        10.390962124831887
      ],
      "penetration_segments": {
        "n1_to_low_plane": 0.3101708536623516,
        "low_plane_to_high_plane": 6.529713607882925,
        "high_plane_to_n2": 0.4123895257932543,
        "total_calculated": 7.252273987338532,
        "molecular_length": 7.252273987338531,
        "length_difference": 8.881784197001252e-16
      },
      "penetration_parameters": {
        "t_low_plane": 0.3101708536623514,
        "t_high_plane": 6.839884461545277
      }
    },
    "comparative_analysis": {
      "molecule_1": {
        "id": "molecule_1",
        "segments": {
          "n1_to_low_plane": 0.4592399852165551,
          "low_plane_to_high_plane": 8.081992540210798,
          "high_plane_to_n2": 0.8082205043882175,
          "total_calculated": 9.349453029815571,
          "molecular_length": 9.34945302981557,
          "length_difference": 1.7763568394002505e-15
        }
      },
      "molecule_2": {
        "id": "molecule_5",
        "segments": {
          "n1_to_low_plane": 0.3101708536623516,
          "low_plane_to_high_plane": 6.529713607882925,
          "high_plane_to_n2": 0.4123895257932543,
          "total_calculated": 7.252273987338532,
          "molecular_length": 7.252273987338531,
          "length_difference": 8.881784197001252e-16
        }
      },
      "penetration_comparison": {
        "n1_to_low_diff": 0.14906913155420354,
        "low_to_high_diff": 1.552278932327873,
        "high_to_n2_diff": 0.3958309785949632
      }
    },
    "plane_reference": {
      "plane_analysis": {
        "low_plane": {
          "normal_vector": [
            -0.006930844471420337,
            0.07531986190876913,
            0.9971353377535854
          ],
          "center_position": [
            5.80865540501135,
            1.9213461061446495,
            5.266024937381729
          ],
          "angle_vs_z_axis_degrees": 5.612277302397873
        },
        "high_plane": {
          "normal_vector": [
            0.002481038474326021,
            -0.053619323003593455,
            0.9985583671717569
          ],
          "center_position": [
            4.0554628960922825,
            2.6376100341828774,
            10.306531645643823
          ],
          "angle_vs_z_axis_degrees": 5.881815107923094
        }
      },
      "vector_analysis_results": {
        "angle_between_planes_degrees": 7.412944508697273,
        "distance_between_plane_centers_angstrom": 5.384554379331111,
        "angle_between_low_plane_and_z": 5.612277302397873,
        "angle_between_high_plane_and_z": 5.881815107923094
      }
    }
  }
}