{
  "experiment": {
    "name": "CONTCAR",
    "file_path": "/home/dotempo/Documents/DION-JACOBSON/BULKS/MAPbCl3/MAPbCl3_n3_[NH3+]CCCCC[NH3+]/CONTCAR",
    "timestamp": "2025-08-06 13:14:01.945149"
  },
  "salt_structure_info": {
    "total_atoms": 50,
    "halogen_symbol": "Cl"
  },
  "vector_analysis": {
    "plane_analysis": {
      "low_plane": {
        "normal_vector": [
          -0.006930844471420337,
          0.07531986190876913,
          0.9971353377535854
        ],
        "center_position": [
          5.80865540501135,
          1.9213461061446495,
          5.266024937381729
        ],
        "angle_vs_z_axis_degrees": 5.612277302397873
      },
      "high_plane": {
        "normal_vector": [
          0.002481038474326021,
          -0.053619323003593455,
          0.9985583671717569
        ],
        "center_position": [
          4.0554628960922825,
          2.6376100341828774,
          10.306531645643823
        ],
        "angle_vs_z_axis_degrees": 5.881815107923094
      }
    },
    "vector_analysis_results": {
      "angle_between_planes_degrees": 7.412944508697273,
      "distance_between_plane_centers_angstrom": 5.384554379331111,
      "angle_between_low_plane_and_z": 5.612277302397873,
      "angle_between_high_plane_and_z": 5.881815107923094
    }
  }
}