{
  "experiment": {
    "name": "CONTCAR",
    "file_path": "/home/dotempo/Documents/DION-JACOBSON/BULKS/MAPbCl3/MAPbCl3_n1_CC(C)(CC[NH3+])CC[NH3+]/CONTCAR",
    "timestamp": "2025-08-06 13:13:35.268962"
  },
  "analysis_parameters": {
    "halogen_symbol": "Cl",
    "central_metal": "Pb",
    "total_spacer_molecules": 2,
    "analyzed_molecules": 2
  },
  "penetration_analysis": {
    "molecule_0": {
      "formula": "C7H20N2",
      "n1_position": [
        0.6740599127717996,
        3.30554311728933,
        4.308858695986233
      ],
      "n2_position": [
        1.1164896828190969,
        3.540449799077206,
        11.656974314808746
      ],
      "molecular_vector": [
        0.44242977004729733,
        0.234906681787876,
        7.348115618822513
      ],
      "molecular_vector_length": 7.365169950391916,
      "low_plane_intersection": [
        0.6976253653016086,
        3.3180551194948222,
        4.700246621306897
      ],
      "high_plane_intersection": [
        1.0886980472626682,
        3.5256939184109464,
        11.195395630166919
      ],
      "penetration_segments": {
        "n1_to_low_plane": 0.39229630235185614,
        "low_plane_to_high_plane": 6.51022367977375,
        "high_plane_to_n2": 0.4626499682663098,
        "total_calculated": 7.365169950391916,
        "molecular_length": 7.365169950391916,
        "length_difference": 0.0
      },
      "penetration_parameters": {
        "t_low_plane": 0.39229630235185603,
        "t_high_plane": 6.9025199821256065
      }
    },
    "molecule_1": {
      "formula": "C7H20N2",
      "n1_position": [
        3.283195130663231,
        0.29382970575734596,
        4.010949110236038
      ],
      "n2_position": [
        3.8217714786399215,
        0.6635228800553075,
        11.367272304847052
      ],
      "molecular_vector": [
        0.5385763479766905,
        0.3696931742979615,
        7.356323194611014
      ],
      "molecular_vector_length": 7.385271049141961,
      "low_plane_intersection": [
        3.3317955540275337,
        0.3271903329985399,
        4.674774068398162
      ],
      "high_plane_intersection": [
        3.803875024965898,
        0.6512382767817293,
        11.122827672701415
      ],
      "penetration_segments": {
        "n1_to_low_plane": 0.6664371745934202,
        "low_plane_to_high_plane": 6.47342732875868,
        "high_plane_to_n2": 0.2454065457898615,
        "total_calculated": 7.385271049141961,
        "molecular_length": 7.385271049141961,
        "length_difference": 0.0
      },
      "penetration_parameters": {
        "t_low_plane": 0.6664371745934203,
        "t_high_plane": 7.139864503352101
      }
    },
    "comparative_analysis": {
      "molecule_1": {
        "id": "molecule_0",
        "segments": {
          "n1_to_low_plane": 0.39229630235185614,
          "low_plane_to_high_plane": 6.51022367977375,
          "high_plane_to_n2": 0.4626499682663098,
          "total_calculated": 7.365169950391916,
          "molecular_length": 7.365169950391916,
          "length_difference": 0.0
        }
      },
      "molecule_2": {
        "id": "molecule_1",
        "segments": {
          "n1_to_low_plane": 0.6664371745934202,
          "low_plane_to_high_plane": 6.47342732875868,
          "high_plane_to_n2": 0.2454065457898615,
          "total_calculated": 7.385271049141961,
          "molecular_length": 7.385271049141961,
          "length_difference": 0.0
        }
      },
      "penetration_comparison": {
        "n1_to_low_diff": 0.2741408722415641,
        "low_to_high_diff": 0.03679635101507017,
        "high_to_n2_diff": 0.21724342247644826
      }
    },
    "plane_reference": {
      "plane_analysis": {
        "low_plane": {
          "normal_vector": [
            0.022864957509357537,
            0.011624068591297863,
            0.9996709832477283
          ],
          "center_position": [
            5.892855999607033,
            1.735587062266678,
            4.599819568660247
          ],
          "angle_vs_z_axis_degrees": 0.6230031767847466
        },
        "high_plane": {
          "normal_vector": [
            -0.00846803189755349,
            -0.03322976411816596,
            0.9994118646546243
          ],
          "center_position": [
            2.4154986837122085,
            2.127148873901079,
            11.160136961471084
          ],
          "angle_vs_z_axis_degrees": 3.133443074586869
        }
      },
      "vector_analysis_results": {
        "angle_between_planes_degrees": 3.1353079938756676,
        "distance_between_plane_centers_angstrom": 7.435260509837839,
        "angle_between_low_plane_and_z": 0.6230031767847466,
        "angle_between_high_plane_and_z": 3.133443074586869
      }
    }
  }
}