{
  "experiment": {
    "name": "CONTCAR",
    "file_path": "/home/dotempo/Documents/DION-JACOBSON/BULKS/MAPbI3/MAPbI3_n2_CC(C)(CCCC[NH3+])CCCC[NH3+]/CONTCAR",
    "timestamp": "2025-08-06 13:15:55.577436"
  },
  "analysis_parameters": {
    "halogen_symbol": "I",
    "central_metal": "Pb",
    "total_spacer_molecules": 4,
    "analyzed_molecules": 2
  },
  "penetration_analysis": {
    "molecule_0": {
      "formula": "C11H28N2",
      "n1_position": [
        0.9098613715631244,
        5.14048476879382,
        4.45494022414274
      ],
      "n2_position": [
        1.1136307519162718,
        5.15647653218041,
        16.410087045223047
      ],
      "molecular_vector": [
        0.2037693803531474,
        0.015991763386589142,
        11.955146821080309
      ],
      "molecular_vector_length": 11.956893961662969,
      "low_plane_intersection": [
        0.9229529108736331,
        5.141512189099349,
        5.223020660466536
      ],
      "high_plane_intersection": [
        1.1009367012453526,
        5.155480306670989,
        15.665327262069848
      ],
      "penetration_segments": {
        "n1_to_low_plane": 0.7681926845898468,
        "low_plane_to_high_plane": 10.443832653764217,
        "high_plane_to_n2": 0.744868623308904,
        "total_calculated": 11.956893961662967,
        "molecular_length": 11.956893961662969,
        "length_difference": 1.7763568394002505e-15
      },
      "penetration_parameters": {
        "t_low_plane": 0.7681926845898472,
        "t_high_plane": 11.212025338354065
      }
    },
    "molecule_1": {
      "formula": "C11H28N2",
      "n1_position": [
        5.217466652501901,
        7.789029464972161,
        4.477148048872115
      ],
      "n2_position": [
        5.422103618976557,
        7.806739386176605,
        16.43024751159423
      ],
      "molecular_vector": [
        0.20463696647465568,
        0.01770992120444337,
        11.953099462722117
      ],
      "molecular_vector_length": 11.954864143731822,
      "low_plane_intersection": [
        5.22989779262803,
        7.790105294603082,
        5.203266388693444
      ],
      "high_plane_intersection": [
        5.408671160419847,
        7.80557689932626,
        15.645640918155843
      ],
      "penetration_segments": {
        "n1_to_low_plane": 0.7262255394015781,
        "low_plane_to_high_plane": 10.443916176470845,
        "high_plane_to_n2": 0.7847224278593975,
        "total_calculated": 11.954864143731822,
        "molecular_length": 11.954864143731822,
        "length_difference": 0.0
      },
      "penetration_parameters": {
        "t_low_plane": 0.7262255394015783,
        "t_high_plane": 11.170141715872425
      }
    },
    "comparative_analysis": {
      "molecule_1": {
        "id": "molecule_0",
        "segments": {
          "n1_to_low_plane": 0.7681926845898468,
          "low_plane_to_high_plane": 10.443832653764217,
          "high_plane_to_n2": 0.744868623308904,
          "total_calculated": 11.956893961662967,
          "molecular_length": 11.956893961662969,
          "length_difference": 1.7763568394002505e-15
        }
      },
      "molecule_2": {
        "id": "molecule_1",
        "segments": {
          "n1_to_low_plane": 0.7262255394015781,
          "low_plane_to_high_plane": 10.443916176470845,
          "high_plane_to_n2": 0.7847224278593975,
          "total_calculated": 11.954864143731822,
          "molecular_length": 11.954864143731822,
          "length_difference": 0.0
        }
      },
      "penetration_comparison": {
        "n1_to_low_diff": 0.04196714518826872,
        "low_to_high_diff": 8.352270662825845e-05,
        "high_to_n2_diff": 0.03985380455049348
      }
    },
    "plane_reference": {
      "plane_analysis": {
        "low_plane": {
          "normal_vector": [
            0.0013243243500161933,
            0.0053047727448473775,
            0.9999850526638593
          ],
          "center_position": [
            2.2139010003470836,
            6.464057767984788,
            5.21429509231235
          ],
          "angle_vs_z_axis_degrees": 0.39057846560316567
        },
        "high_plane": {
          "normal_vector": [
            0.0012823124655246155,
            0.005344025973665265,
            0.9999848984165379
          ],
          "center_position": [
            2.4120663262728335,
            6.482014395284352,
            15.65655681913568
          ],
          "angle_vs_z_axis_degrees": 0.3938709897746875
        }
      },
      "vector_analysis_results": {
        "angle_between_planes_degrees": 0.003294302071495284,
        "distance_between_plane_centers_angstrom": 10.444157309632146,
        "angle_between_low_plane_and_z": 0.39057846560316567,
        "angle_between_high_plane_and_z": 0.3938709897746875
      }
    }
  }
}