{
  "experiment": {
    "name": "CONTCAR",
    "file_path": "/home/dotempo/Documents/DION-JACOBSON/BULKS/MAPbI3/MAPbI3_n3_CC(C)(CCCC[NH3+])CCCC[NH3+]/CONTCAR",
    "timestamp": "2025-08-06 13:15:50.155503"
  },
  "salt_structure_info": {
    "total_atoms": 86,
    "halogen_symbol": "I"
  },
  "vector_analysis": {
    "plane_analysis": {
      "low_plane": {
        "normal_vector": [
          0.002193011080665215,
          0.004497816478903035,
          0.999987480096287
        ],
        "center_position": [
          2.2167360887612193,
          6.477168865381909,
          5.470867857585155
        ],
        "angle_vs_z_axis_degrees": 0.19395629247537022
      },
      "high_plane": {
        "normal_vector": [
          0.002273236386182803,
          0.004394166907578115,
          0.9999877617718732
        ],
        "center_position": [
          2.3964657065583856,
          6.570534405992635,
          15.829597125116152
        ],
        "angle_vs_z_axis_degrees": 0.18650977628336132
      }
    },
    "vector_analysis_results": {
      "angle_between_planes_degrees": 0.007509772711432018,
      "distance_between_plane_centers_angstrom": 10.360709044157659,
      "angle_between_low_plane_and_z": 0.19395629247537022,
      "angle_between_high_plane_and_z": 0.18650977628336132
    }
  }
}