{
  "experiment": {
    "name": "CONTCAR",
    "file_path": "/home/dotempo/Documents/DION-JACOBSON/BULKS/MAPbI3/MAPbI3_n3_CC(C)(CCCC[NH3+])CCCC[NH3+]/CONTCAR",
    "timestamp": "2025-08-06 13:15:50.183313"
  },
  "analysis_parameters": {
    "halogen_symbol": "I",
    "central_metal": "Pb",
    "total_spacer_molecules": 6,
    "analyzed_molecules": 2
  },
  "penetration_analysis": {
    "molecule_0": {
      "formula": "C11H28N2",
      "n1_position": [
        0.9171263076747002,
        5.147227098545216,
        4.685889897801911
      ],
      "n2_position": [
        1.0996106805311636,
        5.239019439249165,
        16.623252058023034
      ],
      "molecular_vector": [
        0.18248437285646346,
        0.09179234070394848,
        11.937362160221124
      ],
      "molecular_vector_length": 11.939109754266767,
      "low_plane_intersection": [
        0.9292603156387949,
        5.153330684160302,
        5.479645797307559
      ],
      "high_plane_intersection": [
        1.0876135480809135,
        5.232984704043592,
        15.838449980447743
      ],
      "penetration_segments": {
        "n1_to_low_plane": 0.7938721029905603,
        "low_plane_to_high_plane": 10.3603206810287,
        "high_plane_to_n2": 0.7849169702475055,
        "total_calculated": 11.939109754266767,
        "molecular_length": 11.939109754266767,
        "length_difference": 0.0
      },
      "penetration_parameters": {
        "t_low_plane": 0.7938721029905605,
        "t_high_plane": 11.15419278401926
      }
    },
    "molecule_5": {
      "formula": "C11H28N2",
      "n1_position": [
        5.220594228825213,
        7.80849199803727,
        4.706572955325188
      ],
      "n2_position": [
        5.410053298729464,
        7.900612398337587,
        16.640150860068935
      ],
      "molecular_vector": [
        0.18945906990425065,
        0.09212040030031687,
        11.933577904743746
      ],
      "molecular_vector_length": 11.935437257005235,
      "low_plane_intersection": [
        5.232527793037875,
        7.814294437122585,
        5.458239889428815
      ],
      "high_plane_intersection": [
        5.396984201963092,
        7.894257830956409,
        15.816959420963116
      ],
      "penetration_segments": {
        "n1_to_low_plane": 0.7517840501626131,
        "low_plane_to_high_plane": 10.360333507555643,
        "high_plane_to_n2": 0.8233196992869788,
        "total_calculated": 11.935437257005233,
        "molecular_length": 11.935437257005235,
        "length_difference": 1.7763568394002505e-15
      },
      "penetration_parameters": {
        "t_low_plane": 0.7517840501626128,
        "t_high_plane": 11.112117557718257
      }
    },
    "comparative_analysis": {
      "molecule_1": {
        "id": "molecule_0",
        "segments": {
          "n1_to_low_plane": 0.7938721029905603,
          "low_plane_to_high_plane": 10.3603206810287,
          "high_plane_to_n2": 0.7849169702475055,
          "total_calculated": 11.939109754266767,
          "molecular_length": 11.939109754266767,
          "length_difference": 0.0
        }
      },
      "molecule_2": {
        "id": "molecule_5",
        "segments": {
          "n1_to_low_plane": 0.7517840501626131,
          "low_plane_to_high_plane": 10.360333507555643,
          "high_plane_to_n2": 0.8233196992869788,
          "total_calculated": 11.935437257005233,
          "molecular_length": 11.935437257005235,
          "length_difference": 1.7763568394002505e-15
        }
      },
      "penetration_comparison": {
        "n1_to_low_diff": 0.04208805282794725,
        "low_to_high_diff": 1.2826526942788519e-05,
        "high_to_n2_diff": 0.03840272903947328
      }
    },
    "plane_reference": {
      "plane_analysis": {
        "low_plane": {
          "normal_vector": [
            0.002193011080665215,
            0.004497816478903035,
            0.999987480096287
          ],
          "center_position": [
            2.2167360887612193,
            6.477168865381909,
            5.470867857585155
          ],
          "angle_vs_z_axis_degrees": 0.19395629247537022
        },
        "high_plane": {
          "normal_vector": [
            0.002273236386182803,
            0.004394166907578115,
            0.9999877617718732
          ],
          "center_position": [
            2.3964657065583856,
            6.570534405992635,
            15.829597125116152
          ],
          "angle_vs_z_axis_degrees": 0.18650977628336132
        }
      },
      "vector_analysis_results": {
        "angle_between_planes_degrees": 0.007509772711432018,
        "distance_between_plane_centers_angstrom": 10.360709044157659,
        "angle_between_low_plane_and_z": 0.19395629247537022,
        "angle_between_high_plane_and_z": 0.18650977628336132
      }
    }
  }
}