{
  "experiment": {
    "name": "CONTCAR",
    "file_path": "/home/dotempo/Documents/DION-JACOBSON/BULKS/MAPbBr3/MAPbBr3_n2_[NH3+]CCCCCCCC[NH3+]/CONTCAR",
    "timestamp": "2025-08-06 13:14:32.547765"
  },
  "salt_structure_info": {
    "total_atoms": 68,
    "halogen_symbol": "Br"
  },
  "vector_analysis": {
    "plane_analysis": {
      "low_plane": {
        "normal_vector": [
          -0.09514695562406603,
          -0.09733272781462499,
          0.9906933919894875
        ],
        "center_position": [
          5.803981297658261,
          5.759230758364841,
          4.473645591585399
        ],
        "angle_vs_z_axis_degrees": 14.942384479803135
      },
      "high_plane": {
        "normal_vector": [
          -0.056714455704083726,
          -0.06287287098864563,
          0.9964087879017499
        ],
        "center_position": [
          4.177450376556786,
          3.528296269000517,
          12.8474572522112
        ],
        "angle_vs_z_axis_degrees": 11.966697688208356
      }
    },
    "vector_analysis_results": {
      "angle_between_planes_degrees": 2.9759689281983555,
      "distance_between_plane_centers_angstrom": 8.817221402503575,
      "angle_between_low_plane_and_z": 14.942384479803135,
      "angle_between_high_plane_and_z": 11.966697688208356
    }
  }
}