{
  "experiment": {
    "name": "CONTCAR",
    "file_path": "/home/dotempo/Documents/DION-JACOBSON/BULKS/MAPbI3/MAPbI3_n3_[NH3+]C1CCC([NH3+])CC1/CONTCAR",
    "timestamp": "2025-08-06 13:15:40.519132"
  },
  "salt_structure_info": {
    "total_atoms": 52,
    "halogen_symbol": "I"
  },
  "vector_analysis": {
    "plane_analysis": {
      "low_plane": {
        "normal_vector": [
          0.000951881263932324,
          0.021396510074807844,
          0.9997706153306758
        ],
        "center_position": [
          2.119831773629041,
          2.175189124509466,
          5.183830832835685
        ],
        "angle_vs_z_axis_degrees": 1.8445489697763033
      },
      "high_plane": {
        "normal_vector": [
          0.0008591231066496956,
          -0.020974526088728167,
          0.9997796413024426
        ],
        "center_position": [
          2.0126978649520986,
          6.498827952525637,
          9.744219716800679
        ],
        "angle_vs_z_axis_degrees": 1.831975423652618
      }
    },
    "vector_analysis_results": {
      "angle_between_planes_degrees": 2.4278690574039765,
      "distance_between_plane_centers_angstrom": 6.2850996143664215,
      "angle_between_low_plane_and_z": 1.8445489697763033,
      "angle_between_high_plane_and_z": 1.831975423652618
    }
  }
}