{
  "experiment": {
    "name": "CONTCAR",
    "file_path": "/home/dotempo/Documents/DION-JACOBSON/BULKS/MAPbCl3/MAPbCl3_n3_CC(C)(CC[NH3+])C(C)(C)CC[NH3+]/CONTCAR",
    "timestamp": "2025-08-06 13:13:25.697852"
  },
  "salt_structure_info": {
    "total_atoms": 80,
    "halogen_symbol": "Cl"
  },
  "vector_analysis": {
    "plane_analysis": {
      "low_plane": {
        "normal_vector": [
          -0.009154353545612882,
          0.00681158736700997,
          0.9999348979252116
        ],
        "center_position": [
          2.4603155263219327,
          6.000036685560779,
          4.723416773242716
        ],
        "angle_vs_z_axis_degrees": 1.7291405918343843
      },
      "high_plane": {
        "normal_vector": [
          0.025453491468010486,
          -0.002549613112118934,
          0.999672756078241
        ],
        "center_position": [
          2.6004226228828586,
          1.941099096216481,
          12.028955610936004
        ],
        "angle_vs_z_axis_degrees": 0.8109642747132252
      }
    },
    "vector_analysis_results": {
      "angle_between_planes_degrees": 2.0543085471920963,
      "distance_between_plane_centers_angstrom": 8.358558611491805,
      "angle_between_low_plane_and_z": 1.7291405918343843,
      "angle_between_high_plane_and_z": 0.8109642747132252
    }
  }
}