{
  "experiment": {
    "name": "CONTCAR",
    "file_path": "/home/dotempo/Documents/DION-JACOBSON/BULKS/MAPbBr3/MAPbBr3_n2_[NH3+]CCCCCCC[NH3+]/CONTCAR",
    "timestamp": "2025-08-06 13:14:41.420671"
  },
  "salt_structure_info": {
    "total_atoms": 62,
    "halogen_symbol": "Br"
  },
  "vector_analysis": {
    "plane_analysis": {
      "low_plane": {
        "normal_vector": [
          0.06575007505807887,
          0.060073258755795424,
          0.9960261699434991
        ],
        "center_position": [
          2.334811270460305,
          2.1797410573157134,
          3.3354163369546805
        ],
        "angle_vs_z_axis_degrees": 11.131695492783903
      },
      "high_plane": {
        "normal_vector": [
          0.06714912712011585,
          0.06294071592166116,
          0.995755723561896
        ],
        "center_position": [
          4.330219093704527,
          4.2845918013248445,
          10.449296216659649
        ],
        "angle_vs_z_axis_degrees": 11.306218236512874
      }
    },
    "vector_analysis_results": {
      "angle_between_planes_degrees": 0.18346111530855225,
      "distance_between_plane_centers_angstrom": 7.682404309751682,
      "angle_between_low_plane_and_z": 11.131695492783903,
      "angle_between_high_plane_and_z": 11.306218236512874
    }
  }
}