{
  "experiment": {
    "name": "CONTCAR",
    "file_path": "/home/dotempo/Documents/DION-JACOBSON/BULKS/MAPbCl3/MAPbCl3_n3_[NH3+]CCCCCC[NH3+]/CONTCAR",
    "timestamp": "2025-08-06 13:13:55.761077"
  },
  "salt_structure_info": {
    "total_atoms": 56,
    "halogen_symbol": "Cl"
  },
  "vector_analysis": {
    "plane_analysis": {
      "low_plane": {
        "normal_vector": [
          0.07395111472971119,
          0.008678830030182995,
          0.9972241024662111
        ],
        "center_position": [
          2.691347875431693,
          5.503314801280053,
          5.253235903509399
        ],
        "angle_vs_z_axis_degrees": 6.625237984938023
      },
      "high_plane": {
        "normal_vector": [
          0.07480707708421325,
          0.02108749125515449,
          0.9969750342564654
        ],
        "center_position": [
          5.453716330718985,
          4.483574362178017,
          10.817953325566684
        ],
        "angle_vs_z_axis_degrees": 6.198204131670755
      }
    },
    "vector_analysis_results": {
      "angle_between_planes_degrees": 0.7128008928275805,
      "distance_between_plane_centers_angstrom": 6.295762863486377,
      "angle_between_low_plane_and_z": 6.625237984938023,
      "angle_between_high_plane_and_z": 6.198204131670755
    }
  }
}