{
  "experiment": {
    "name": "CONTCAR",
    "file_path": "/home/dotempo/Documents/DION-JACOBSON/BULKS/MAPbI3/MAPbI3_n1_[NH3+]C1=CC=C([NH3+])C=C1/CONTCAR",
    "timestamp": "2025-08-06 13:16:14.996595"
  },
  "salt_structure_info": {
    "total_atoms": 40,
    "halogen_symbol": "I"
  },
  "vector_analysis": {
    "plane_analysis": {
      "low_plane": {
        "normal_vector": [
          0.06220153042238026,
          -0.021102314103635503,
          0.9978404992545578
        ],
        "center_position": [
          2.1341590376505426,
          5.862588322859734,
          5.117054890022915
        ],
        "angle_vs_z_axis_degrees": 7.683667355893529
      },
      "high_plane": {
        "normal_vector": [
          -0.07313112523888893,
          0.036021133511509616,
          0.9966716191714501
        ],
        "center_position": [
          2.039657618149078,
          2.8617671472307054,
          9.01343363023312
        ],
        "angle_vs_z_axis_degrees": 2.915084040145219
      }
    },
    "vector_analysis_results": {
      "angle_between_planes_degrees": 8.424291828642227,
      "distance_between_plane_centers_angstrom": 4.918904912025993,
      "angle_between_low_plane_and_z": 7.683667355893529,
      "angle_between_high_plane_and_z": 2.915084040145219
    }
  }
}