{
  "experiment": {
    "name": "CONTCAR",
    "file_path": "/home/dotempo/Documents/DION-JACOBSON/BULKS/MAPbI3/MAPbI3_n1_[NH3+]C1=CC=C([NH3+])C=C1/CONTCAR",
    "timestamp": "2025-08-06 13:16:15.023099"
  },
  "analysis_parameters": {
    "halogen_symbol": "I",
    "central_metal": "Pb",
    "total_spacer_molecules": 2,
    "analyzed_molecules": 2
  },
  "penetration_analysis": {
    "molecule_0": {
      "formula": "C6H10N2",
      "n1_position": [
        5.544443675205333,
        7.1345475292662845,
        4.99687218710342
      ],
      "n2_position": [
        3.2281077114836845,
        1.5684614662785865,
        9.04216106026065
      ],
      "molecular_vector": [
        -2.3163359637216483,
        -5.566086062987698,
        4.04528887315723
      ],
      "molecular_vector_length": 7.260240245660324,
      "low_plane_intersection": [
        5.582199143777424,
        7.22527279136645,
        4.930935388941324
      ],
      "high_plane_intersection": [
        3.1673917777626017,
        1.4225628929372567,
        9.148196408738606
      ],
      "penetration_segments": {
        "n1_to_low_plane": 0.11833938457720145,
        "low_plane_to_high_plane": 7.568885472075079,
        "high_plane_to_n2": 0.19030584183755345,
        "total_calculated": 7.877530698489835,
        "molecular_length": 7.260240245660324,
        "length_difference": 0.6172904528295113
      },
      "penetration_parameters": {
        "t_low_plane": -0.11833938457720188,
        "t_high_plane": 7.450546087497877
      }
    },
    "molecule_1": {
      "formula": "C6H10N2",
      "n1_position": [
        0.8754067406068236,
        3.630304101769989,
        4.614105328504926
      ],
      "n2_position": [
        7.912360933072394,
        5.068759880780435,
        9.418116694103627
      ],
      "molecular_vector": [
        7.03695419246557,
        1.4384557790104462,
        4.804011365598702
      ],
      "molecular_vector_length": 8.640972429988931,
      "low_plane_intersection": [
        1.5966292649553409,
        3.7777324748596444,
        5.1064719276517225
      ],
      "high_plane_intersection": [
        7.8255510559095,
        5.051014679367322,
        9.358853037537084
      ],
      "penetration_segments": {
        "n1_to_low_plane": 0.8856195135468125,
        "low_plane_to_high_plane": 7.648755412081717,
        "high_plane_to_n2": 0.1065975043604017,
        "total_calculated": 8.640972429988931,
        "molecular_length": 8.640972429988931,
        "length_difference": 0.0
      },
      "penetration_parameters": {
        "t_low_plane": 0.8856195135468122,
        "t_high_plane": 8.53437492562853
      }
    },
    "comparative_analysis": {
      "molecule_1": {
        "id": "molecule_0",
        "segments": {
          "n1_to_low_plane": 0.11833938457720145,
          "low_plane_to_high_plane": 7.568885472075079,
          "high_plane_to_n2": 0.19030584183755345,
          "total_calculated": 7.877530698489835,
          "molecular_length": 7.260240245660324,
          "length_difference": 0.6172904528295113
        }
      },
      "molecule_2": {
        "id": "molecule_1",
        "segments": {
          "n1_to_low_plane": 0.8856195135468125,
          "low_plane_to_high_plane": 7.648755412081717,
          "high_plane_to_n2": 0.1065975043604017,
          "total_calculated": 8.640972429988931,
          "molecular_length": 8.640972429988931,
          "length_difference": 0.0
        }
      },
      "penetration_comparison": {
        "n1_to_low_diff": 0.767280128969611,
        "low_to_high_diff": 0.07986994000663739,
        "high_to_n2_diff": 0.08370833747715174
      }
    },
    "plane_reference": {
      "plane_analysis": {
        "low_plane": {
          "normal_vector": [
            0.06220153042238026,
            -0.021102314103635503,
            0.9978404992545578
          ],
          "center_position": [
            2.1341590376505426,
            5.862588322859734,
            5.117054890022915
          ],
          "angle_vs_z_axis_degrees": 7.683667355893529
        },
        "high_plane": {
          "normal_vector": [
            -0.07313112523888893,
            0.036021133511509616,
            0.9966716191714501
          ],
          "center_position": [
            2.039657618149078,
            2.8617671472307054,
            9.01343363023312
          ],
          "angle_vs_z_axis_degrees": 2.915084040145219
        }
      },
      "vector_analysis_results": {
        "angle_between_planes_degrees": 8.424291828642227,
        "distance_between_plane_centers_angstrom": 4.918904912025993,
        "angle_between_low_plane_and_z": 7.683667355893529,
        "angle_between_high_plane_and_z": 2.915084040145219
      }
    }
  }
}