{
  "experiment": {
    "name": "CONTCAR",
    "file_path": "/home/dotempo/Documents/DION-JACOBSON/BULKS/MAPbI3/MAPbI3_n3_[NH3+]CCCCCCC[NH3+]/CONTCAR",
    "timestamp": "2025-08-06 13:15:35.475504"
  },
  "analysis_parameters": {
    "halogen_symbol": "I",
    "central_metal": "Pb",
    "total_spacer_molecules": 6,
    "analyzed_molecules": 2
  },
  "penetration_analysis": {
    "molecule_0": {
      "formula": "C7H20N2",
      "n1_position": [
        4.982991304406569,
        7.993611813427945,
        4.641661185883832
      ],
      "n2_position": [
        4.881228323833514,
        7.962858276536393,
        14.340466823297094
      ],
      "molecular_vector": [
        -0.10176298057305466,
        -0.030753536891552358,
        9.698805637413262
      ],
      "molecular_vector_length": 9.699388242387544,
      "low_plane_intersection": [
        4.97527017174684,
        7.991278429158357,
        5.377545340865222
      ],
      "high_plane_intersection": [
        4.889113528264096,
        7.965241244527186,
        13.588945349055505
      ],
      "penetration_segments": {
        "n1_to_low_plane": 0.7359283593695605,
        "low_plane_to_high_plane": 8.211893265058134,
        "high_plane_to_n2": 0.7515666179598505,
        "total_calculated": 9.699388242387545,
        "molecular_length": 9.699388242387544,
        "length_difference": 1.7763568394002505e-15
      },
      "penetration_parameters": {
        "t_low_plane": 0.73592835936956,
        "t_high_plane": 8.947821624427693
      }
    },
    "molecule_5": {
      "formula": "C7H20N2",
      "n1_position": [
        0.6797327383997219,
        5.159882000456399,
        4.647045194638309
      ],
      "n2_position": [
        0.5820066732372163,
        5.111973676901689,
        14.349530142726223
      ],
      "molecular_vector": [
        -0.0977260651625056,
        -0.04790832355470975,
        9.702484948087914
      ],
      "molecular_vector_length": 9.703095369991502,
      "low_plane_intersection": [
        0.6723352629437042,
        5.156255530414393,
        5.381484815700632
      ],
      "high_plane_intersection": [
        0.5895388279308381,
        5.115666170849195,
        13.601719234551298
      ],
      "penetration_segments": {
        "n1_to_low_plane": 0.734485827578896,
        "low_plane_to_high_plane": 8.220751586480272,
        "high_plane_to_n2": 0.7478579559323327,
        "total_calculated": 9.7030953699915,
        "molecular_length": 9.703095369991502,
        "length_difference": 1.7763568394002505e-15
      },
      "penetration_parameters": {
        "t_low_plane": 0.7344858275788959,
        "t_high_plane": 8.95523741405917
      }
    },
    "comparative_analysis": {
      "molecule_1": {
        "id": "molecule_0",
        "segments": {
          "n1_to_low_plane": 0.7359283593695605,
          "low_plane_to_high_plane": 8.211893265058134,
          "high_plane_to_n2": 0.7515666179598505,
          "total_calculated": 9.699388242387545,
          "molecular_length": 9.699388242387544,
          "length_difference": 1.7763568394002505e-15
        }
      },
      "molecule_2": {
        "id": "molecule_5",
        "segments": {
          "n1_to_low_plane": 0.734485827578896,
          "low_plane_to_high_plane": 8.220751586480272,
          "high_plane_to_n2": 0.7478579559323327,
          "total_calculated": 9.7030953699915,
          "molecular_length": 9.703095369991502,
          "length_difference": 1.7763568394002505e-15
        }
      },
      "penetration_comparison": {
        "n1_to_low_diff": 0.0014425317906644475,
        "low_to_high_diff": 0.008858321422138715,
        "high_to_n2_diff": 0.0037086620275177395
      }
    },
    "plane_reference": {
      "plane_analysis": {
        "low_plane": {
          "normal_vector": [
            -1.9099743629166614e-05,
            0.0014185620251407128,
            0.999998993657984
          ],
          "center_position": [
            6.326683630566192,
            6.572025161207925,
            5.379584453357838
          ],
          "angle_vs_z_axis_degrees": 0.18287525203071459
        },
        "high_plane": {
          "normal_vector": [
            0.0012429734724322308,
            0.0026072571255432173,
            0.9999958286049138
          ],
          "center_position": [
            6.238834562678634,
            6.534220423219084,
            13.59099872941316
          ],
          "angle_vs_z_axis_degrees": 0.2821935068244393
        }
      },
      "vector_analysis_results": {
        "angle_between_planes_degrees": 0.09933567457948114,
        "distance_between_plane_centers_angstrom": 8.21197120489035,
        "angle_between_low_plane_and_z": 0.18287525203071459,
        "angle_between_high_plane_and_z": 0.2821935068244393
      }
    }
  }
}