{
  "experiment": {
    "name": "CONTCAR",
    "file_path": "/home/dotempo/Documents/DION-JACOBSON/BULKS/MAPbI3/MAPbI3_n2_[NH3+]CCCC[NH3+]/CONTCAR",
    "timestamp": "2025-08-06 13:15:31.500467"
  },
  "salt_structure_info": {
    "total_atoms": 44,
    "halogen_symbol": "I"
  },
  "vector_analysis": {
    "plane_analysis": {
      "low_plane": {
        "normal_vector": [
          0.003638929626469853,
          -0.029218826794097257,
          0.9995664151780762
        ],
        "center_position": [
          6.377096512299118,
          6.466588476787594,
          5.364055836079276
        ],
        "angle_vs_z_axis_degrees": 2.3874895918529475
      },
      "high_plane": {
        "normal_vector": [
          0.004004458664664121,
          0.028973953235258115,
          0.9995721456426865
        ],
        "center_position": [
          2.9026681759928046,
          6.465088323411985,
          9.48208042241852
        ],
        "angle_vs_z_axis_degrees": 2.372516878222998
      }
    },
    "vector_analysis_results": {
      "angle_between_planes_degrees": 3.334737148164351,
      "distance_between_plane_centers_angstrom": 5.387929194809719,
      "angle_between_low_plane_and_z": 2.3874895918529475,
      "angle_between_high_plane_and_z": 2.372516878222998
    }
  }
}