{
  "experiment": {
    "name": "CONTCAR",
    "file_path": "/home/dotempo/Documents/DION-JACOBSON/BULKS/MAPbBr3/MAPbBr3_n2_[NH3+]CCCCCC[NH3+]/CONTCAR",
    "timestamp": "2025-08-06 13:15:00.209313"
  },
  "salt_structure_info": {
    "total_atoms": 56,
    "halogen_symbol": "Br"
  },
  "vector_analysis": {
    "plane_analysis": {
      "low_plane": {
        "normal_vector": [
          -0.047018896987528716,
          -0.047447601803634505,
          0.9977664798985582
        ],
        "center_position": [
          5.933433481366461,
          5.992100908185927,
          4.241662955154062
        ],
        "angle_vs_z_axis_degrees": 9.304523254249242
      },
      "high_plane": {
        "normal_vector": [
          -0.05625452381688933,
          -0.048161967800155234,
          0.997254156876647
        ],
        "center_position": [
          3.32616624109825,
          3.383734510449058,
          10.302944945824262
        ],
        "angle_vs_z_axis_degrees": 9.708068407045738
      }
    },
    "vector_analysis_results": {
      "angle_between_planes_degrees": 0.5315560599036097,
      "distance_between_plane_centers_angstrom": 7.095107969399868,
      "angle_between_low_plane_and_z": 9.304523254249242,
      "angle_between_high_plane_and_z": 9.708068407045738
    }
  }
}