{
  "experiment": {
    "name": "CONTCAR",
    "file_path": "/home/dotempo/Documents/DION-JACOBSON/BULKS/MAPbBr3/MAPbBr3_n3_[NH3+]CCCC[NH3+]/CONTCAR",
    "timestamp": "2025-08-06 13:14:21.326997"
  },
  "salt_structure_info": {
    "total_atoms": 44,
    "halogen_symbol": "Br"
  },
  "vector_analysis": {
    "plane_analysis": {
      "low_plane": {
        "normal_vector": [
          -0.025052960784033657,
          -0.02714952676012244,
          0.999317393200306
        ],
        "center_position": [
          6.16158236175661,
          6.158634297841236,
          4.269438406186475
        ],
        "angle_vs_z_axis_degrees": 5.034409769402507
      },
      "high_plane": {
        "normal_vector": [
          -0.025200757618470338,
          -0.025734850429923205,
          0.9993511091147118
        ],
        "center_position": [
          2.8240021938922553,
          2.8256545375227162,
          8.031705295671745
        ],
        "angle_vs_z_axis_degrees": 4.982033355844335
      }
    },
    "vector_analysis_results": {
      "angle_between_planes_degrees": 0.08151903143604747,
      "distance_between_plane_centers_angstrom": 6.033477240143657,
      "angle_between_low_plane_and_z": 5.034409769402507,
      "angle_between_high_plane_and_z": 4.982033355844335
    }
  }
}