{
  "experiment": {
    "name": "CONTCAR",
    "file_path": "/home/dotempo/Documents/DION-JACOBSON/BULKS/MAPbBr3/MAPbBr3_n3_[NH3+]CCCC[NH3+]/CONTCAR",
    "timestamp": "2025-08-06 13:14:21.356532"
  },
  "analysis_parameters": {
    "halogen_symbol": "Br",
    "central_metal": "Pb",
    "total_spacer_molecules": 6,
    "analyzed_molecules": 2
  },
  "penetration_analysis": {
    "molecule_1": {
      "formula": "C4H14N2",
      "n1_position": [
        3.2449501640301057,
        7.339356583476564,
        3.827444473336173
      ],
      "n2_position": [
        5.729632268948818,
        1.6535640090171302,
        8.74575068123618
      ],
      "molecular_vector": [
        2.4846821049187127,
        -5.685792574459434,
        4.918306207900006
      ],
      "molecular_vector_length": 7.917803882197958,
      "low_plane_intersection": [
        3.4437806353712457,
        6.88436525267825,
        4.2210196271077285
      ],
      "high_plane_intersection": [
        5.3963471653574535,
        2.4162329892566454,
        8.08602918577846
      ],
      "penetration_segments": {
        "n1_to_low_plane": 0.6336024535161339,
        "low_plane_to_high_plane": 6.222139573014059,
        "high_plane_to_n2": 1.0620618556677666,
        "total_calculated": 7.917803882197959,
        "molecular_length": 7.917803882197958,
        "length_difference": 8.881784197001252e-16
      },
      "penetration_parameters": {
        "t_low_plane": 0.6336024535161342,
        "t_high_plane": 6.8557420265301925
      }
    },
    "molecule_5": {
      "formula": "C4H14N2",
      "n1_position": [
        7.376731281596166,
        3.2837473926270673,
        3.729015579926178
      ],
      "n2_position": [
        1.6020502969233943,
        5.664032696330544,
        8.700191209370058
      ],
      "molecular_vector": [
        -5.774680984672772,
        2.380285303703477,
        4.971175629443879
      ],
      "molecular_vector_length": 7.982811894348056,
      "low_plane_intersection": [
        6.813377717627206,
        3.515958005241589,
        4.213982544403705
      ],
      "high_plane_intersection": [
        2.317340065670818,
        5.369194985129182,
        8.084428871013069
      ],
      "penetration_segments": {
        "n1_to_low_plane": 0.7787695187164736,
        "low_plane_to_high_plane": 6.215239065281103,
        "high_plane_to_n2": 0.9888033103504799,
        "total_calculated": 7.982811894348057,
        "molecular_length": 7.982811894348056,
        "length_difference": 8.881784197001252e-16
      },
      "penetration_parameters": {
        "t_low_plane": 0.7787695187164736,
        "t_high_plane": 6.9940085839975765
      }
    },
    "comparative_analysis": {
      "molecule_1": {
        "id": "molecule_1",
        "segments": {
          "n1_to_low_plane": 0.6336024535161339,
          "low_plane_to_high_plane": 6.222139573014059,
          "high_plane_to_n2": 1.0620618556677666,
          "total_calculated": 7.917803882197959,
          "molecular_length": 7.917803882197958,
          "length_difference": 8.881784197001252e-16
        }
      },
      "molecule_2": {
        "id": "molecule_5",
        "segments": {
          "n1_to_low_plane": 0.7787695187164736,
          "low_plane_to_high_plane": 6.215239065281103,
          "high_plane_to_n2": 0.9888033103504799,
          "total_calculated": 7.982811894348057,
          "molecular_length": 7.982811894348056,
          "length_difference": 8.881784197001252e-16
        }
      },
      "penetration_comparison": {
        "n1_to_low_diff": 0.14516706520033973,
        "low_to_high_diff": 0.006900507732956029,
        "high_to_n2_diff": 0.0732585453172867
      }
    },
    "plane_reference": {
      "plane_analysis": {
        "low_plane": {
          "normal_vector": [
            -0.025052960784033657,
            -0.02714952676012244,
            0.999317393200306
          ],
          "center_position": [
            6.16158236175661,
            6.158634297841236,
            4.269438406186475
          ],
          "angle_vs_z_axis_degrees": 5.034409769402507
        },
        "high_plane": {
          "normal_vector": [
            -0.025200757618470338,
            -0.025734850429923205,
            0.9993511091147118
          ],
          "center_position": [
            2.8240021938922553,
            2.8256545375227162,
            8.031705295671745
          ],
          "angle_vs_z_axis_degrees": 4.982033355844335
        }
      },
      "vector_analysis_results": {
        "angle_between_planes_degrees": 0.08151903143604747,
        "distance_between_plane_centers_angstrom": 6.033477240143657,
        "angle_between_low_plane_and_z": 5.034409769402507,
        "angle_between_high_plane_and_z": 4.982033355844335
      }
    }
  }
}