{
  "experiment": {
    "name": "CONTCAR",
    "file_path": "/home/dotempo/Documents/DION-JACOBSON/BULKS/MAPbI3/MAPbI3_n3_[NH3+]CCCC1CCC(CCC[NH3+])CC1/CONTCAR",
    "timestamp": "2025-08-06 13:16:17.993014"
  },
  "salt_structure_info": {
    "total_atoms": 88,
    "halogen_symbol": "I"
  },
  "vector_analysis": {
    "plane_analysis": {
      "low_plane": {
        "normal_vector": [
          0.02368051140405804,
          -0.0436013262279151,
          0.998768320348022
        ],
        "center_position": [
          2.318617083448613,
          5.6773262597609255,
          5.81796951177118
        ],
        "angle_vs_z_axis_degrees": 3.6699695780572186
      },
      "high_plane": {
        "normal_vector": [
          0.03639353486675372,
          -0.05376541314420893,
          0.9978901697929161
        ],
        "center_position": [
          6.113228456762496,
          2.784071059994033,
          15.159174227304044
        ],
        "angle_vs_z_axis_degrees": 4.589465960772163
      }
    },
    "vector_analysis_results": {
      "angle_between_planes_degrees": 0.9339504863596416,
      "distance_between_plane_centers_angstrom": 10.489428328700981,
      "angle_between_low_plane_and_z": 3.6699695780572186,
      "angle_between_high_plane_and_z": 4.589465960772163
    }
  }
}