{
  "experiment": {
    "name": "CONTCAR",
    "file_path": "/home/dotempo/Documents/DION-JACOBSON/BULKS/MAPbI3/MAPbI3_n3_CC(C)(CCC[NH3+])C(C)(C)CCC[NH3+]/CONTCAR",
    "timestamp": "2025-08-06 13:15:33.736528"
  },
  "analysis_parameters": {
    "halogen_symbol": "I",
    "central_metal": "Pb",
    "total_spacer_molecules": 6,
    "analyzed_molecules": 2
  },
  "penetration_analysis": {
    "molecule_4": {
      "formula": "C12H30N2",
      "n1_position": [
        1.6079397315951924,
        4.235871760167461,
        4.692183272400214
      ],
      "n2_position": [
        5.85857228545099,
        4.347719575285201,
        14.559863691373309
      ],
      "molecular_vector": [
        4.250632553855797,
        0.11184781511774045,
        9.867680418973094
      ],
      "molecular_vector_length": 10.74483615010626,
      "low_plane_intersection": [
        1.762503895387247,
        4.2399388404894145,
        5.050998049542569
      ],
      "high_plane_intersection": [
        5.715988143968869,
        4.3439677278852775,
        14.228860076468294
      ],
      "penetration_segments": {
        "n1_to_low_plane": 0.39071046334440535,
        "low_plane_to_high_plane": 9.993698569522747,
        "high_plane_to_n2": 0.3604271172391071,
        "total_calculated": 10.74483615010626,
        "molecular_length": 10.74483615010626,
        "length_difference": 0.0
      },
      "penetration_parameters": {
        "t_low_plane": 0.39071046334440573,
        "t_high_plane": 10.384409032867152
      }
    },
    "molecule_5": {
      "formula": "C12H30N2",
      "n1_position": [
        5.922399336151552,
        0.08146245924282383,
        4.428801231540176
      ],
      "n2_position": [
        1.5320672119384957,
        0.008701570106290636,
        14.859324984211378
      ],
      "molecular_vector": [
        -4.390332124213057,
        -0.0727608891365332,
        10.430523752671203
      ],
      "molecular_vector_length": 11.317072769180342,
      "low_plane_intersection": [
        5.604271688664731,
        0.07619013591165814,
        5.184606917673198
      ],
      "high_plane_intersection": [
        1.6848958062818538,
        0.011234395435969408,
        14.496235760370148
      ],
      "penetration_segments": {
        "n1_to_low_plane": 0.8200458723021631,
        "low_plane_to_high_plane": 10.103076672963095,
        "high_plane_to_n2": 0.3939502239150836,
        "total_calculated": 11.317072769180342,
        "molecular_length": 11.317072769180342,
        "length_difference": 0.0
      },
      "penetration_parameters": {
        "t_low_plane": 0.8200458723021636,
        "t_high_plane": 10.923122545265258
      }
    },
    "comparative_analysis": {
      "molecule_1": {
        "id": "molecule_4",
        "segments": {
          "n1_to_low_plane": 0.39071046334440535,
          "low_plane_to_high_plane": 9.993698569522747,
          "high_plane_to_n2": 0.3604271172391071,
          "total_calculated": 10.74483615010626,
          "molecular_length": 10.74483615010626,
          "length_difference": 0.0
        }
      },
      "molecule_2": {
        "id": "molecule_5",
        "segments": {
          "n1_to_low_plane": 0.8200458723021631,
          "low_plane_to_high_plane": 10.103076672963095,
          "high_plane_to_n2": 0.3939502239150836,
          "total_calculated": 11.317072769180342,
          "molecular_length": 11.317072769180342,
          "length_difference": 0.0
        }
      },
      "penetration_comparison": {
        "n1_to_low_diff": 0.42933540895775774,
        "low_to_high_diff": 0.10937810344034737,
        "high_to_n2_diff": 0.03352310667597652
      }
    },
    "plane_reference": {
      "plane_analysis": {
        "low_plane": {
          "normal_vector": [
            0.041165714120379344,
            0.06996508500675687,
            0.996699689405468
          ],
          "center_position": [
            2.926598931242373,
            2.225611677437734,
            5.144317801447826
          ],
          "angle_vs_z_axis_degrees": 7.565113908040615
        },
        "high_plane": {
          "normal_vector": [
            0.010099703811557273,
            0.05222668295583368,
            0.9985841825156003
          ],
          "center_position": [
            4.534774543316736,
            6.491511604892886,
            14.128488783343107
          ],
          "angle_vs_z_axis_degrees": 5.514430342821844
        }
      },
      "vector_analysis_results": {
        "angle_between_planes_degrees": 2.0526259828085216,
        "distance_between_plane_centers_angstrom": 10.07469400142068,
        "angle_between_low_plane_and_z": 7.565113908040615,
        "angle_between_high_plane_and_z": 5.514430342821844
      }
    }
  }
}