{
  "experiment": {
    "name": "CONTCAR",
    "file_path": "/home/dotempo/Documents/DION-JACOBSON/BULKS/MAPbI3/MAPbI3_n3_CC(C)(CCC[NH3+])C(C)(C)CCC[NH3+]/CONTCAR",
    "timestamp": "2025-08-06 13:15:33.707301"
  },
  "salt_structure_info": {
    "total_atoms": 92,
    "halogen_symbol": "I"
  },
  "vector_analysis": {
    "plane_analysis": {
      "low_plane": {
        "normal_vector": [
          0.041165714120379344,
          0.06996508500675687,
          0.996699689405468
        ],
        "center_position": [
          2.926598931242373,
          2.225611677437734,
          5.144317801447826
        ],
        "angle_vs_z_axis_degrees": 7.565113908040615
      },
      "high_plane": {
        "normal_vector": [
          0.010099703811557273,
          0.05222668295583368,
          0.9985841825156003
        ],
        "center_position": [
          4.534774543316736,
          6.491511604892886,
          14.128488783343107
        ],
        "angle_vs_z_axis_degrees": 5.514430342821844
      }
    },
    "vector_analysis_results": {
      "angle_between_planes_degrees": 2.0526259828085216,
      "distance_between_plane_centers_angstrom": 10.07469400142068,
      "angle_between_low_plane_and_z": 7.565113908040615,
      "angle_between_high_plane_and_z": 5.514430342821844
    }
  }
}