{
  "experiment": {
    "name": "CONTCAR",
    "file_path": "/home/dotempo/Documents/DION-JACOBSON/BULKS/MAPbCl3/MAPbCl3_n3_[NH3+]C1=CC=C([NH3+])C=C1/CONTCAR",
    "timestamp": "2025-08-06 13:13:51.456494"
  },
  "analysis_parameters": {
    "halogen_symbol": "Cl",
    "central_metal": "Pb",
    "total_spacer_molecules": 6,
    "analyzed_molecules": 2
  },
  "penetration_analysis": {
    "molecule_1": {
      "formula": "C6H10N2",
      "n1_position": [
        4.107947517873482,
        7.256363580655844,
        4.443741798949287
      ],
      "n2_position": [
        3.8468298121579863,
        1.394648292664007,
        9.60084155779067
      ],
      "molecular_vector": [
        -0.26111770571549586,
        -5.861715287991837,
        5.157099758841382
      ],
      "molecular_vector_length": 7.811758220551708,
      "low_plane_intersection": [
        4.102568112135141,
        7.135603692810087,
        4.549985578779887
      ],
      "high_plane_intersection": [
        3.8536169012741364,
        1.5470086388308335,
        9.466795896091
      ],
      "penetration_segments": {
        "n1_to_low_plane": 0.16093361759219313,
        "low_plane_to_high_plane": 7.4477778618301675,
        "high_plane_to_n2": 0.2030467411293471,
        "total_calculated": 7.811758220551708,
        "molecular_length": 7.811758220551708,
        "length_difference": 0.0
      },
      "penetration_parameters": {
        "t_low_plane": 0.16093361759219296,
        "t_high_plane": 7.608711479422362
      }
    },
    "molecule_5": {
      "formula": "C6H10N2",
      "n1_position": [
        0.3527861352611707,
        3.30029940443302,
        4.349316200935843
      ],
      "n2_position": [
        0.36386185340463584,
        5.1846140257204185,
        9.634724074456582
      ],
      "molecular_vector": [
        0.01107571814346514,
        1.8843146212873987,
        5.285407873520739
      ],
      "molecular_vector_length": 5.611265512609868,
      "low_plane_intersection": [
        0.35324490188035024,
        3.3783494809229717,
        4.568242745446251
      ],
      "high_plane_intersection": [
        0.363535283839386,
        5.129054666164959,
        9.47888286135727
      ],
      "penetration_segments": {
        "n1_to_low_plane": 0.2324238731244402,
        "low_plane_to_high_plane": 5.213392454591217,
        "high_plane_to_n2": 0.16544918489421073,
        "total_calculated": 5.611265512609868,
        "molecular_length": 5.611265512609868,
        "length_difference": 0.0
      },
      "penetration_parameters": {
        "t_low_plane": 0.2324238731244402,
        "t_high_plane": 5.445816327715657
      }
    },
    "comparative_analysis": {
      "molecule_1": {
        "id": "molecule_1",
        "segments": {
          "n1_to_low_plane": 0.16093361759219313,
          "low_plane_to_high_plane": 7.4477778618301675,
          "high_plane_to_n2": 0.2030467411293471,
          "total_calculated": 7.811758220551708,
          "molecular_length": 7.811758220551708,
          "length_difference": 0.0
        }
      },
      "molecule_2": {
        "id": "molecule_5",
        "segments": {
          "n1_to_low_plane": 0.2324238731244402,
          "low_plane_to_high_plane": 5.213392454591217,
          "high_plane_to_n2": 0.16544918489421073,
          "total_calculated": 5.611265512609868,
          "molecular_length": 5.611265512609868,
          "length_difference": 0.0
        }
      },
      "penetration_comparison": {
        "n1_to_low_diff": 0.07149025553224708,
        "low_to_high_diff": 2.2343854072389506,
        "high_to_n2_diff": 0.03759755623513636
      }
    },
    "plane_reference": {
      "plane_analysis": {
        "low_plane": {
          "normal_vector": [
            0.0021585439993551574,
            0.0027051611737607998,
            0.9999940113774817
          ],
          "center_position": [
            2.227368753461631,
            2.2188157540192877,
            4.567334086828445
          ],
          "angle_vs_z_axis_degrees": 0.926396435240167
        },
        "high_plane": {
          "normal_vector": [
            -0.005683739536400333,
            -0.008911947153578632,
            0.9999441345909351
          ],
          "center_position": [
            2.1456012421760744,
            2.4744521462601012,
            9.465353226891429
          ],
          "angle_vs_z_axis_degrees": 1.729041340228551
        }
      },
      "vector_analysis_results": {
        "angle_between_planes_degrees": 0.803090481189119,
        "distance_between_plane_centers_angstrom": 4.905367202092323,
        "angle_between_low_plane_and_z": 0.926396435240167,
        "angle_between_high_plane_and_z": 1.729041340228551
      }
    }
  }
}