{
  "experiment": {
    "name": "CONTCAR",
    "file_path": "/home/dotempo/Documents/DION-JACOBSON/BULKS/MAPbCl3/MAPbCl3_n3_[NH3+]C1=CC=C([NH3+])C=C1/CONTCAR",
    "timestamp": "2025-08-06 13:13:51.427149"
  },
  "salt_structure_info": {
    "total_atoms": 40,
    "halogen_symbol": "Cl"
  },
  "vector_analysis": {
    "plane_analysis": {
      "low_plane": {
        "normal_vector": [
          0.0021585439993551574,
          0.0027051611737607998,
          0.9999940113774817
        ],
        "center_position": [
          2.227368753461631,
          2.2188157540192877,
          4.567334086828445
        ],
        "angle_vs_z_axis_degrees": 0.926396435240167
      },
      "high_plane": {
        "normal_vector": [
          -0.005683739536400333,
          -0.008911947153578632,
          0.9999441345909351
        ],
        "center_position": [
          2.1456012421760744,
          2.4744521462601012,
          9.465353226891429
        ],
        "angle_vs_z_axis_degrees": 1.729041340228551
      }
    },
    "vector_analysis_results": {
      "angle_between_planes_degrees": 0.803090481189119,
      "distance_between_plane_centers_angstrom": 4.905367202092323,
      "angle_between_low_plane_and_z": 0.926396435240167,
      "angle_between_high_plane_and_z": 1.729041340228551
    }
  }
}