{
  "experiment": {
    "name": "CONTCAR",
    "file_path": "/home/dotempo/Documents/DION-JACOBSON/BULKS/MAPbI3/MAPbI3_n1_[NH3+]CCC1CCC(CC[NH3+])CC1/CONTCAR",
    "timestamp": "2025-08-06 13:15:29.385367"
  },
  "salt_structure_info": {
    "total_atoms": 76,
    "halogen_symbol": "I"
  },
  "vector_analysis": {
    "plane_analysis": {
      "low_plane": {
        "normal_vector": [
          0.05845803747250339,
          0.0486522734222885,
          0.9971036125427017
        ],
        "center_position": [
          2.617073532818847,
          2.298291115487317,
          4.248981056856161
        ],
        "angle_vs_z_axis_degrees": 10.186191617921644
      },
      "high_plane": {
        "normal_vector": [
          0.07006818983198963,
          0.05638512536984902,
          0.9959473713056802
        ],
        "center_position": [
          5.314227794541021,
          5.22584918289392,
          10.935764556018771
        ],
        "angle_vs_z_axis_degrees": 10.976153570461866
      }
    },
    "vector_analysis_results": {
      "angle_between_planes_degrees": 0.8020032481924223,
      "distance_between_plane_centers_angstrom": 7.781922057836157,
      "angle_between_low_plane_and_z": 10.186191617921644,
      "angle_between_high_plane_and_z": 10.976153570461866
    }
  }
}