{
  "experiment": {
    "name": "CONTCAR",
    "file_path": "/home/dotempo/Documents/DION-JACOBSON/BULKS/MAPbBr3/MAPbBr3_n3_[NH3+]CCC[NH3+]/CONTCAR",
    "timestamp": "2025-08-06 13:14:40.039011"
  },
  "analysis_parameters": {
    "halogen_symbol": "Br",
    "central_metal": "Pb",
    "total_spacer_molecules": 6,
    "analyzed_molecules": 2
  },
  "penetration_analysis": {
    "molecule_1": {
      "formula": "C3H12N2",
      "n1_position": [
        4.667640184467001,
        1.0870989649047205,
        3.387939611673269
      ],
      "n2_position": [
        4.306778229322978,
        7.242602849355712,
        7.708146079820647
      ],
      "molecular_vector": [
        -0.3608619551440233,
        6.155503884450991,
        4.3202064681473775
      ],
      "molecular_vector_length": 7.528919799651478,
      "low_plane_intersection": [
        4.643786964392679,
        1.4939819480819068,
        3.6735081904116385
      ],
      "high_plane_intersection": [
        4.329226943779623,
        6.8596776141819005,
        7.439392114447704
      ],
      "penetration_segments": {
        "n1_to_low_plane": 0.4976667070135722,
        "low_plane_to_high_plane": 6.562889585928261,
        "high_plane_to_n2": 0.46836350670964483,
        "total_calculated": 7.528919799651478,
        "molecular_length": 7.528919799651478,
        "length_difference": 0.0
      },
      "penetration_parameters": {
        "t_low_plane": 0.49766670701357224,
        "t_high_plane": 7.0605562929418335
      }
    },
    "molecule_5": {
      "formula": "C3H12N2",
      "n1_position": [
        0.4174495349294885,
        4.785282349941652,
        3.322834476642559
      ],
      "n2_position": [
        0.43519469075688216,
        3.8554736302072574,
        8.13958404873803
      ],
      "molecular_vector": [
        0.017745155827393666,
        -0.9298087197343947,
        4.816749572095471
      ],
      "molecular_vector_length": 4.905704392452868,
      "low_plane_intersection": [
        0.4183533648916377,
        4.737923567176486,
        3.5681703094622814
      ],
      "high_plane_intersection": [
        0.43285352470981314,
        3.9781457907723654,
        7.504097346614177
      ],
      "penetration_segments": {
        "n1_to_low_plane": 0.2498666485926953,
        "low_plane_to_high_plane": 4.008614993477877,
        "high_plane_to_n2": 0.6472227503822944,
        "total_calculated": 4.905704392452867,
        "molecular_length": 4.905704392452868,
        "length_difference": 8.881784197001252e-16
      },
      "penetration_parameters": {
        "t_low_plane": 0.2498666485926954,
        "t_high_plane": 4.258481642070573
      }
    },
    "comparative_analysis": {
      "molecule_1": {
        "id": "molecule_1",
        "segments": {
          "n1_to_low_plane": 0.4976667070135722,
          "low_plane_to_high_plane": 6.562889585928261,
          "high_plane_to_n2": 0.46836350670964483,
          "total_calculated": 7.528919799651478,
          "molecular_length": 7.528919799651478,
          "length_difference": 0.0
        }
      },
      "molecule_2": {
        "id": "molecule_5",
        "segments": {
          "n1_to_low_plane": 0.2498666485926953,
          "low_plane_to_high_plane": 4.008614993477877,
          "high_plane_to_n2": 0.6472227503822944,
          "total_calculated": 4.905704392452867,
          "molecular_length": 4.905704392452868,
          "length_difference": 8.881784197001252e-16
        }
      },
      "penetration_comparison": {
        "n1_to_low_diff": 0.24780005842087688,
        "low_to_high_diff": 2.5542745924503834,
        "high_to_n2_diff": 0.17885924367264955
      }
    },
    "plane_reference": {
      "plane_analysis": {
        "low_plane": {
          "normal_vector": [
            -0.025662418813128876,
            -0.0009654015317496843,
            0.9996701997461674
          ],
          "center_position": [
            5.917276708259641,
            2.203974783932721,
            3.7068854535741016
          ],
          "angle_vs_z_axis_degrees": 1.4564697002305218
        },
        "high_plane": {
          "normal_vector": [
            0.014677372408886216,
            0.0026060856558306157,
            0.9998888853551305
          ],
          "center_position": [
            5.888167897853936,
            5.6637180987967275,
            7.419625534082733
          ],
          "angle_vs_z_axis_degrees": 1.8238202035292135
        }
      },
      "vector_analysis_results": {
        "angle_between_planes_degrees": 2.320533048102266,
        "distance_between_plane_centers_angstrom": 5.074949264081825,
        "angle_between_low_plane_and_z": 1.4564697002305218,
        "angle_between_high_plane_and_z": 1.8238202035292135
      }
    }
  }
}