{
  "experiment": {
    "name": "CONTCAR",
    "file_path": "/home/dotempo/Documents/DION-JACOBSON/BULKS/MAPbBr3/MAPbBr3_n3_[NH3+]CCC[NH3+]/CONTCAR",
    "timestamp": "2025-08-06 13:14:40.000518"
  },
  "salt_structure_info": {
    "total_atoms": 38,
    "halogen_symbol": "Br"
  },
  "vector_analysis": {
    "plane_analysis": {
      "low_plane": {
        "normal_vector": [
          -0.025662418813128876,
          -0.0009654015317496843,
          0.9996701997461674
        ],
        "center_position": [
          5.917276708259641,
          2.203974783932721,
          3.7068854535741016
        ],
        "angle_vs_z_axis_degrees": 1.4564697002305218
      },
      "high_plane": {
        "normal_vector": [
          0.014677372408886216,
          0.0026060856558306157,
          0.9998888853551305
        ],
        "center_position": [
          5.888167897853936,
          5.6637180987967275,
          7.419625534082733
        ],
        "angle_vs_z_axis_degrees": 1.8238202035292135
      }
    },
    "vector_analysis_results": {
      "angle_between_planes_degrees": 2.320533048102266,
      "distance_between_plane_centers_angstrom": 5.074949264081825,
      "angle_between_low_plane_and_z": 1.4564697002305218,
      "angle_between_high_plane_and_z": 1.8238202035292135
    }
  }
}