{
  "experiment": {
    "name": "CONTCAR",
    "file_path": "/home/dotempo/Documents/DION-JACOBSON/BULKS/MAPbI3/MAPbI3_n2_CC(C)(CCC[NH3+])CCC[NH3+]/CONTCAR",
    "timestamp": "2025-08-06 13:16:14.851143"
  },
  "analysis_parameters": {
    "halogen_symbol": "I",
    "central_metal": "Pb",
    "total_spacer_molecules": 4,
    "analyzed_molecules": 2
  },
  "penetration_analysis": {
    "molecule_0": {
      "formula": "C9H24N2",
      "n1_position": [
        4.69304309013679,
        7.9498253403388555,
        4.513582913432377
      ],
      "n2_position": [
        4.4972736714822386,
        8.03564317758069,
        14.409886775558654
      ],
      "molecular_vector": [
        -0.19576941865455133,
        0.08581783724183456,
        9.896303862126278
      ],
      "molecular_vector_length": 9.89861204907055,
      "low_plane_intersection": [
        4.679931902729548,
        7.95557278421796,
        5.176364135683993
      ],
      "high_plane_intersection": [
        4.51048718193029,
        8.029850879187931,
        13.741933040097845
      ],
      "penetration_segments": {
        "n1_to_low_plane": 0.6629358075377414,
        "low_plane_to_high_plane": 8.56756671436299,
        "high_plane_to_n2": 0.66810952716982,
        "total_calculated": 9.89861204907055,
        "molecular_length": 9.89861204907055,
        "length_difference": 0.0
      },
      "penetration_parameters": {
        "t_low_plane": 0.6629358075377412,
        "t_high_plane": 9.230502521900728
      }
    },
    "molecule_1": {
      "formula": "C9H24N2",
      "n1_position": [
        0.4069535366218191,
        5.087831404127967,
        4.5353180770476476
      ],
      "n2_position": [
        0.20700642398880295,
        5.16750214320554,
        14.433063011675133
      ],
      "molecular_vector": [
        -0.19994711263301615,
        0.0796707390775726,
        9.897744934627486
      ],
      "molecular_vector_length": 9.900084901931878,
      "low_plane_intersection": [
        0.39379512415549217,
        5.093074492825147,
        5.186683373706706
      ],
      "high_plane_intersection": [
        0.22091955694596152,
        5.161958329289027,
        13.744337681071006
      ],
      "penetration_segments": {
        "n1_to_low_plane": 0.6515192886549589,
        "low_plane_to_high_plane": 8.559677458234903,
        "high_plane_to_n2": 0.688888155042013,
        "total_calculated": 9.900084901931875,
        "molecular_length": 9.900084901931878,
        "length_difference": 3.552713678800501e-15
      },
      "penetration_parameters": {
        "t_low_plane": 0.6515192886549587,
        "t_high_plane": 9.211196746889863
      }
    },
    "comparative_analysis": {
      "molecule_1": {
        "id": "molecule_0",
        "segments": {
          "n1_to_low_plane": 0.6629358075377414,
          "low_plane_to_high_plane": 8.56756671436299,
          "high_plane_to_n2": 0.66810952716982,
          "total_calculated": 9.89861204907055,
          "molecular_length": 9.89861204907055,
          "length_difference": 0.0
        }
      },
      "molecule_2": {
        "id": "molecule_1",
        "segments": {
          "n1_to_low_plane": 0.6515192886549589,
          "low_plane_to_high_plane": 8.559677458234903,
          "high_plane_to_n2": 0.688888155042013,
          "total_calculated": 9.900084901931875,
          "molecular_length": 9.900084901931878,
          "length_difference": 3.552713678800501e-15
        }
      },
      "penetration_comparison": {
        "n1_to_low_diff": 0.0114165188827825,
        "low_to_high_diff": 0.00788925612808633,
        "high_to_n2_diff": 0.02077862787219298
      }
    },
    "plane_reference": {
      "plane_analysis": {
        "low_plane": {
          "normal_vector": [
            -0.0019771812198679873,
            0.006565406396021834,
            0.9999764928203456
          ],
          "center_position": [
            6.090322771324202,
            6.525041886532491,
            5.18854503706606
          ],
          "angle_vs_z_axis_degrees": 0.3180957826419038
        },
        "high_plane": {
          "normal_vector": [
            -0.0030903039583207413,
            0.00546068626245394,
            0.9999803152697498
          ],
          "center_position": [
            5.909233180035752,
            6.603734557896634,
            13.754043402586028
          ],
          "angle_vs_z_axis_degrees": 0.22824082342354193
        }
      },
      "vector_analysis_results": {
        "angle_between_planes_degrees": 0.08985512658235387,
        "distance_between_plane_centers_angstrom": 8.567773819745984,
        "angle_between_low_plane_and_z": 0.3180957826419038,
        "angle_between_high_plane_and_z": 0.22824082342354193
      }
    }
  }
}