{
  "experiment": {
    "name": "CONTCAR",
    "file_path": "/home/dotempo/Documents/DION-JACOBSON/BULKS/MAPbI3/MAPbI3_n2_CC(C)(CCC[NH3+])CCC[NH3+]/CONTCAR",
    "timestamp": "2025-08-06 13:16:14.824224"
  },
  "salt_structure_info": {
    "total_atoms": 74,
    "halogen_symbol": "I"
  },
  "vector_analysis": {
    "plane_analysis": {
      "low_plane": {
        "normal_vector": [
          -0.0019771812198679873,
          0.006565406396021834,
          0.9999764928203456
        ],
        "center_position": [
          6.090322771324202,
          6.525041886532491,
          5.18854503706606
        ],
        "angle_vs_z_axis_degrees": 0.3180957826419038
      },
      "high_plane": {
        "normal_vector": [
          -0.0030903039583207413,
          0.00546068626245394,
          0.9999803152697498
        ],
        "center_position": [
          5.909233180035752,
          6.603734557896634,
          13.754043402586028
        ],
        "angle_vs_z_axis_degrees": 0.22824082342354193
      }
    },
    "vector_analysis_results": {
      "angle_between_planes_degrees": 0.08985512658235387,
      "distance_between_plane_centers_angstrom": 8.567773819745984,
      "angle_between_low_plane_and_z": 0.3180957826419038,
      "angle_between_high_plane_and_z": 0.22824082342354193
    }
  }
}