{
  "experiment": {
    "name": "CONTCAR",
    "file_path": "/home/dotempo/Documents/DION-JACOBSON/BULKS/MAPbCl3/MAPbCl3_n1_[NH3+]CCC1CCC(CC[NH3+])CC1/CONTCAR",
    "timestamp": "2025-08-06 13:13:32.455133"
  },
  "analysis_parameters": {
    "halogen_symbol": "Cl",
    "central_metal": "Pb",
    "total_spacer_molecules": 2,
    "analyzed_molecules": 2
  },
  "penetration_analysis": {
    "molecule_0": {
      "formula": "C10H24N2",
      "n1_position": [
        7.686784684816901,
        4.48046721251369,
        4.053815201826935
      ],
      "n2_position": [
        1.7816079788813481,
        3.747410719368612,
        12.823381564910202
      ],
      "molecular_vector": [
        -5.905176705935553,
        -0.733056493145078,
        8.769566363083268
      ],
      "molecular_vector_length": 10.597819490205875,
      "low_plane_intersection": [
        7.444023848600882,
        4.450331381507887,
        4.414330622375504
      ],
      "high_plane_intersection": [
        1.940039882354748,
        3.7670781300738283,
        12.588100021151647
      ],
      "penetration_segments": {
        "n1_to_low_plane": 0.43567460376297223,
        "low_plane_to_high_plane": 9.877812545835187,
        "high_plane_to_n2": 0.2843323406077143,
        "total_calculated": 10.597819490205874,
        "molecular_length": 10.597819490205875,
        "length_difference": 1.7763568394002505e-15
      },
      "penetration_parameters": {
        "t_low_plane": 0.43567460376297207,
        "t_high_plane": 10.31348714959816
      }
    },
    "molecule_1": {
      "formula": "C10H24N2",
      "n1_position": [
        4.21761982787113,
        0.5711657665144159,
        4.313136025470983
      ],
      "n2_position": [
        4.908385072058322,
        0.7678957181317722,
        12.862078816718082
      ],
      "molecular_vector": [
        0.6907652441871921,
        0.1967299516173563,
        8.5489427912471
      ],
      "molecular_vector_length": 8.5790606796115,
      "low_plane_intersection": [
        4.244307092788063,
        0.578766299951916,
        4.643418857373112
      ],
      "high_plane_intersection": [
        4.865434473896789,
        0.7556633871490553,
        12.330520216133241
      ],
      "penetration_segments": {
        "n1_to_low_plane": 0.33144641688600446,
        "low_plane_to_high_plane": 7.714182983496933,
        "high_plane_to_n2": 0.5334312792285607,
        "total_calculated": 8.579060679611498,
        "molecular_length": 8.5790606796115,
        "length_difference": 1.7763568394002505e-15
      },
      "penetration_parameters": {
        "t_low_plane": 0.3314464168860042,
        "t_high_plane": 8.045629400382937
      }
    },
    "comparative_analysis": {
      "molecule_1": {
        "id": "molecule_0",
        "segments": {
          "n1_to_low_plane": 0.43567460376297223,
          "low_plane_to_high_plane": 9.877812545835187,
          "high_plane_to_n2": 0.2843323406077143,
          "total_calculated": 10.597819490205874,
          "molecular_length": 10.597819490205875,
          "length_difference": 1.7763568394002505e-15
        }
      },
      "molecule_2": {
        "id": "molecule_1",
        "segments": {
          "n1_to_low_plane": 0.33144641688600446,
          "low_plane_to_high_plane": 7.714182983496933,
          "high_plane_to_n2": 0.5334312792285607,
          "total_calculated": 8.579060679611498,
          "molecular_length": 8.5790606796115,
          "length_difference": 1.7763568394002505e-15
        }
      },
      "penetration_comparison": {
        "n1_to_low_diff": 0.10422818687696778,
        "low_to_high_diff": 2.1636295623382544,
        "high_to_n2_diff": 0.24909893862084642
      }
    },
    "plane_reference": {
      "plane_analysis": {
        "low_plane": {
          "normal_vector": [
            -0.025076717795367416,
            0.0796901968896652,
            0.9965042050810915
          ],
          "center_position": [
            5.91924894585984,
            3.144621021633367,
            4.480377474346814
          ],
          "angle_vs_z_axis_degrees": 7.967250974473716
        },
        "high_plane": {
          "normal_vector": [
            0.08500224821980372,
            -0.002650427525276436,
            0.996377234300098
          ],
          "center_position": [
            3.2422825538400923,
            2.174349289881658,
            12.472767230310549
          ],
          "angle_vs_z_axis_degrees": 2.136941987735186
        }
      },
      "vector_analysis_results": {
        "angle_between_planes_degrees": 7.882534984458228,
        "distance_between_plane_centers_angstrom": 8.48444873333994,
        "angle_between_low_plane_and_z": 7.967250974473716,
        "angle_between_high_plane_and_z": 2.136941987735186
      }
    }
  }
}