{
  "experiment": {
    "name": "CONTCAR",
    "file_path": "/home/dotempo/Documents/DION-JACOBSON/BULKS/MAPbCl3/MAPbCl3_n1_[NH3+]CCC1CCC(CC[NH3+])CC1/CONTCAR",
    "timestamp": "2025-08-06 13:13:32.427480"
  },
  "salt_structure_info": {
    "total_atoms": 76,
    "halogen_symbol": "Cl"
  },
  "vector_analysis": {
    "plane_analysis": {
      "low_plane": {
        "normal_vector": [
          -0.025076717795367416,
          0.0796901968896652,
          0.9965042050810915
        ],
        "center_position": [
          5.91924894585984,
          3.144621021633367,
          4.480377474346814
        ],
        "angle_vs_z_axis_degrees": 7.967250974473716
      },
      "high_plane": {
        "normal_vector": [
          0.08500224821980372,
          -0.002650427525276436,
          0.996377234300098
        ],
        "center_position": [
          3.2422825538400923,
          2.174349289881658,
          12.472767230310549
        ],
        "angle_vs_z_axis_degrees": 2.136941987735186
      }
    },
    "vector_analysis_results": {
      "angle_between_planes_degrees": 7.882534984458228,
      "distance_between_plane_centers_angstrom": 8.48444873333994,
      "angle_between_low_plane_and_z": 7.967250974473716,
      "angle_between_high_plane_and_z": 2.136941987735186
    }
  }
}