dihedral,ideal_angle,extracted_angle,error
N1-C1-C2-C3,179.51208390561942,180.01163710952343,0.49955320390401425
C1-C2-C3-N2,180.47452043154126,180.08295303717517,0.391567394366092
