{
  "experiment": {
    "name": "CONTCAR",
    "file_path": "/home/dotempo/Documents/DION-JACOBSON/BULKS/MAPbBr3/MAPbBr3_n2_[NH3+]CCCCCCCCCC[NH3+]/CONTCAR",
    "timestamp": "2025-08-06 13:14:33.300678"
  },
  "salt_structure_info": {
    "total_atoms": 80,
    "halogen_symbol": "Br"
  },
  "vector_analysis": {
    "plane_analysis": {
      "low_plane": {
        "normal_vector": [
          -0.019979711507900295,
          -0.10874874652258697,
          0.9938684627544166
        ],
        "center_position": [
          5.61262357477408,
          5.609525811823245,
          4.391414983620885
        ],
        "angle_vs_z_axis_degrees": 12.117635449547072
      },
      "high_plane": {
        "normal_vector": [
          -0.06358184084222525,
          -0.12002162887478901,
          0.9907331417275573
        ],
        "center_position": [
          5.319262560925232,
          3.2002386663302156,
          14.981214848527541
        ],
        "angle_vs_z_axis_degrees": 14.340295405552938
      }
    },
    "vector_analysis_results": {
      "angle_between_planes_degrees": 2.586826735830556,
      "distance_between_plane_centers_angstrom": 10.86437234324475,
      "angle_between_low_plane_and_z": 12.117635449547072,
      "angle_between_high_plane_and_z": 14.340295405552938
    }
  }
}