{
  "experiment": {
    "name": "CONTCAR",
    "file_path": "/home/dotempo/Documents/DION-JACOBSON/BULKS/MAPbBr3/MAPbBr3_n3_[NH3+]CCCCCCCCCC[NH3+]/CONTCAR",
    "timestamp": "2025-08-06 13:14:12.676189"
  },
  "salt_structure_info": {
    "total_atoms": 80,
    "halogen_symbol": "Br"
  },
  "vector_analysis": {
    "plane_analysis": {
      "low_plane": {
        "normal_vector": [
          -0.06016329911754901,
          0.07764540418040847,
          0.9951640913180868
        ],
        "center_position": [
          5.421371545477626,
          2.878154626717424,
          4.27825101898251
        ],
        "angle_vs_z_axis_degrees": 11.511783733324043
      },
      "high_plane": {
        "normal_vector": [
          -0.058355342172028264,
          0.08182637188105026,
          0.9949367311064405
        ],
        "center_position": [
          4.756684041472737,
          4.183411746482077,
          14.781948065829077
        ],
        "angle_vs_z_axis_degrees": 11.602762052802056
      }
    },
    "vector_analysis_results": {
      "angle_between_planes_degrees": 0.2613147878905647,
      "distance_between_plane_centers_angstrom": 10.605336264287422,
      "angle_between_low_plane_and_z": 11.511783733324043,
      "angle_between_high_plane_and_z": 11.602762052802056
    }
  }
}