{
  "experiment": {
    "name": "CONTCAR",
    "file_path": "/home/dotempo/Documents/DION-JACOBSON/BULKS/MAPbCl3/MAPbCl3_n1_[NH3+]CC1=CC=C(C[NH3+])C=C1/CONTCAR",
    "timestamp": "2025-08-06 13:13:38.889722"
  },
  "salt_structure_info": {
    "total_atoms": 52,
    "halogen_symbol": "Cl"
  },
  "vector_analysis": {
    "plane_analysis": {
      "low_plane": {
        "normal_vector": [
          -0.03163197224685676,
          0.0014674482982719838,
          0.999498506715876
        ],
        "center_position": [
          6.074932419603914,
          2.42218087177596,
          4.271451266155143
        ],
        "angle_vs_z_axis_degrees": 2.746293017166553
      },
      "high_plane": {
        "normal_vector": [
          0.04227462742589116,
          0.016205240171997225,
          0.9989745973081448
        ],
        "center_position": [
          2.136642339380826,
          1.461229967289419,
          11.059420793435322
        ],
        "angle_vs_z_axis_degrees": 3.990137930130339
      }
    },
    "vector_analysis_results": {
      "angle_between_planes_degrees": 4.319035029071517,
      "distance_between_plane_centers_angstrom": 7.9063320003716875,
      "angle_between_low_plane_and_z": 2.746293017166553,
      "angle_between_high_plane_and_z": 3.990137930130339
    }
  }
}