{
  "experiment": {
    "name": "CONTCAR",
    "file_path": "/home/dotempo/Documents/DION-JACOBSON/BULKS/MAPbCl3/MAPbCl3_n1_[NH3+]CC1=CC=C(C[NH3+])C=C1/CONTCAR",
    "timestamp": "2025-08-06 13:13:38.916561"
  },
  "analysis_parameters": {
    "halogen_symbol": "Cl",
    "central_metal": "Pb",
    "total_spacer_molecules": 2,
    "analyzed_molecules": 2
  },
  "penetration_analysis": {
    "molecule_0": {
      "formula": "C8H14N2",
      "n1_position": [
        7.603113449892561,
        3.5708257216517545,
        3.8603166038050873
      ],
      "n2_position": [
        0.5635470341764152,
        2.8393456746617245,
        11.31663669462861
      ],
      "molecular_vector": [
        -7.039566415716146,
        -0.73148004699003,
        7.456320090823523
      ],
      "molecular_vector_length": 10.280431298211262,
      "low_plane_intersection": [
        7.183370920740535,
        3.5272103529179115,
        4.304908567040501
      ],
      "high_plane_intersection": [
        0.7733595494320955,
        2.8611472543976135,
        11.094402940385667
      ],
      "penetration_segments": {
        "n1_to_low_plane": 0.612982956485943,
        "low_plane_to_high_plane": 9.361042659725445,
        "high_plane_to_n2": 0.30640568199987445,
        "total_calculated": 10.280431298211264,
        "molecular_length": 10.280431298211262,
        "length_difference": 1.7763568394002505e-15
      },
      "penetration_parameters": {
        "t_low_plane": 0.612982956485943,
        "t_high_plane": 9.974025616211387
      }
    },
    "molecule_1": {
      "formula": "C8H14N2",
      "n1_position": [
        4.436619606614372,
        0.08193891499078278,
        4.112085587307461
      ],
      "n2_position": [
        3.7694626160727283,
        0.08360615514972605,
        11.462485738725478
      ],
      "molecular_vector": [
        -0.6671569905416441,
        0.0016672401589432756,
        7.350400151418017
      ],
      "molecular_vector_length": 7.38061539545886,
      "low_plane_intersection": [
        4.426577880924077,
        0.08196400948664104,
        4.222720270119555
      ],
      "high_plane_intersection": [
        3.8104472201359973,
        0.08350373371255097,
        11.010937985822698
      ],
      "penetration_segments": {
        "n1_to_low_plane": 0.1110894681124432,
        "low_plane_to_high_plane": 6.816121999913136,
        "high_plane_to_n2": 0.4534039274332807,
        "total_calculated": 7.38061539545886,
        "molecular_length": 7.38061539545886,
        "length_difference": 0.0
      },
      "penetration_parameters": {
        "t_low_plane": 0.11108946811244323,
        "t_high_plane": 6.92721146802558
      }
    },
    "comparative_analysis": {
      "molecule_1": {
        "id": "molecule_0",
        "segments": {
          "n1_to_low_plane": 0.612982956485943,
          "low_plane_to_high_plane": 9.361042659725445,
          "high_plane_to_n2": 0.30640568199987445,
          "total_calculated": 10.280431298211264,
          "molecular_length": 10.280431298211262,
          "length_difference": 1.7763568394002505e-15
        }
      },
      "molecule_2": {
        "id": "molecule_1",
        "segments": {
          "n1_to_low_plane": 0.1110894681124432,
          "low_plane_to_high_plane": 6.816121999913136,
          "high_plane_to_n2": 0.4534039274332807,
          "total_calculated": 7.38061539545886,
          "molecular_length": 7.38061539545886,
          "length_difference": 0.0
        }
      },
      "penetration_comparison": {
        "n1_to_low_diff": 0.5018934883734998,
        "low_to_high_diff": 2.544920659812309,
        "high_to_n2_diff": 0.14699824543340623
      }
    },
    "plane_reference": {
      "plane_analysis": {
        "low_plane": {
          "normal_vector": [
            -0.03163197224685676,
            0.0014674482982719838,
            0.999498506715876
          ],
          "center_position": [
            6.074932419603914,
            2.42218087177596,
            4.271451266155143
          ],
          "angle_vs_z_axis_degrees": 2.746293017166553
        },
        "high_plane": {
          "normal_vector": [
            0.04227462742589116,
            0.016205240171997225,
            0.9989745973081448
          ],
          "center_position": [
            2.136642339380826,
            1.461229967289419,
            11.059420793435322
          ],
          "angle_vs_z_axis_degrees": 3.990137930130339
        }
      },
      "vector_analysis_results": {
        "angle_between_planes_degrees": 4.319035029071517,
        "distance_between_plane_centers_angstrom": 7.9063320003716875,
        "angle_between_low_plane_and_z": 2.746293017166553,
        "angle_between_high_plane_and_z": 3.990137930130339
      }
    }
  }
}