{
  "experiment": {
    "name": "CONTCAR",
    "file_path": "/home/dotempo/Documents/DION-JACOBSON/BULKS/MAPbCl3/MAPbCl3_n3_CC(C)(C[NH3+])C[NH3+]/CONTCAR",
    "timestamp": "2025-08-06 13:13:49.674305"
  },
  "analysis_parameters": {
    "halogen_symbol": "Cl",
    "central_metal": "Pb",
    "total_spacer_molecules": 6,
    "analyzed_molecules": 2
  },
  "penetration_analysis": {
    "molecule_1": {
      "formula": "C5H16N2",
      "n1_position": [
        3.742647226833578,
        0.8488654846732279,
        4.524714484631604
      ],
      "n2_position": [
        5.301558410363598,
        7.286968859697521,
        8.955869754708253
      ],
      "molecular_vector": [
        1.5589111835300202,
        6.438103375024293,
        4.431155270076649
      ],
      "molecular_vector_length": 7.969599498918514,
      "low_plane_intersection": [
        3.8061022481220954,
        1.110926589267244,
        4.705083356807332
      ],
      "high_plane_intersection": [
        5.279839904003405,
        7.197274212192702,
        8.894135593754811
      ],
      "penetration_segments": {
        "n1_to_low_plane": 0.3244002039421467,
        "low_plane_to_high_plane": 7.5341680834268345,
        "high_plane_to_n2": 0.11103121154953235,
        "total_calculated": 7.969599498918513,
        "molecular_length": 7.969599498918514,
        "length_difference": 8.881784197001252e-16
      },
      "penetration_parameters": {
        "t_low_plane": 0.3244002039421466,
        "t_high_plane": 7.858568287368982
      }
    },
    "molecule_5": {
      "formula": "C5H16N2",
      "n1_position": [
        0.21495460913672315,
        4.820193446473377,
        4.120970311647002
      ],
      "n2_position": [
        0.6886255391838672,
        3.7994365442929885,
        8.99721572260917
      ],
      "molecular_vector": [
        0.473670930047144,
        -1.0207569021803886,
        4.876245410962167
      ],
      "molecular_vector_length": 5.004405869956016,
      "low_plane_intersection": [
        0.28034391048736795,
        4.67928004763807,
        4.794125999299966
      ],
      "high_plane_intersection": [
        0.67753739400922,
        3.8233314046304656,
        8.883067875244809
      ],
      "penetration_segments": {
        "n1_to_low_plane": 0.6908479764188196,
        "low_plane_to_high_plane": 4.196409942757513,
        "high_plane_to_n2": 0.11714795077968296,
        "total_calculated": 5.004405869956015,
        "molecular_length": 5.004405869956016,
        "length_difference": 8.881784197001252e-16
      },
      "penetration_parameters": {
        "t_low_plane": 0.6908479764188195,
        "t_high_plane": 4.887257919176334
      }
    },
    "comparative_analysis": {
      "molecule_1": {
        "id": "molecule_1",
        "segments": {
          "n1_to_low_plane": 0.3244002039421467,
          "low_plane_to_high_plane": 7.5341680834268345,
          "high_plane_to_n2": 0.11103121154953235,
          "total_calculated": 7.969599498918513,
          "molecular_length": 7.969599498918514,
          "length_difference": 8.881784197001252e-16
        }
      },
      "molecule_2": {
        "id": "molecule_5",
        "segments": {
          "n1_to_low_plane": 0.6908479764188196,
          "low_plane_to_high_plane": 4.196409942757513,
          "high_plane_to_n2": 0.11714795077968296,
          "total_calculated": 5.004405869956015,
          "molecular_length": 5.004405869956016,
          "length_difference": 8.881784197001252e-16
        }
      },
      "penetration_comparison": {
        "n1_to_low_diff": 0.3664477724766729,
        "low_to_high_diff": 3.3377581406693215,
        "high_to_n2_diff": 0.006116739230150603
      }
    },
    "plane_reference": {
      "plane_analysis": {
        "low_plane": {
          "normal_vector": [
            0.014101853562221196,
            -0.011015909088572492,
            0.9998398809174707
          ],
          "center_position": [
            2.307732143475875,
            2.191941105707116,
            4.73812680112758
          ],
          "angle_vs_z_axis_degrees": 0.926559930377195
        },
        "high_plane": {
          "normal_vector": [
            0.0088095154712893,
            -0.015296657993355611,
            0.9998441902073522
          ],
          "center_position": [
            2.1774400402327525,
            2.3889949293926818,
            8.847908426982025
          ],
          "angle_vs_z_axis_degrees": 1.314259472325934
        }
      },
      "vector_analysis_results": {
        "angle_between_planes_degrees": 0.39000648801967913,
        "distance_between_plane_centers_angstrom": 4.1165654681794415,
        "angle_between_low_plane_and_z": 0.926559930377195,
        "angle_between_high_plane_and_z": 1.314259472325934
      }
    }
  }
}