{
  "experiment": {
    "name": "CONTCAR",
    "file_path": "/home/dotempo/Documents/DION-JACOBSON/BULKS/MAPbCl3/MAPbCl3_n2_[NH3+]C1CCC([NH3+])CC1/CONTCAR",
    "timestamp": "2025-08-06 13:13:23.706803"
  },
  "analysis_parameters": {
    "halogen_symbol": "Cl",
    "central_metal": "Pb",
    "total_spacer_molecules": 4,
    "analyzed_molecules": 2
  },
  "penetration_analysis": {
    "molecule_1": {
      "formula": "C6H16N2",
      "n1_position": [
        7.6603806762188205,
        3.81432793395227,
        4.385037257426511
      ],
      "n2_position": [
        0.9371504329286925,
        5.212037770549839,
        9.81603441520241
      ],
      "molecular_vector": [
        -6.723230243290128,
        1.3977098365975684,
        5.430997157775899
      ],
      "molecular_vector_length": 8.755064124230188,
      "low_plane_intersection": [
        6.7959199900810345,
        3.9940429162812676,
        5.0833449695725985
      ],
      "high_plane_intersection": [
        1.489561397260787,
        5.09719561718734,
        9.369799157945524
      ],
      "penetration_segments": {
        "n1_to_low_plane": 1.1257101818825423,
        "low_plane_to_high_plane": 6.909998328953013,
        "high_plane_to_n2": 0.7193556133946335,
        "total_calculated": 8.755064124230188,
        "molecular_length": 8.755064124230188,
        "length_difference": 0.0
      },
      "penetration_parameters": {
        "t_low_plane": 1.1257101818825423,
        "t_high_plane": 8.035708510835555
      }
    },
    "molecule_3": {
      "formula": "C6H16N2",
      "n1_position": [
        4.207383725733324,
        7.528025171983957,
        4.361823365045913
      ],
      "n2_position": [
        4.369681541794886,
        1.2711568698746303,
        9.708620598684687
      ],
      "molecular_vector": [
        0.16229781606156202,
        -6.256868302109327,
        5.346797233638775
      ],
      "molecular_vector_length": 8.231827390603259,
      "low_plane_intersection": [
        4.2276671798814895,
        6.746062084638386,
        5.0300487248185375
      ],
      "high_plane_intersection": [
        4.366719229694056,
        1.385359248775491,
        9.611029130541393
      ],
      "penetration_segments": {
        "n1_to_low_plane": 1.028787062480109,
        "low_plane_to_high_plane": 7.0527903587588865,
        "high_plane_to_n2": 0.15024996936426357,
        "total_calculated": 8.231827390603259,
        "molecular_length": 8.231827390603259,
        "length_difference": 0.0
      },
      "penetration_parameters": {
        "t_low_plane": 1.0287870624801092,
        "t_high_plane": 8.081577421238995
      }
    },
    "comparative_analysis": {
      "molecule_1": {
        "id": "molecule_1",
        "segments": {
          "n1_to_low_plane": 1.1257101818825423,
          "low_plane_to_high_plane": 6.909998328953013,
          "high_plane_to_n2": 0.7193556133946335,
          "total_calculated": 8.755064124230188,
          "molecular_length": 8.755064124230188,
          "length_difference": 0.0
        }
      },
      "molecule_2": {
        "id": "molecule_3",
        "segments": {
          "n1_to_low_plane": 1.028787062480109,
          "low_plane_to_high_plane": 7.0527903587588865,
          "high_plane_to_n2": 0.15024996936426357,
          "total_calculated": 8.231827390603259,
          "molecular_length": 8.231827390603259,
          "length_difference": 0.0
        }
      },
      "penetration_comparison": {
        "n1_to_low_diff": 0.09692311940243337,
        "low_to_high_diff": 0.14279202980587336,
        "high_to_n2_diff": 0.5691056440303699
      }
    },
    "plane_reference": {
      "plane_analysis": {
        "low_plane": {
          "normal_vector": [
            -0.09653509903794101,
            -0.07086208670983694,
            0.9928038775714277
          ],
          "center_position": [
            2.684082611503465,
            2.513163037144157,
            4.5778323720605565
          ],
          "angle_vs_z_axis_degrees": 8.664517917122676
        },
        "high_plane": {
          "normal_vector": [
            -0.008787833048169465,
            0.05806550418748394,
            0.9982740962349823
          ],
          "center_position": [
            5.883725387189694,
            2.5104068987039936,
            9.558943974391367
          ],
          "angle_vs_z_axis_degrees": 1.8452760061316515
        }
      },
      "vector_analysis_results": {
        "angle_between_planes_degrees": 8.950145162395037,
        "distance_between_plane_centers_angstrom": 5.920235998942507,
        "angle_between_low_plane_and_z": 8.664517917122676,
        "angle_between_high_plane_and_z": 1.8452760061316515
      }
    }
  }
}