{
  "experiment": {
    "name": "CONTCAR",
    "file_path": "/home/dotempo/Documents/DION-JACOBSON/BULKS/MAPbI3/MAPbI3_n3_[NH3+]CCCCCCCCCC[NH3+]/CONTCAR",
    "timestamp": "2025-08-06 13:15:21.145614"
  },
  "analysis_parameters": {
    "halogen_symbol": "I",
    "central_metal": "Pb",
    "total_spacer_molecules": 6,
    "analyzed_molecules": 2
  },
  "penetration_analysis": {
    "molecule_0": {
      "formula": "C10H26N2",
      "n1_position": [
        3.46368463673066,
        1.0689007770507946,
        5.34879005411899
      ],
      "n2_position": [
        8.830072263015312,
        5.8480809851748266,
        16.123970659297854
      ],
      "molecular_vector": [
        5.366387626284652,
        4.779180208124032,
        10.775180605178864
      ],
      "molecular_vector_length": 12.95157120551357,
      "low_plane_intersection": [
        3.8605545595549615,
        1.4223439146786998,
        6.145665977552035
      ],
      "high_plane_intersection": [
        8.427776869034446,
        5.489806048918696,
        15.316200921319279
      ],
      "penetration_segments": {
        "n1_to_low_plane": 0.9578303735662662,
        "low_plane_to_high_plane": 11.022816291335868,
        "high_plane_to_n2": 0.9709245406114368,
        "total_calculated": 12.95157120551357,
        "molecular_length": 12.95157120551357,
        "length_difference": 0.0
      },
      "penetration_parameters": {
        "t_low_plane": 0.9578303735662662,
        "t_high_plane": 11.980646664902132
      }
    },
    "molecule_5": {
      "formula": "C10H26N2",
      "n1_position": [
        7.218980189089223,
        5.694399905698863,
        5.46452583097812
      ],
      "n2_position": [
        4.564978193935714,
        3.062056032631514,
        16.084164411938048
      ],
      "molecular_vector": [
        -2.654001995153509,
        -2.632343873067349,
        10.619638580959927
      ],
      "molecular_vector_length": 11.258316234969001,
      "low_plane_intersection": [
        7.151082002528329,
        5.627055805840485,
        5.736211460037933
      ],
      "high_plane_intersection": [
        4.7387202520351455,
        3.234380259579089,
        15.388958505274294
      ],
      "penetration_segments": {
        "n1_to_low_plane": 0.28802512487909676,
        "low_plane_to_high_plane": 10.233274696021752,
        "high_plane_to_n2": 0.7370164140681517,
        "total_calculated": 11.258316234969,
        "molecular_length": 11.258316234969001,
        "length_difference": 1.7763568394002505e-15
      },
      "penetration_parameters": {
        "t_low_plane": 0.2880251248790971,
        "t_high_plane": 10.52129982090085
      }
    },
    "comparative_analysis": {
      "molecule_1": {
        "id": "molecule_0",
        "segments": {
          "n1_to_low_plane": 0.9578303735662662,
          "low_plane_to_high_plane": 11.022816291335868,
          "high_plane_to_n2": 0.9709245406114368,
          "total_calculated": 12.95157120551357,
          "molecular_length": 12.95157120551357,
          "length_difference": 0.0
        }
      },
      "molecule_2": {
        "id": "molecule_5",
        "segments": {
          "n1_to_low_plane": 0.28802512487909676,
          "low_plane_to_high_plane": 10.233274696021752,
          "high_plane_to_n2": 0.7370164140681517,
          "total_calculated": 11.258316234969,
          "molecular_length": 11.258316234969001,
          "length_difference": 1.7763568394002505e-15
        }
      },
      "penetration_comparison": {
        "n1_to_low_diff": 0.6698052486871695,
        "low_to_high_diff": 0.789541595314116,
        "high_to_n2_diff": 0.2339081265432852
      }
    },
    "plane_reference": {
      "plane_analysis": {
        "low_plane": {
          "normal_vector": [
            -0.024034270395633515,
            0.1155085514713433,
            0.9930156737854351
          ],
          "center_position": [
            5.419299106490879,
            2.657495221603856,
            6.039718757211567
          ],
          "angle_vs_z_axis_degrees": 12.695131091703512
        },
        "high_plane": {
          "normal_vector": [
            -0.029417096375843027,
            0.08025652221379025,
            0.9963400649793029
          ],
          "center_position": [
            5.827037953677635,
            4.4592019601612085,
            15.32243023281611
          ],
          "angle_vs_z_axis_degrees": 11.390026912934642
        }
      },
      "vector_analysis_results": {
        "angle_between_planes_degrees": 2.052172221226396,
        "distance_between_plane_centers_angstrom": 9.464730871957661,
        "angle_between_low_plane_and_z": 12.695131091703512,
        "angle_between_high_plane_and_z": 11.390026912934642
      }
    }
  }
}