{
  "experiment": {
    "name": "CONTCAR",
    "file_path": "/home/dotempo/Documents/DION-JACOBSON/BULKS/MAPbI3/MAPbI3_n3_CC(C)(C[NH3+])C[NH3+]/CONTCAR",
    "timestamp": "2025-08-06 13:16:06.243059"
  },
  "salt_structure_info": {
    "total_atoms": 50,
    "halogen_symbol": "I"
  },
  "vector_analysis": {
    "plane_analysis": {
      "low_plane": {
        "normal_vector": [
          -0.006748397127061596,
          -0.005527716466250994,
          0.9999619510195797
        ],
        "center_position": [
          6.3898126646948015,
          2.2853477798895154,
          5.215281097972312
        ],
        "angle_vs_z_axis_degrees": 0.005213413978859914
      },
      "high_plane": {
        "normal_vector": [
          0.0008629269980124418,
          -0.011771353094465623,
          0.9999303428756032
        ],
        "center_position": [
          2.3703095084173964,
          6.689427750773954,
          9.466955604582385
        ],
        "angle_vs_z_axis_degrees": 0.5692086481744029
      }
    },
    "vector_analysis_results": {
      "angle_between_planes_degrees": 0.5640566090742023,
      "distance_between_plane_centers_angstrom": 7.323186609900604,
      "angle_between_low_plane_and_z": 0.005213413978859914,
      "angle_between_high_plane_and_z": 0.5692086481744029
    }
  }
}