{
  "experiment": {
    "name": "CONTCAR",
    "file_path": "/home/dotempo/Documents/DION-JACOBSON/BULKS/MAPbBr3/MAPbBr3_n1_[NH3+]CCCCCCCC[NH3+]/CONTCAR",
    "timestamp": "2025-08-06 13:14:57.729619"
  },
  "analysis_parameters": {
    "halogen_symbol": "Br",
    "central_metal": "Pb",
    "total_spacer_molecules": 2,
    "analyzed_molecules": 2
  },
  "penetration_analysis": {
    "molecule_0": {
      "formula": "C8H22N2",
      "n1_position": [
        0.314898410369837,
        3.5608144885271575,
        2.8774475807086515
      ],
      "n2_position": [
        5.1482222503490815,
        4.67585868142748,
        10.359772894433938
      ],
      "molecular_vector": [
        4.833323839979244,
        1.115044192900322,
        7.482325313725287
      ],
      "molecular_vector_length": 8.977167426011762,
      "low_plane_intersection": [
        -0.10631182412593515,
        3.463641602638611,
        2.2253845068672318
      ],
      "high_plane_intersection": [
        5.439226168227231,
        4.742993067511295,
        10.810267430538158
      ],
      "penetration_segments": {
        "n1_to_low_plane": 0.7823342531574421,
        "low_plane_to_high_plane": 10.299997408176418,
        "high_plane_to_n2": 0.5404957290072138,
        "total_calculated": 11.622827390341074,
        "molecular_length": 8.977167426011762,
        "length_difference": 2.6456599643293117
      },
      "penetration_parameters": {
        "t_low_plane": -0.7823342531574421,
        "t_high_plane": 9.517663155018976
      }
    },
    "molecule_1": {
      "formula": "C8H22N2",
      "n1_position": [
        5.376426921324299,
        7.126506616376394,
        1.8057967854962635
      ],
      "n2_position": [
        0.09600368028310903,
        1.108435927199797,
        11.429801054152605
      ],
      "molecular_vector": [
        -5.2804232410411895,
        -6.018070689176597,
        9.624004268656343
      ],
      "molecular_vector_length": 12.518845896789765,
      "low_plane_intersection": [
        5.627241443226811,
        7.41235861228264,
        1.348666756473284
      ],
      "high_plane_intersection": [
        0.5647457107267382,
        1.642658762269681,
        10.575480274176904
      ],
      "penetration_segments": {
        "n1_to_low_plane": 0.5946319461610856,
        "low_plane_to_high_plane": 12.00218259698207,
        "high_plane_to_n2": 1.11129524596878,
        "total_calculated": 13.708109789111935,
        "molecular_length": 12.518845896789765,
        "length_difference": 1.1892638923221703
      },
      "penetration_parameters": {
        "t_low_plane": -0.5946319461610854,
        "t_high_plane": 11.407550650820985
      }
    },
    "comparative_analysis": {
      "molecule_1": {
        "id": "molecule_0",
        "segments": {
          "n1_to_low_plane": 0.7823342531574421,
          "low_plane_to_high_plane": 10.299997408176418,
          "high_plane_to_n2": 0.5404957290072138,
          "total_calculated": 11.622827390341074,
          "molecular_length": 8.977167426011762,
          "length_difference": 2.6456599643293117
        }
      },
      "molecule_2": {
        "id": "molecule_1",
        "segments": {
          "n1_to_low_plane": 0.5946319461610856,
          "low_plane_to_high_plane": 12.00218259698207,
          "high_plane_to_n2": 1.11129524596878,
          "total_calculated": 13.708109789111935,
          "molecular_length": 12.518845896789765,
          "length_difference": 1.1892638923221703
        }
      },
      "penetration_comparison": {
        "n1_to_low_diff": 0.18770230699635648,
        "low_to_high_diff": 1.702185188805652,
        "high_to_n2_diff": 0.5707995169615662
      }
    },
    "plane_reference": {
      "plane_analysis": {
        "low_plane": {
          "normal_vector": [
            0.004145141211680448,
            0.2110062828474023,
            0.9774759160221071
          ],
          "center_position": [
            2.790363174119062,
            2.0113564890988904,
            2.526603341729967
          ],
          "angle_vs_z_axis_degrees": 15.713947287971122
        },
        "high_plane": {
          "normal_vector": [
            0.06826612296481879,
            -0.18162143710591944,
            0.9809961213169667
          ],
          "center_position": [
            2.6894586603343487,
            2.4725562000978427,
            10.581271581300921
          ],
          "angle_vs_z_axis_degrees": 20.765760128707104
        }
      },
      "vector_analysis_results": {
        "angle_between_planes_degrees": 22.9478971241045,
        "distance_between_plane_centers_angstrom": 8.068492259640626,
        "angle_between_low_plane_and_z": 15.713947287971122,
        "angle_between_high_plane_and_z": 20.765760128707104
      }
    }
  }
}