{
  "experiment": {
    "name": "CONTCAR",
    "file_path": "/home/dotempo/Documents/DION-JACOBSON/BULKS/MAPbCl3/MAPbCl3_n1_[NH3+]CCCCC[NH3+]/CONTCAR",
    "timestamp": "2025-08-06 13:14:04.670155"
  },
  "salt_structure_info": {
    "total_atoms": 50,
    "halogen_symbol": "Cl"
  },
  "vector_analysis": {
    "plane_analysis": {
      "low_plane": {
        "normal_vector": [
          0.016914207782606206,
          0.010209899330493773,
          0.9998048147167267
        ],
        "center_position": [
          2.108070746379044,
          2.094960657173314,
          4.595905489530402
        ],
        "angle_vs_z_axis_degrees": 0.3348675462680481
      },
      "high_plane": {
        "normal_vector": [
          0.01676889732102031,
          0.010167829430207798,
          0.999807691172315
        ],
        "center_position": [
          2.313539872070921,
          2.2257553460377535,
          11.256333178149525
        ],
        "angle_vs_z_axis_degrees": 0.34249754882148165
      }
    },
    "vector_analysis_results": {
      "angle_between_planes_degrees": 0.008669152616296397,
      "distance_between_plane_centers_angstrom": 6.664879729415378,
      "angle_between_low_plane_and_z": 0.3348675462680481,
      "angle_between_high_plane_and_z": 0.34249754882148165
    }
  }
}