{
  "experiment": {
    "name": "CONTCAR",
    "file_path": "/home/dotempo/Documents/DION-JACOBSON/BULKS/MAPbI3/MAPbI3_n1_[NH3+]CCCCCC[NH3+]/CONTCAR",
    "timestamp": "2025-08-06 13:15:40.922719"
  },
  "salt_structure_info": {
    "total_atoms": 56,
    "halogen_symbol": "I"
  },
  "vector_analysis": {
    "plane_analysis": {
      "low_plane": {
        "normal_vector": [
          -0.0061212345800940315,
          0.12467474961781265,
          0.9921787829292417
        ],
        "center_position": [
          6.480415609000473,
          2.1991970591749963,
          5.159845403200164
        ],
        "angle_vs_z_axis_degrees": 11.604934024536009
      },
      "high_plane": {
        "normal_vector": [
          -0.0024835057447509506,
          0.13795612603325255,
          0.9904352273062146
        ],
        "center_position": [
          4.698773245011703,
          6.379196113074836,
          10.582495141806724
        ],
        "angle_vs_z_axis_degrees": 11.953535737953079
      }
    },
    "vector_analysis_results": {
      "angle_between_planes_degrees": 0.7952999083770573,
      "distance_between_plane_centers_angstrom": 7.074727683195506,
      "angle_between_low_plane_and_z": 11.604934024536009,
      "angle_between_high_plane_and_z": 11.953535737953079
    }
  }
}