{
  "experiment": {
    "name": "CONTCAR",
    "file_path": "/home/dotempo/Documents/DION-JACOBSON/BULKS/MAPbI3/MAPbI3_n3_[NH3+]CCCCCCCCC[NH3+]/CONTCAR",
    "timestamp": "2025-08-06 13:15:28.110561"
  },
  "salt_structure_info": {
    "total_atoms": 74,
    "halogen_symbol": "I"
  },
  "vector_analysis": {
    "plane_analysis": {
      "low_plane": {
        "normal_vector": [
          -0.13624657834019227,
          -0.0016662606066161953,
          0.99067355544911
        ],
        "center_position": [
          6.159482192332749,
          3.5437784227716738,
          5.431165253304844
        ],
        "angle_vs_z_axis_degrees": 11.615696253951445
      },
      "high_plane": {
        "normal_vector": [
          -0.10769216000904708,
          -0.02694867367390226,
          0.9938189813340271
        ],
        "center_position": [
          2.478017593951305,
          2.2262763027267436,
          12.95044444838145
        ],
        "angle_vs_z_axis_degrees": 9.426496506975521
      }
    },
    "vector_analysis_results": {
      "angle_between_planes_degrees": 2.1927355120834946,
      "distance_between_plane_centers_angstrom": 8.475172743901485,
      "angle_between_low_plane_and_z": 11.615696253951445,
      "angle_between_high_plane_and_z": 9.426496506975521
    }
  }
}