{
  "experiment": {
    "name": "CONTCAR",
    "file_path": "/home/dotempo/Documents/DION-JACOBSON/BULKS/MAPbI3/MAPbI3_n2_[NH3+]CCCCCCCCCC[NH3+]/CONTCAR",
    "timestamp": "2025-08-06 13:16:10.908217"
  },
  "analysis_parameters": {
    "halogen_symbol": "I",
    "central_metal": "Pb",
    "total_spacer_molecules": 4,
    "analyzed_molecules": 2
  },
  "penetration_analysis": {
    "molecule_0": {
      "formula": "C10H26N2",
      "n1_position": [
        7.4581190918601665,
        5.422498733228975,
        5.442383006631464
      ],
      "n2_position": [
        5.297837623979138,
        3.033056700835093,
        15.43635412381494
      ],
      "molecular_vector": [
        -2.1602814678810285,
        -2.3894420323938825,
        9.993971117183477
      ],
      "molecular_vector_length": 10.500271803041024,
      "low_plane_intersection": [
        7.47734110346245,
        5.443759797193344,
        5.353457451501921
      ],
      "high_plane_intersection": [
        5.416067704863849,
        3.1638285141193863,
        14.889393910013236
      ],
      "penetration_segments": {
        "n1_to_low_plane": 0.09343057811034186,
        "low_plane_to_high_plane": 10.019032828575561,
        "high_plane_to_n2": 0.5746695525758024,
        "total_calculated": 10.687132959261705,
        "molecular_length": 10.500271803041024,
        "length_difference": 0.18686115622068122
      },
      "penetration_parameters": {
        "t_low_plane": -0.09343057811034186,
        "t_high_plane": 9.92560225046522
      }
    },
    "molecule_2": {
      "formula": "C10H26N2",
      "n1_position": [
        3.702368806954667,
        0.6118471807928493,
        5.079750456784505
      ],
      "n2_position": [
        9.486403018752245,
        5.910131518282834,
        15.698530877879215
      ],
      "molecular_vector": [
        5.784034211797579,
        5.298284337489985,
        10.618780421094709
      ],
      "molecular_vector_length": 13.201718309203573,
      "low_plane_intersection": [
        4.224561613910615,
        1.090185632630046,
        6.038432676061526
      ],
      "high_plane_intersection": [
        8.983812643376313,
        5.449749263178582,
        14.775836328979928
      ],
      "penetration_segments": {
        "n1_to_low_plane": 1.1918744060094808,
        "low_plane_to_high_plane": 10.862710895734253,
        "high_plane_to_n2": 1.1471330074598396,
        "total_calculated": 13.201718309203573,
        "molecular_length": 13.201718309203573,
        "length_difference": 0.0
      },
      "penetration_parameters": {
        "t_low_plane": 1.1918744060094806,
        "t_high_plane": 12.054585301743733
      }
    },
    "comparative_analysis": {
      "molecule_1": {
        "id": "molecule_0",
        "segments": {
          "n1_to_low_plane": 0.09343057811034186,
          "low_plane_to_high_plane": 10.019032828575561,
          "high_plane_to_n2": 0.5746695525758024,
          "total_calculated": 10.687132959261705,
          "molecular_length": 10.500271803041024,
          "length_difference": 0.18686115622068122
        }
      },
      "molecule_2": {
        "id": "molecule_2",
        "segments": {
          "n1_to_low_plane": 1.1918744060094808,
          "low_plane_to_high_plane": 10.862710895734253,
          "high_plane_to_n2": 1.1471330074598396,
          "total_calculated": 13.201718309203573,
          "molecular_length": 13.201718309203573,
          "length_difference": 0.0
        }
      },
      "penetration_comparison": {
        "n1_to_low_diff": 1.0984438278991389,
        "low_to_high_diff": 0.8436780671586916,
        "high_to_n2_diff": 0.5724634548840372
      }
    },
    "plane_reference": {
      "plane_analysis": {
        "low_plane": {
          "normal_vector": [
            -0.021371894349316873,
            0.1709517783864452,
            0.9850475783425049
          ],
          "center_position": [
            5.701983413269593,
            2.269944579061777,
            5.865743974424619
          ],
          "angle_vs_z_axis_degrees": 17.705365280457425
        },
        "high_plane": {
          "normal_vector": [
            -0.04386956114580624,
            0.11775249456635609,
            0.9920734910420067
          ],
          "center_position": [
            6.53088159395789,
            4.435335793685559,
            14.787771642243031
          ],
          "angle_vs_z_axis_degrees": 16.333462898751765
        }
      },
      "vector_analysis_results": {
        "angle_between_planes_degrees": 3.3343130699782826,
        "distance_between_plane_centers_angstrom": 9.218382125494445,
        "angle_between_low_plane_and_z": 17.705365280457425,
        "angle_between_high_plane_and_z": 16.333462898751765
      }
    }
  }
}