{
  "experiment": {
    "name": "CONTCAR",
    "file_path": "/home/dotempo/Documents/DION-JACOBSON/BULKS/MAPbI3/MAPbI3_n2_[NH3+]CCCCCCCCCC[NH3+]/CONTCAR",
    "timestamp": "2025-08-06 13:16:10.881375"
  },
  "salt_structure_info": {
    "total_atoms": 80,
    "halogen_symbol": "I"
  },
  "vector_analysis": {
    "plane_analysis": {
      "low_plane": {
        "normal_vector": [
          -0.021371894349316873,
          0.1709517783864452,
          0.9850475783425049
        ],
        "center_position": [
          5.701983413269593,
          2.269944579061777,
          5.865743974424619
        ],
        "angle_vs_z_axis_degrees": 17.705365280457425
      },
      "high_plane": {
        "normal_vector": [
          -0.04386956114580624,
          0.11775249456635609,
          0.9920734910420067
        ],
        "center_position": [
          6.53088159395789,
          4.435335793685559,
          14.787771642243031
        ],
        "angle_vs_z_axis_degrees": 16.333462898751765
      }
    },
    "vector_analysis_results": {
      "angle_between_planes_degrees": 3.3343130699782826,
      "distance_between_plane_centers_angstrom": 9.218382125494445,
      "angle_between_low_plane_and_z": 17.705365280457425,
      "angle_between_high_plane_and_z": 16.333462898751765
    }
  }
}