{
  "experiment": {
    "name": "CONTCAR",
    "file_path": "/home/dotempo/Documents/DION-JACOBSON/BULKS/MAPbBr3/MAPbBr3_n3_[NH3+]CCCCCCCCC[NH3+]/CONTCAR",
    "timestamp": "2025-08-06 13:15:09.233616"
  },
  "analysis_parameters": {
    "halogen_symbol": "Br",
    "central_metal": "Pb",
    "total_spacer_molecules": 6,
    "analyzed_molecules": 2
  },
  "penetration_analysis": {
    "molecule_2": {
      "formula": "C9H24N2",
      "n1_position": [
        1.071990465432055,
        6.1663030484689685,
        3.0793491473458
      ],
      "n2_position": [
        6.438641423660789,
        1.2066097306859331,
        13.7194391588653
      ],
      "molecular_vector": [
        5.366650958228734,
        -4.959693317783035,
        10.6400900115195
      ],
      "molecular_vector_length": 12.907788957337198,
      "low_plane_intersection": [
        1.2827259839517622,
        5.97154778095541,
        3.4971599763202215
      ],
      "high_plane_intersection": [
        5.99789844057699,
        1.6139308039353013,
        12.845608338031553
      ],
      "penetration_segments": {
        "n1_to_low_plane": 0.5068579305864128,
        "low_plane_to_high_plane": 11.340862567975787,
        "high_plane_to_n2": 1.060068458775,
        "total_calculated": 12.9077889573372,
        "molecular_length": 12.907788957337198,
        "length_difference": 1.7763568394002505e-15
      },
      "penetration_parameters": {
        "t_low_plane": 0.5068579305864128,
        "t_high_plane": 11.847720498562198
      }
    },
    "molecule_4": {
      "formula": "C9H24N2",
      "n1_position": [
        5.597967592871923,
        1.7756386135324393,
        2.9910669315900154
      ],
      "n2_position": [
        1.9783191146376304,
        5.8780640355993015,
        13.475143933737622
      ],
      "molecular_vector": [
        -3.6196484782342924,
        4.102425422066862,
        10.484077002147606
      ],
      "molecular_vector_length": 11.825718584363685,
      "low_plane_intersection": [
        5.443464151515173,
        1.9507492214906854,
        3.4385761264804353
      ],
      "high_plane_intersection": [
        2.187590397710671,
        5.640880829288011,
        12.869003238233882
      ],
      "penetration_segments": {
        "n1_to_low_plane": 0.504776701049144,
        "low_plane_to_high_plane": 10.637233695546616,
        "high_plane_to_n2": 0.6837081877679237,
        "total_calculated": 11.825718584363683,
        "molecular_length": 11.825718584363685,
        "length_difference": 1.7763568394002505e-15
      },
      "penetration_parameters": {
        "t_low_plane": 0.504776701049144,
        "t_high_plane": 11.142010396595762
      }
    },
    "comparative_analysis": {
      "molecule_1": {
        "id": "molecule_2",
        "segments": {
          "n1_to_low_plane": 0.5068579305864128,
          "low_plane_to_high_plane": 11.340862567975787,
          "high_plane_to_n2": 1.060068458775,
          "total_calculated": 12.9077889573372,
          "molecular_length": 12.907788957337198,
          "length_difference": 1.7763568394002505e-15
        }
      },
      "molecule_2": {
        "id": "molecule_4",
        "segments": {
          "n1_to_low_plane": 0.504776701049144,
          "low_plane_to_high_plane": 10.637233695546616,
          "high_plane_to_n2": 0.6837081877679237,
          "total_calculated": 11.825718584363683,
          "molecular_length": 11.825718584363685,
          "length_difference": 1.7763568394002505e-15
        }
      },
      "penetration_comparison": {
        "n1_to_low_diff": 0.0020812295372688583,
        "low_to_high_diff": 0.7036288724291708,
        "high_to_n2_diff": 0.37636027100707625
      }
    },
    "plane_reference": {
      "plane_analysis": {
        "low_plane": {
          "normal_vector": [
            0.09903647765476772,
            0.08804162370795086,
            0.9911813399114232
          ],
          "center_position": [
            2.5532263248407276,
            3.0428990556538165,
            3.6303516589206484
          ],
          "angle_vs_z_axis_degrees": 13.332702074459373
        },
        "high_plane": {
          "normal_vector": [
            0.0662953813659797,
            0.05694146503176205,
            0.9961739767578632
          ],
          "center_position": [
            4.228779000703519,
            3.5858848552066447,
            12.850626031135661
          ],
          "angle_vs_z_axis_degrees": 10.734391757639218
        }
      },
      "vector_analysis_results": {
        "angle_between_planes_degrees": 2.6033230245446313,
        "distance_between_plane_centers_angstrom": 9.387000045117286,
        "angle_between_low_plane_and_z": 13.332702074459373,
        "angle_between_high_plane_and_z": 10.734391757639218
      }
    }
  }
}