{
  "experiment": {
    "name": "CONTCAR",
    "file_path": "/home/dotempo/Documents/DION-JACOBSON/BULKS/MAPbI3/MAPbI3_n2_[NH3+]CCC[NH3+]/CONTCAR",
    "timestamp": "2025-08-06 13:15:56.880855"
  },
  "analysis_parameters": {
    "halogen_symbol": "I",
    "central_metal": "Pb",
    "total_spacer_molecules": 4,
    "analyzed_molecules": 2
  },
  "penetration_analysis": {
    "molecule_0": {
      "formula": "C3H12N2",
      "n1_position": [
        4.668481624624711,
        7.884852301481812,
        4.7518063084723465
      ],
      "n2_position": [
        4.689544923398502,
        7.918262151746958,
        9.63883010746175
      ],
      "molecular_vector": [
        0.021063298773791317,
        0.0334098502651452,
        4.887023798989404
      ],
      "molecular_vector_length": 4.88718339051634,
      "low_plane_intersection": [
        4.6701131312908855,
        7.887440138933528,
        5.130342073047197
      ],
      "high_plane_intersection": [
        4.687915647258348,
        7.915677852275743,
        9.260811860767713
      ],
      "penetration_segments": {
        "n1_to_low_plane": 0.37854812610676747,
        "low_plane_to_high_plane": 4.130604673083777,
        "high_plane_to_n2": 0.37803059132579653,
        "total_calculated": 4.88718339051634,
        "molecular_length": 4.88718339051634,
        "length_difference": 0.0
      },
      "penetration_parameters": {
        "t_low_plane": 0.378548126106767,
        "t_high_plane": 4.509152799190545
      }
    },
    "molecule_3": {
      "formula": "C3H12N2",
      "n1_position": [
        0.4403846881018611,
        5.234110278486714,
        4.757630475660477
      ],
      "n2_position": [
        0.4692721650283873,
        5.268245073258279,
        9.644692549559208
      ],
      "molecular_vector": [
        0.028887476926526212,
        0.03413479477156489,
        4.887062073898731
      ],
      "molecular_vector_length": 4.887266657823844,
      "low_plane_intersection": [
        0.4425860068242077,
        5.236711459718471,
        5.1300403357498725
      ],
      "high_plane_intersection": [
        0.4670444314603292,
        5.265612679008521,
        9.267813936764512
      ],
      "penetration_segments": {
        "n1_to_low_plane": 0.37242545004298633,
        "low_plane_to_high_plane": 4.13794681796006,
        "high_plane_to_n2": 0.37689438982079726,
        "total_calculated": 4.887266657823844,
        "molecular_length": 4.887266657823844,
        "length_difference": 0.0
      },
      "penetration_parameters": {
        "t_low_plane": 0.37242545004298644,
        "t_high_plane": 4.510372268003048
      }
    },
    "comparative_analysis": {
      "molecule_1": {
        "id": "molecule_0",
        "segments": {
          "n1_to_low_plane": 0.37854812610676747,
          "low_plane_to_high_plane": 4.130604673083777,
          "high_plane_to_n2": 0.37803059132579653,
          "total_calculated": 4.88718339051634,
          "molecular_length": 4.88718339051634,
          "length_difference": 0.0
        }
      },
      "molecule_2": {
        "id": "molecule_3",
        "segments": {
          "n1_to_low_plane": 0.37242545004298633,
          "low_plane_to_high_plane": 4.13794681796006,
          "high_plane_to_n2": 0.37689438982079726,
          "total_calculated": 4.887266657823844,
          "molecular_length": 4.887266657823844,
          "length_difference": 0.0
        }
      },
      "penetration_comparison": {
        "n1_to_low_diff": 0.006122676063781141,
        "low_to_high_diff": 0.00734214487628293,
        "high_to_n2_diff": 0.001136201504999268
      }
    },
    "plane_reference": {
      "plane_analysis": {
        "low_plane": {
          "normal_vector": [
            -0.00025097931227829,
            0.00028644371672145,
            0.9999999274796884
          ],
          "center_position": [
            6.026755235482797,
            6.5605063964429995,
            5.131062654034814
          ],
          "angle_vs_z_axis_degrees": 0.06808546042393983
        },
        "high_plane": {
          "normal_vector": [
            0.0016163671529496038,
            6.776785926520511e-05,
            0.9999986913815158
          ],
          "center_position": [
            6.050097149701774,
            2.2107019233604666,
            9.2589966869613
          ],
          "angle_vs_z_axis_degrees": 0.08600905310830272
        }
      },
      "vector_analysis_results": {
        "angle_between_planes_degrees": 0.10772222949840447,
        "distance_between_plane_centers_angstrom": 5.996764392503756,
        "angle_between_low_plane_and_z": 0.06808546042393983,
        "angle_between_high_plane_and_z": 0.08600905310830272
      }
    }
  }
}