{
  "experiment": {
    "name": "CONTCAR",
    "file_path": "/home/dotempo/Documents/DION-JACOBSON/BULKS/MAPbI3/MAPbI3_n2_[NH3+]CCC[NH3+]/CONTCAR",
    "timestamp": "2025-08-06 13:15:56.848456"
  },
  "salt_structure_info": {
    "total_atoms": 38,
    "halogen_symbol": "I"
  },
  "vector_analysis": {
    "plane_analysis": {
      "low_plane": {
        "normal_vector": [
          -0.00025097931227829,
          0.00028644371672145,
          0.9999999274796884
        ],
        "center_position": [
          6.026755235482797,
          6.5605063964429995,
          5.131062654034814
        ],
        "angle_vs_z_axis_degrees": 0.06808546042393983
      },
      "high_plane": {
        "normal_vector": [
          0.0016163671529496038,
          6.776785926520511e-05,
          0.9999986913815158
        ],
        "center_position": [
          6.050097149701774,
          2.2107019233604666,
          9.2589966869613
        ],
        "angle_vs_z_axis_degrees": 0.08600905310830272
      }
    },
    "vector_analysis_results": {
      "angle_between_planes_degrees": 0.10772222949840447,
      "distance_between_plane_centers_angstrom": 5.996764392503756,
      "angle_between_low_plane_and_z": 0.06808546042393983,
      "angle_between_high_plane_and_z": 0.08600905310830272
    }
  }
}