{
  "experiment": {
    "name": "CONTCAR",
    "file_path": "/home/dotempo/Documents/DION-JACOBSON/BULKS/MAPbBr3/MAPbBr3_n1_CC(C)(C[NH3+])C(C)(C)C[NH3+]/CONTCAR",
    "timestamp": "2025-08-06 13:14:45.646213"
  },
  "salt_structure_info": {
    "total_atoms": 68,
    "halogen_symbol": "Br"
  },
  "vector_analysis": {
    "plane_analysis": {
      "low_plane": {
        "normal_vector": [
          0.0526387060103276,
          0.04966069664829446,
          0.9973780536175659
        ],
        "center_position": [
          2.015416363283259,
          6.590353963159332,
          3.1223112349247075
        ],
        "angle_vs_z_axis_degrees": 0.9717640871548121
      },
      "high_plane": {
        "normal_vector": [
          -0.009760841887780744,
          -0.04204180259383364,
          0.9990681722486724
        ],
        "center_position": [
          2.71384348812114,
          2.864252388504071,
          8.518320412513082
        ],
        "angle_vs_z_axis_degrees": 6.12812291300361
      }
    },
    "vector_analysis_results": {
      "angle_between_planes_degrees": 6.359198868685007,
      "distance_between_plane_centers_angstrom": 6.594584781316842,
      "angle_between_low_plane_and_z": 0.9717640871548121,
      "angle_between_high_plane_and_z": 6.12812291300361
    }
  }
}