{
  "experiment": {
    "name": "CONTCAR",
    "file_path": "/home/dotempo/Documents/DION-JACOBSON/BULKS/MAPbBr3/MAPbBr3_n1_CC(C)(C[NH3+])C(C)(C)C[NH3+]/CONTCAR",
    "timestamp": "2025-08-06 13:14:45.673193"
  },
  "analysis_parameters": {
    "halogen_symbol": "Br",
    "central_metal": "Pb",
    "total_spacer_molecules": 2,
    "analyzed_molecules": 2
  },
  "penetration_analysis": {
    "molecule_0": {
      "formula": "C8H22N2",
      "n1_position": [
        0.5379613634605066,
        4.6269188146823055,
        2.5974466580223807
      ],
      "n2_position": [
        1.125377927273552,
        4.679146826531048,
        8.886675936140206
      ],
      "molecular_vector": [
        0.5874165638130454,
        0.05222801184874282,
        6.2892292781178245
      ],
      "molecular_vector_length": 6.316818099122219,
      "low_plane_intersection": [
        0.603050133716265,
        4.63270594646162,
        3.294325542253989
      ],
      "high_plane_intersection": [
        1.0966208114771328,
        4.676589991948786,
        8.578785240230877
      ],
      "penetration_segments": {
        "n1_to_low_plane": 0.6999358672017953,
        "low_plane_to_high_plane": 5.307640918801462,
        "high_plane_to_n2": 0.309241313118963,
        "total_calculated": 6.31681809912222,
        "molecular_length": 6.316818099122219,
        "length_difference": 8.881784197001252e-16
      },
      "penetration_parameters": {
        "t_low_plane": 0.6999358672017955,
        "t_high_plane": 6.007576786003257
      }
    },
    "molecule_1": {
      "formula": "C8H22N2",
      "n1_position": [
        3.5490540641350474,
        0.19091938410003606,
        2.7508286054092537
      ],
      "n2_position": [
        5.316200890619288,
        9.299164100531819,
        9.079366579022826
      ],
      "molecular_vector": [
        1.7671468264842405,
        9.108244716431782,
        6.328537973613573
      ],
      "molecular_vector_length": 11.230909251001442,
      "low_plane_intersection": [
        3.7056296305748937,
        0.9979426344461,
        3.3115598378705755
      ],
      "high_plane_intersection": [
        5.23725338020183,
        8.892252103261137,
        8.796638335895945
      ],
      "penetration_segments": {
        "n1_to_low_plane": 0.9950989647581177,
        "low_plane_to_high_plane": 9.734067979490604,
        "high_plane_to_n2": 0.5017423067527216,
        "total_calculated": 11.230909251001442,
        "molecular_length": 11.230909251001442,
        "length_difference": 0.0
      },
      "penetration_parameters": {
        "t_low_plane": 0.9950989647581177,
        "t_high_plane": 10.72916694424872
      }
    },
    "comparative_analysis": {
      "molecule_1": {
        "id": "molecule_0",
        "segments": {
          "n1_to_low_plane": 0.6999358672017953,
          "low_plane_to_high_plane": 5.307640918801462,
          "high_plane_to_n2": 0.309241313118963,
          "total_calculated": 6.31681809912222,
          "molecular_length": 6.316818099122219,
          "length_difference": 8.881784197001252e-16
        }
      },
      "molecule_2": {
        "id": "molecule_1",
        "segments": {
          "n1_to_low_plane": 0.9950989647581177,
          "low_plane_to_high_plane": 9.734067979490604,
          "high_plane_to_n2": 0.5017423067527216,
          "total_calculated": 11.230909251001442,
          "molecular_length": 11.230909251001442,
          "length_difference": 0.0
        }
      },
      "penetration_comparison": {
        "n1_to_low_diff": 0.2951630975563223,
        "low_to_high_diff": 4.426427060689142,
        "high_to_n2_diff": 0.19250099363375855
      }
    },
    "plane_reference": {
      "plane_analysis": {
        "low_plane": {
          "normal_vector": [
            0.0526387060103276,
            0.04966069664829446,
            0.9973780536175659
          ],
          "center_position": [
            2.015416363283259,
            6.590353963159332,
            3.1223112349247075
          ],
          "angle_vs_z_axis_degrees": 0.9717640871548121
        },
        "high_plane": {
          "normal_vector": [
            -0.009760841887780744,
            -0.04204180259383364,
            0.9990681722486724
          ],
          "center_position": [
            2.71384348812114,
            2.864252388504071,
            8.518320412513082
          ],
          "angle_vs_z_axis_degrees": 6.12812291300361
        }
      },
      "vector_analysis_results": {
        "angle_between_planes_degrees": 6.359198868685007,
        "distance_between_plane_centers_angstrom": 6.594584781316842,
        "angle_between_low_plane_and_z": 0.9717640871548121,
        "angle_between_high_plane_and_z": 6.12812291300361
      }
    }
  }
}