{
  "experiment": {
    "name": "CONTCAR",
    "file_path": "/home/dotempo/Documents/DION-JACOBSON/BULKS/MAPbCl3/MAPbCl3_n3_[NH3+]CCCCCCCC[NH3+]/CONTCAR",
    "timestamp": "2025-08-06 13:13:57.584227"
  },
  "analysis_parameters": {
    "halogen_symbol": "Cl",
    "central_metal": "Pb",
    "total_spacer_molecules": 6,
    "analyzed_molecules": 2
  },
  "penetration_analysis": {
    "molecule_2": {
      "formula": "C8H22N2",
      "n1_position": [
        7.601524609248828,
        4.591612317569383,
        3.964644768992326
      ],
      "n2_position": [
        0.6244601653780074,
        3.6051408287146427,
        15.161551600963428
      ],
      "molecular_vector": [
        -6.9770644438708205,
        -0.9864714888547401,
        11.196906831971102
      ],
      "molecular_vector_length": 13.229636308534369,
      "low_plane_intersection": [
        7.334584491226762,
        4.553870253155514,
        4.393034624819746
      ],
      "high_plane_intersection": [
        0.8611765525402548,
        3.638609627628403,
        14.781665281440482
      ],
      "penetration_segments": {
        "n1_to_low_plane": 0.5061613958133244,
        "low_plane_to_high_plane": 12.274622571507848,
        "high_plane_to_n2": 0.44885234121319495,
        "total_calculated": 13.229636308534367,
        "molecular_length": 13.229636308534369,
        "length_difference": 1.7763568394002505e-15
      },
      "penetration_parameters": {
        "t_low_plane": 0.5061613958133241,
        "t_high_plane": 12.780783967321174
      }
    },
    "molecule_4": {
      "formula": "C8H22N2",
      "n1_position": [
        3.7798403414313944,
        0.024665940748618137,
        4.229645144366437
      ],
      "n2_position": [
        3.7948357803886945,
        0.7231496923084358,
        15.297448161619327
      ],
      "molecular_vector": [
        0.014995438957300156,
        0.6984837515598177,
        11.06780301725289
      ],
      "molecular_vector_length": 11.089831740973114,
      "low_plane_intersection": [
        3.780127875091556,
        0.03805918586943731,
        4.441867402118291
      ],
      "high_plane_intersection": [
        3.7940732782126276,
        0.6876325339225878,
        14.734662109876114
      ],
      "penetration_segments": {
        "n1_to_low_plane": 0.21264465282665004,
        "low_plane_to_high_plane": 10.313280899152153,
        "high_plane_to_n2": 0.5639061889943119,
        "total_calculated": 11.089831740973114,
        "molecular_length": 11.089831740973114,
        "length_difference": 0.0
      },
      "penetration_parameters": {
        "t_low_plane": 0.21264465282665043,
        "t_high_plane": 10.525925551978801
      }
    },
    "comparative_analysis": {
      "molecule_1": {
        "id": "molecule_2",
        "segments": {
          "n1_to_low_plane": 0.5061613958133244,
          "low_plane_to_high_plane": 12.274622571507848,
          "high_plane_to_n2": 0.44885234121319495,
          "total_calculated": 13.229636308534367,
          "molecular_length": 13.229636308534369,
          "length_difference": 1.7763568394002505e-15
        }
      },
      "molecule_2": {
        "id": "molecule_4",
        "segments": {
          "n1_to_low_plane": 0.21264465282665004,
          "low_plane_to_high_plane": 10.313280899152153,
          "high_plane_to_n2": 0.5639061889943119,
          "total_calculated": 11.089831740973114,
          "molecular_length": 11.089831740973114,
          "length_difference": 0.0
        }
      },
      "penetration_comparison": {
        "n1_to_low_diff": 0.2935167429866744,
        "low_to_high_diff": 1.9613416723556956,
        "high_to_n2_diff": 0.11505384778111694
      }
    },
    "plane_reference": {
      "plane_analysis": {
        "low_plane": {
          "normal_vector": [
            0.021550569753025266,
            -0.006151730599030968,
            0.9997488330345561
          ],
          "center_position": [
            2.43995654308747,
            6.312327275250331,
            4.509363417651019
          ],
          "angle_vs_z_axis_degrees": 0.5199291192937778
        },
        "high_plane": {
          "normal_vector": [
            0.00880370626965371,
            -0.0071772085599302584,
            0.9999354891357767
          ],
          "center_position": [
            2.2552995434834164,
            2.17405197768667,
            14.758878926455322
          ],
          "angle_vs_z_axis_degrees": 0.48417070393907374
        }
      },
      "vector_analysis_results": {
        "angle_between_planes_degrees": 0.7327841337030435,
        "distance_between_plane_centers_angstrom": 11.054953134733243,
        "angle_between_low_plane_and_z": 0.5199291192937778,
        "angle_between_high_plane_and_z": 0.48417070393907374
      }
    }
  }
}