{
  "experiment": {
    "name": "CONTCAR",
    "file_path": "/home/dotempo/Documents/DION-JACOBSON/BULKS/MAPbCl3/MAPbCl3_n3_[NH3+]CCCCCCCC[NH3+]/CONTCAR",
    "timestamp": "2025-08-06 13:13:57.556270"
  },
  "salt_structure_info": {
    "total_atoms": 68,
    "halogen_symbol": "Cl"
  },
  "vector_analysis": {
    "plane_analysis": {
      "low_plane": {
        "normal_vector": [
          0.021550569753025266,
          -0.006151730599030968,
          0.9997488330345561
        ],
        "center_position": [
          2.43995654308747,
          6.312327275250331,
          4.509363417651019
        ],
        "angle_vs_z_axis_degrees": 0.5199291192937778
      },
      "high_plane": {
        "normal_vector": [
          0.00880370626965371,
          -0.0071772085599302584,
          0.9999354891357767
        ],
        "center_position": [
          2.2552995434834164,
          2.17405197768667,
          14.758878926455322
        ],
        "angle_vs_z_axis_degrees": 0.48417070393907374
      }
    },
    "vector_analysis_results": {
      "angle_between_planes_degrees": 0.7327841337030435,
      "distance_between_plane_centers_angstrom": 11.054953134733243,
      "angle_between_low_plane_and_z": 0.5199291192937778,
      "angle_between_high_plane_and_z": 0.48417070393907374
    }
  }
}