{
  "experiment": {
    "name": "CONTCAR",
    "file_path": "/home/dotempo/Documents/DION-JACOBSON/BULKS/MAPbCl3/MAPbCl3_n1_CC(C)(CCC[NH3+])CCC[NH3+]/CONTCAR",
    "timestamp": "2025-08-06 13:14:04.463829"
  },
  "analysis_parameters": {
    "halogen_symbol": "Cl",
    "central_metal": "Pb",
    "total_spacer_molecules": 2,
    "analyzed_molecules": 2
  },
  "penetration_analysis": {
    "molecule_0": {
      "formula": "C9H24N2",
      "n1_position": [
        7.606019677819578,
        3.9173289672873843,
        4.917554816324284
      ],
      "n2_position": [
        2.0148983052544027,
        7.306560402462019,
        13.665178445740953
      ],
      "molecular_vector": [
        -5.591121372565175,
        3.389231435174635,
        8.747623629416669
      ],
      "molecular_vector_length": 10.92100943529763,
      "low_plane_intersection": [
        8.272437837835485,
        3.51335895369047,
        3.874906149773704
      ],
      "high_plane_intersection": [
        2.393740716135058,
        7.076913338416086,
        13.072458201550587
      ],
      "penetration_segments": {
        "n1_to_low_plane": 1.301699342299972,
        "low_plane_to_high_plane": 11.482724565482323,
        "high_plane_to_n2": 0.7399842121152796,
        "total_calculated": 13.524408119897576,
        "molecular_length": 10.92100943529763,
        "length_difference": 2.603398684599945
      },
      "penetration_parameters": {
        "t_low_plane": -1.3016993422999725,
        "t_high_plane": 10.18102522318235
      }
    },
    "molecule_1": {
      "formula": "C9H24N2",
      "n1_position": [
        3.7103732708161967,
        7.435325826173134,
        5.36604181924022
      ],
      "n2_position": [
        5.593900887536141,
        3.2566963529043265,
        13.495464232573816
      ],
      "molecular_vector": [
        1.8835276167199444,
        -4.178629473268808,
        8.129422413333597
      ],
      "molecular_vector_length": 9.332530703524533,
      "low_plane_intersection": [
        3.649025965362559,
        7.571425587280226,
        5.101263031010445
      ],
      "high_plane_intersection": [
        5.50229743709002,
        3.459919748457116,
        13.100098039593746
      ],
      "penetration_segments": {
        "n1_to_low_plane": 0.30396454325505984,
        "low_plane_to_high_plane": 9.182617105440757,
        "high_plane_to_n2": 0.4538781413388342,
        "total_calculated": 9.94045979003465,
        "molecular_length": 9.332530703524533,
        "length_difference": 0.6079290865101168
      },
      "penetration_parameters": {
        "t_low_plane": -0.30396454325506006,
        "t_high_plane": 8.878652562185698
      }
    },
    "comparative_analysis": {
      "molecule_1": {
        "id": "molecule_0",
        "segments": {
          "n1_to_low_plane": 1.301699342299972,
          "low_plane_to_high_plane": 11.482724565482323,
          "high_plane_to_n2": 0.7399842121152796,
          "total_calculated": 13.524408119897576,
          "molecular_length": 10.92100943529763,
          "length_difference": 2.603398684599945
        }
      },
      "molecule_2": {
        "id": "molecule_1",
        "segments": {
          "n1_to_low_plane": 0.30396454325505984,
          "low_plane_to_high_plane": 9.182617105440757,
          "high_plane_to_n2": 0.4538781413388342,
          "total_calculated": 9.94045979003465,
          "molecular_length": 9.332530703524533,
          "length_difference": 0.6079290865101168
        }
      },
      "penetration_comparison": {
        "n1_to_low_diff": 0.9977347990449122,
        "low_to_high_diff": 2.3001074600415663,
        "high_to_n2_diff": 0.28610607077644545
      }
    },
    "plane_reference": {
      "plane_analysis": {
        "low_plane": {
          "normal_vector": [
            0.24012060602456028,
            -0.019727405551922036,
            0.9705425925906538
          ],
          "center_position": [
            2.4159037802111967,
            6.381055726525846,
            5.382152442234841
          ],
          "angle_vs_z_axis_degrees": 12.471051867236948
        },
        "high_plane": {
          "normal_vector": [
            0.004065962327872455,
            0.011135538217076002,
            0.9999297314006442
          ],
          "center_position": [
            3.7393493907866064,
            4.52955917920488,
            13.095354775873929
          ],
          "angle_vs_z_axis_degrees": 9.258284094670893
        }
      },
      "vector_analysis_results": {
        "angle_between_planes_degrees": 13.776738988979764,
        "distance_between_plane_centers_angstrom": 8.041954861135956,
        "angle_between_low_plane_and_z": 12.471051867236948,
        "angle_between_high_plane_and_z": 9.258284094670893
      }
    }
  }
}