{
  "experiment": {
    "name": "CONTCAR",
    "file_path": "/home/dotempo/Documents/DION-JACOBSON/BULKS/MAPbCl3/MAPbCl3_n1_CC(C)(CCC[NH3+])CCC[NH3+]/CONTCAR",
    "timestamp": "2025-08-06 13:14:04.436120"
  },
  "salt_structure_info": {
    "total_atoms": 74,
    "halogen_symbol": "Cl"
  },
  "vector_analysis": {
    "plane_analysis": {
      "low_plane": {
        "normal_vector": [
          0.24012060602456028,
          -0.019727405551922036,
          0.9705425925906538
        ],
        "center_position": [
          2.4159037802111967,
          6.381055726525846,
          5.382152442234841
        ],
        "angle_vs_z_axis_degrees": 12.471051867236948
      },
      "high_plane": {
        "normal_vector": [
          0.004065962327872455,
          0.011135538217076002,
          0.9999297314006442
        ],
        "center_position": [
          3.7393493907866064,
          4.52955917920488,
          13.095354775873929
        ],
        "angle_vs_z_axis_degrees": 9.258284094670893
      }
    },
    "vector_analysis_results": {
      "angle_between_planes_degrees": 13.776738988979764,
      "distance_between_plane_centers_angstrom": 8.041954861135956,
      "angle_between_low_plane_and_z": 12.471051867236948,
      "angle_between_high_plane_and_z": 9.258284094670893
    }
  }
}