{
  "experiment": {
    "name": "CONTCAR",
    "file_path": "/home/dotempo/Documents/DION-JACOBSON/BULKS/MAPbI3/MAPbI3_n2_[NH3+]C1=CC=C([NH3+])C=C1/CONTCAR",
    "timestamp": "2025-08-06 13:16:02.199853"
  },
  "analysis_parameters": {
    "halogen_symbol": "I",
    "central_metal": "Pb",
    "total_spacer_molecules": 4,
    "analyzed_molecules": 2
  },
  "penetration_analysis": {
    "molecule_0": {
      "formula": "C6H10N2",
      "n1_position": [
        3.6618673683876737,
        8.102640595340366,
        4.826511574564376
      ],
      "n2_position": [
        5.37666303549616,
        0.6021701978910764,
        10.062045296422644
      ],
      "molecular_vector": [
        1.7147956671084867,
        -7.50047039744929,
        5.2355337218582685
      ],
      "molecular_vector_length": 9.306363076715964,
      "low_plane_intersection": [
        3.8166356633011578,
        7.425688211608428,
        5.299042875311352
      ],
      "high_plane_intersection": [
        5.25638158466048,
        1.1282780477415013,
        9.694807610881886
      ],
      "penetration_segments": {
        "n1_to_low_plane": 0.839942608239641,
        "low_plane_to_high_plane": 7.813641321466628,
        "high_plane_to_n2": 0.6527791470096956,
        "total_calculated": 9.306363076715964,
        "molecular_length": 9.306363076715964,
        "length_difference": 0.0
      },
      "penetration_parameters": {
        "t_low_plane": 0.8399426082396406,
        "t_high_plane": 8.653583929706269
      }
    },
    "molecule_1": {
      "formula": "C6H10N2",
      "n1_position": [
        7.867825866295283,
        4.9220511239025315,
        4.9675053617688185
      ],
      "n2_position": [
        1.0511446026953928,
        3.7452375522469414,
        10.005113592965829
      ],
      "molecular_vector": [
        -6.81668126359989,
        -1.17681357165559,
        5.0376082311970105
      ],
      "molecular_vector_length": 8.557425449454435,
      "low_plane_intersection": [
        7.502066069072092,
        4.858907333442988,
        5.23780618615553
      ],
      "high_plane_intersection": [
        1.3862920950339914,
        3.8030965164905055,
        9.757435624643403
      ],
      "penetration_segments": {
        "n1_to_low_plane": 0.4591621752741449,
        "low_plane_to_high_plane": 7.677530725693115,
        "high_plane_to_n2": 0.4207325484871759,
        "total_calculated": 8.557425449454437,
        "molecular_length": 8.557425449454435,
        "length_difference": 1.7763568394002505e-15
      },
      "penetration_parameters": {
        "t_low_plane": 0.4591621752741449,
        "t_high_plane": 8.13669290096726
      }
    },
    "comparative_analysis": {
      "molecule_1": {
        "id": "molecule_0",
        "segments": {
          "n1_to_low_plane": 0.839942608239641,
          "low_plane_to_high_plane": 7.813641321466628,
          "high_plane_to_n2": 0.6527791470096956,
          "total_calculated": 9.306363076715964,
          "molecular_length": 9.306363076715964,
          "length_difference": 0.0
        }
      },
      "molecule_2": {
        "id": "molecule_1",
        "segments": {
          "n1_to_low_plane": 0.4591621752741449,
          "low_plane_to_high_plane": 7.677530725693115,
          "high_plane_to_n2": 0.4207325484871759,
          "total_calculated": 8.557425449454437,
          "molecular_length": 8.557425449454435,
          "length_difference": 1.7763568394002505e-15
        }
      },
      "penetration_comparison": {
        "n1_to_low_diff": 0.3807804329654961,
        "low_to_high_diff": 0.1361105957735127,
        "high_to_n2_diff": 0.23204659852251974
      }
    },
    "plane_reference": {
      "plane_analysis": {
        "low_plane": {
          "normal_vector": [
            -0.0022408958472590963,
            -0.02706610732170934,
            0.999631134079092
          ],
          "center_position": [
            6.504186612498868,
            6.50237251696586,
            5.280067836144395
          ],
          "angle_vs_z_axis_degrees": 2.4785470453830394
        },
        "high_plane": {
          "normal_vector": [
            -0.005710685152250848,
            -0.03166437322417255,
            0.9994822437359316
          ],
          "center_position": [
            2.4895072134973595,
            2.174403669800133,
            9.712140748969396
          ],
          "angle_vs_z_axis_degrees": 2.801911420221662
        }
      },
      "vector_analysis_results": {
        "angle_between_planes_degrees": 0.33016365374920653,
        "distance_between_plane_centers_angstrom": 7.381885621126978,
        "angle_between_low_plane_and_z": 2.4785470453830394,
        "angle_between_high_plane_and_z": 2.801911420221662
      }
    }
  }
}