{
  "experiment": {
    "name": "CONTCAR",
    "file_path": "/home/dotempo/Documents/DION-JACOBSON/BULKS/MAPbI3/MAPbI3_n2_[NH3+]C1=CC=C([NH3+])C=C1/CONTCAR",
    "timestamp": "2025-08-06 13:16:02.172150"
  },
  "salt_structure_info": {
    "total_atoms": 40,
    "halogen_symbol": "I"
  },
  "vector_analysis": {
    "plane_analysis": {
      "low_plane": {
        "normal_vector": [
          -0.0022408958472590963,
          -0.02706610732170934,
          0.999631134079092
        ],
        "center_position": [
          6.504186612498868,
          6.50237251696586,
          5.280067836144395
        ],
        "angle_vs_z_axis_degrees": 2.4785470453830394
      },
      "high_plane": {
        "normal_vector": [
          -0.005710685152250848,
          -0.03166437322417255,
          0.9994822437359316
        ],
        "center_position": [
          2.4895072134973595,
          2.174403669800133,
          9.712140748969396
        ],
        "angle_vs_z_axis_degrees": 2.801911420221662
      }
    },
    "vector_analysis_results": {
      "angle_between_planes_degrees": 0.33016365374920653,
      "distance_between_plane_centers_angstrom": 7.381885621126978,
      "angle_between_low_plane_and_z": 2.4785470453830394,
      "angle_between_high_plane_and_z": 2.801911420221662
    }
  }
}