{
  "experiment": {
    "name": "CONTCAR",
    "file_path": "/home/dotempo/Documents/DION-JACOBSON/BULKS/MAPbCl3/MAPbCl3_n1_CC(C)(C[NH3+])C(C)(C)C[NH3+]/CONTCAR",
    "timestamp": "2025-08-06 13:13:08.273508"
  },
  "analysis_parameters": {
    "halogen_symbol": "Cl",
    "central_metal": "Pb",
    "total_spacer_molecules": 2,
    "analyzed_molecules": 2
  },
  "penetration_analysis": {
    "molecule_0": {
      "formula": "C8H22N2",
      "n1_position": [
        0.06576570138693784,
        5.156732209818975,
        3.969688994265342
      ],
      "n2_position": [
        0.2607996521515945,
        3.6108831831186214,
        10.137963973863796
      ],
      "molecular_vector": [
        0.19503395076465668,
        -1.545849026700354,
        6.168274979598454
      ],
      "molecular_vector_length": 6.36202040858418,
      "low_plane_intersection": [
        0.06472391560017296,
        5.164989457022279,
        3.9367407758787025
      ],
      "high_plane_intersection": [
        0.23768110688145866,
        3.7941219503407018,
        9.40680130297801
      ],
      "penetration_segments": {
        "n1_to_low_plane": 0.03398312145544709,
        "low_plane_to_high_plane": 5.641875050107122,
        "high_plane_to_n2": 0.7541284799325049,
        "total_calculated": 6.429986651495073,
        "molecular_length": 6.36202040858418,
        "length_difference": 0.06796624291089337
      },
      "penetration_parameters": {
        "t_low_plane": -0.03398312145544726,
        "t_high_plane": 5.607891928651675
      }
    },
    "molecule_1": {
      "formula": "C8H22N2",
      "n1_position": [
        3.9809157152997594,
        0.45260882352874454,
        3.388227770051817
      ],
      "n2_position": [
        4.471182025322324,
        7.915510817280151,
        9.206150385581145
      ],
      "molecular_vector": [
        0.49026631002256416,
        7.462901993751407,
        5.817922615529328
      ],
      "molecular_vector_length": 9.47541507182506,
      "low_plane_intersection": [
        4.0283742042743125,
        1.175028546744729,
        3.9514111066575794
      ],
      "high_plane_intersection": [
        4.492165697819727,
        8.234927200000591,
        9.455160730130192
      ],
      "penetration_segments": {
        "n1_to_low_plane": 0.9172339043546127,
        "low_plane_to_high_plane": 8.963734236444315,
        "high_plane_to_n2": 0.4055530689738693,
        "total_calculated": 10.286521209772797,
        "molecular_length": 9.47541507182506,
        "length_difference": 0.8111061379477373
      },
      "penetration_parameters": {
        "t_low_plane": 0.9172339043546127,
        "t_high_plane": 9.880968140798927
      }
    },
    "comparative_analysis": {
      "molecule_1": {
        "id": "molecule_0",
        "segments": {
          "n1_to_low_plane": 0.03398312145544709,
          "low_plane_to_high_plane": 5.641875050107122,
          "high_plane_to_n2": 0.7541284799325049,
          "total_calculated": 6.429986651495073,
          "molecular_length": 6.36202040858418,
          "length_difference": 0.06796624291089337
        }
      },
      "molecule_2": {
        "id": "molecule_1",
        "segments": {
          "n1_to_low_plane": 0.9172339043546127,
          "low_plane_to_high_plane": 8.963734236444315,
          "high_plane_to_n2": 0.4055530689738693,
          "total_calculated": 10.286521209772797,
          "molecular_length": 9.47541507182506,
          "length_difference": 0.8111061379477373
        }
      },
      "penetration_comparison": {
        "n1_to_low_diff": 0.8832507828991656,
        "low_to_high_diff": 3.3218591863371936,
        "high_to_n2_diff": 0.3485754109586356
      }
    },
    "plane_reference": {
      "plane_analysis": {
        "low_plane": {
          "normal_vector": [
            0.04894278636079539,
            0.05228741624459707,
            0.9974320176160908
          ],
          "center_position": [
            1.976458827257434,
            1.8456660139544177,
            4.016939939075419
          ],
          "angle_vs_z_axis_degrees": 4.8612955164684415
        },
        "high_plane": {
          "normal_vector": [
            0.00016252343813405898,
            -0.01104482801854472,
            0.9999389908190263
          ],
          "center_position": [
            6.035522554255368,
            2.5502054867183475,
            9.392119278703806
          ],
          "angle_vs_z_axis_degrees": 0.7670326784479528
        }
      },
      "vector_analysis_results": {
        "angle_between_planes_degrees": 4.583728584208038,
        "distance_between_plane_centers_angstrom": 6.772364959279786,
        "angle_between_low_plane_and_z": 4.8612955164684415,
        "angle_between_high_plane_and_z": 0.7670326784479528
      }
    }
  }
}