{
  "experiment": {
    "name": "CONTCAR",
    "file_path": "/home/dotempo/Documents/DION-JACOBSON/BULKS/MAPbI3/MAPbI3_n2_[NH3+]C1CCC([NH3+])CC1/CONTCAR",
    "timestamp": "2025-08-06 13:15:26.213953"
  },
  "salt_structure_info": {
    "total_atoms": 52,
    "halogen_symbol": "I"
  },
  "vector_analysis": {
    "plane_analysis": {
      "low_plane": {
        "normal_vector": [
          -0.0013577852272920819,
          0.024945747978468248,
          0.9996878843304401
        ],
        "center_position": [
          2.228984231229072,
          2.0415562552911415,
          5.063270079131157
        ],
        "angle_vs_z_axis_degrees": 2.180196572619375
      },
      "high_plane": {
        "normal_vector": [
          0.005538207480276891,
          0.030913298430765825,
          0.999506726459625
        ],
        "center_position": [
          6.496798020314588,
          6.105693793856661,
          9.475096739985307
        ],
        "angle_vs_z_axis_degrees": 2.70277902223329
      }
    },
    "vector_analysis_results": {
      "angle_between_planes_degrees": 0.522617192109452,
      "distance_between_plane_centers_angstrom": 7.361770368335959,
      "angle_between_low_plane_and_z": 2.180196572619375,
      "angle_between_high_plane_and_z": 2.70277902223329
    }
  }
}