{
  "experiment": {
    "name": "CONTCAR",
    "file_path": "/home/dotempo/Documents/DION-JACOBSON/BULKS/MAPbI3/MAPbI3_n2_[NH3+]C1CCC([NH3+])CC1/CONTCAR",
    "timestamp": "2025-08-06 13:15:26.239921"
  },
  "analysis_parameters": {
    "halogen_symbol": "I",
    "central_metal": "Pb",
    "total_spacer_molecules": 4,
    "analyzed_molecules": 2
  },
  "penetration_analysis": {
    "molecule_0": {
      "formula": "C6H16N2",
      "n1_position": [
        5.381769398337226,
        0.39051186962271023,
        4.6746509982145446
      ],
      "n2_position": [
        3.2271285007865007,
        7.798149378321855,
        9.895456785184447
      ],
      "molecular_vector": [
        -2.154640897550725,
        7.407637508699145,
        5.220805786969902
      ],
      "molecular_vector_length": 9.315169559537985,
      "low_plane_intersection": [
        5.208834705495522,
        0.985059907166126,
        5.093680659343759
      ],
      "high_plane_intersection": [
        3.407245992346595,
        7.178906938447047,
        9.459022833085797
      ],
      "penetration_segments": {
        "n1_to_low_plane": 0.7476494056983164,
        "low_plane_to_high_plane": 7.788817319215026,
        "high_plane_to_n2": 0.7787028346246422,
        "total_calculated": 9.315169559537985,
        "molecular_length": 9.315169559537985,
        "length_difference": 0.0
      },
      "penetration_parameters": {
        "t_low_plane": 0.7476494056983165,
        "t_high_plane": 8.536466724913343
      }
    },
    "molecule_1": {
      "formula": "C6H16N2",
      "n1_position": [
        0.9792423568837295,
        3.6587779243388874,
        4.7334743100843575
      ],
      "n2_position": [
        7.88185530264523,
        4.382376705634327,
        9.79822767592721
      ],
      "molecular_vector": [
        6.9026129457615,
        0.7235987812954394,
        5.0647533658428525
      ],
      "molecular_vector_length": 8.591937344516834,
      "low_plane_intersection": [
        1.370728294357837,
        3.6998172741440234,
        5.020724911426512
      ],
      "high_plane_intersection": [
        7.508124046827504,
        4.343198573618714,
        9.524004472236527
      ],
      "penetration_segments": {
        "n1_to_low_plane": 0.4872970094755745,
        "low_plane_to_high_plane": 7.639443233754387,
        "high_plane_to_n2": 0.4651971012868726,
        "total_calculated": 8.591937344516834,
        "molecular_length": 8.591937344516834,
        "length_difference": 0.0
      },
      "penetration_parameters": {
        "t_low_plane": 0.4872970094755745,
        "t_high_plane": 8.126740243229962
      }
    },
    "comparative_analysis": {
      "molecule_1": {
        "id": "molecule_0",
        "segments": {
          "n1_to_low_plane": 0.7476494056983164,
          "low_plane_to_high_plane": 7.788817319215026,
          "high_plane_to_n2": 0.7787028346246422,
          "total_calculated": 9.315169559537985,
          "molecular_length": 9.315169559537985,
          "length_difference": 0.0
        }
      },
      "molecule_2": {
        "id": "molecule_1",
        "segments": {
          "n1_to_low_plane": 0.4872970094755745,
          "low_plane_to_high_plane": 7.639443233754387,
          "high_plane_to_n2": 0.4651971012868726,
          "total_calculated": 8.591937344516834,
          "molecular_length": 8.591937344516834,
          "length_difference": 0.0
        }
      },
      "penetration_comparison": {
        "n1_to_low_diff": 0.26035239622274187,
        "low_to_high_diff": 0.14937408546063846,
        "high_to_n2_diff": 0.3135057333377696
      }
    },
    "plane_reference": {
      "plane_analysis": {
        "low_plane": {
          "normal_vector": [
            -0.0013577852272920819,
            0.024945747978468248,
            0.9996878843304401
          ],
          "center_position": [
            2.228984231229072,
            2.0415562552911415,
            5.063270079131157
          ],
          "angle_vs_z_axis_degrees": 2.180196572619375
        },
        "high_plane": {
          "normal_vector": [
            0.005538207480276891,
            0.030913298430765825,
            0.999506726459625
          ],
          "center_position": [
            6.496798020314588,
            6.105693793856661,
            9.475096739985307
          ],
          "angle_vs_z_axis_degrees": 2.70277902223329
        }
      },
      "vector_analysis_results": {
        "angle_between_planes_degrees": 0.522617192109452,
        "distance_between_plane_centers_angstrom": 7.361770368335959,
        "angle_between_low_plane_and_z": 2.180196572619375,
        "angle_between_high_plane_and_z": 2.70277902223329
      }
    }
  }
}