{
  "experiment": {
    "name": "CONTCAR",
    "file_path": "/home/dotempo/Documents/DION-JACOBSON/BULKS/MAPbI3/MAPbI3_n3_CC(C)(CC[NH3+])C(C)(C)CC[NH3+]/CONTCAR",
    "timestamp": "2025-08-06 13:15:25.575438"
  },
  "analysis_parameters": {
    "halogen_symbol": "I",
    "central_metal": "Pb",
    "total_spacer_molecules": 6,
    "analyzed_molecules": 2
  },
  "penetration_analysis": {
    "molecule_0": {
      "formula": "C10H26N2",
      "n1_position": [
        4.896293481267829,
        0.3769080471729038,
        4.623429947138582
      ],
      "n2_position": [
        4.57660299449177,
        8.286081447608288,
        13.264840280685299
      ],
      "molecular_vector": [
        -0.31969048677605905,
        7.9091734004353835,
        8.641410333546716
      ],
      "molecular_vector_length": 11.718839466355774,
      "low_plane_intersection": [
        4.869469040243355,
        1.0405472989124547,
        5.348509395695579
      ],
      "high_plane_intersection": [
        4.6076840169477435,
        7.517133961725421,
        12.424703086310828
      ],
      "penetration_segments": {
        "n1_to_low_plane": 0.9832989442714898,
        "low_plane_to_high_plane": 9.5962088006906,
        "high_plane_to_n2": 1.1393317213936847,
        "total_calculated": 11.718839466355774,
        "molecular_length": 11.718839466355774,
        "length_difference": 0.0
      },
      "penetration_parameters": {
        "t_low_plane": 0.98329894427149,
        "t_high_plane": 10.57950774496209
      }
    },
    "molecule_5": {
      "formula": "C10H26N2",
      "n1_position": [
        8.098998030714593,
        3.6812512054139432,
        4.4737495087763595
      ],
      "n2_position": [
        0.2643167345761568,
        5.424752520243967,
        13.127108305450907
      ],
      "molecular_vector": [
        -7.834681296138436,
        1.7435013148300236,
        8.653358796674548
      ],
      "molecular_vector_length": 11.80265420618855,
      "low_plane_intersection": [
        7.424751776220747,
        3.8312955003629474,
        5.218450478339079
      ],
      "high_plane_intersection": [
        0.9194330781210889,
        5.278965325696539,
        12.403536208516481
      ],
      "penetration_segments": {
        "n1_to_low_plane": 1.0157267527309595,
        "low_plane_to_high_plane": 9.8000191957478,
        "high_plane_to_n2": 0.9869082577097897,
        "total_calculated": 11.802654206188548,
        "molecular_length": 11.80265420618855,
        "length_difference": 1.7763568394002505e-15
      },
      "penetration_parameters": {
        "t_low_plane": 1.0157267527309595,
        "t_high_plane": 10.81574594847876
      }
    },
    "comparative_analysis": {
      "molecule_1": {
        "id": "molecule_0",
        "segments": {
          "n1_to_low_plane": 0.9832989442714898,
          "low_plane_to_high_plane": 9.5962088006906,
          "high_plane_to_n2": 1.1393317213936847,
          "total_calculated": 11.718839466355774,
          "molecular_length": 11.718839466355774,
          "length_difference": 0.0
        }
      },
      "molecule_2": {
        "id": "molecule_5",
        "segments": {
          "n1_to_low_plane": 1.0157267527309595,
          "low_plane_to_high_plane": 9.8000191957478,
          "high_plane_to_n2": 0.9869082577097897,
          "total_calculated": 11.802654206188548,
          "molecular_length": 11.80265420618855,
          "length_difference": 1.7763568394002505e-15
        }
      },
      "penetration_comparison": {
        "n1_to_low_diff": 0.03242780845946969,
        "low_to_high_diff": 0.20381039505719833,
        "high_to_n2_diff": 0.15242346368389492
      }
    },
    "plane_reference": {
      "plane_analysis": {
        "low_plane": {
          "normal_vector": [
            0.02005235567729061,
            0.02821520684667799,
            0.9994007230007345
          ],
          "center_position": [
            2.2533165823652017,
            2.1395571697645566,
            5.3699734873908
          ],
          "angle_vs_z_axis_degrees": 2.516420818989067
        },
        "high_plane": {
          "normal_vector": [
            -0.00888514803343114,
            0.005184997086577244,
            0.999947083574744
          ],
          "center_position": [
            5.9946085478135505,
            6.873003835611151,
            12.440366757771544
          ],
          "angle_vs_z_axis_degrees": 0.3979264126511352
        }
      },
      "vector_analysis_results": {
        "angle_between_planes_degrees": 2.119343071376876,
        "distance_between_plane_centers_angstrom": 9.294796603852497,
        "angle_between_low_plane_and_z": 2.516420818989067,
        "angle_between_high_plane_and_z": 0.3979264126511352
      }
    }
  }
}