{
  "experiment": {
    "name": "CONTCAR",
    "file_path": "/home/dotempo/Documents/DION-JACOBSON/BULKS/MAPbI3/MAPbI3_n3_CC(C)(CC[NH3+])C(C)(C)CC[NH3+]/CONTCAR",
    "timestamp": "2025-08-06 13:15:25.549580"
  },
  "salt_structure_info": {
    "total_atoms": 80,
    "halogen_symbol": "I"
  },
  "vector_analysis": {
    "plane_analysis": {
      "low_plane": {
        "normal_vector": [
          0.02005235567729061,
          0.02821520684667799,
          0.9994007230007345
        ],
        "center_position": [
          2.2533165823652017,
          2.1395571697645566,
          5.3699734873908
        ],
        "angle_vs_z_axis_degrees": 2.516420818989067
      },
      "high_plane": {
        "normal_vector": [
          -0.00888514803343114,
          0.005184997086577244,
          0.999947083574744
        ],
        "center_position": [
          5.9946085478135505,
          6.873003835611151,
          12.440366757771544
        ],
        "angle_vs_z_axis_degrees": 0.3979264126511352
      }
    },
    "vector_analysis_results": {
      "angle_between_planes_degrees": 2.119343071376876,
      "distance_between_plane_centers_angstrom": 9.294796603852497,
      "angle_between_low_plane_and_z": 2.516420818989067,
      "angle_between_high_plane_and_z": 0.3979264126511352
    }
  }
}