{
  "experiment": {
    "name": "CONTCAR",
    "file_path": "/home/dotempo/Documents/DION-JACOBSON/BULKS/MAPbI3/MAPbI3_n2_[NH3+]CCCCCC[NH3+]/CONTCAR",
    "timestamp": "2025-08-06 13:16:04.686799"
  },
  "analysis_parameters": {
    "halogen_symbol": "I",
    "central_metal": "Pb",
    "total_spacer_molecules": 4,
    "analyzed_molecules": 2
  },
  "penetration_analysis": {
    "molecule_1": {
      "formula": "C6H18N2",
      "n1_position": [
        7.350279135787535,
        3.526456768682089,
        5.271574483111755
      ],
      "n2_position": [
        3.3278385999616567,
        5.059973588599187,
        11.716028196381073
      ],
      "molecular_vector": [
        -4.0224405358258775,
        1.5335168199170983,
        6.444453713269318
      ],
      "molecular_vector_length": 7.750011958938806,
      "low_plane_intersection": [
        7.137562506062685,
        3.607552940683587,
        5.612373175372095
      ],
      "high_plane_intersection": [
        3.6718874604036067,
        4.928808265044513,
        11.164818815788957
      ],
      "penetration_segments": {
        "n1_to_low_plane": 0.4098398496012232,
        "low_plane_to_high_plane": 6.677295241640912,
        "high_plane_to_n2": 0.6628768676966721,
        "total_calculated": 7.750011958938806,
        "molecular_length": 7.750011958938806,
        "length_difference": 0.0
      },
      "penetration_parameters": {
        "t_low_plane": 0.4098398496012228,
        "t_high_plane": 7.087135091242135
      }
    },
    "molecule_3": {
      "formula": "C6H18N2",
      "n1_position": [
        2.9704213485287596,
        0.8885977952900778,
        4.754152870996224
      ],
      "n2_position": [
        7.69744807634321,
        7.782666070907209,
        11.919791361471255
      ],
      "molecular_vector": [
        4.72702672781445,
        6.894068275617131,
        7.165638490475031
      ],
      "molecular_vector_length": 11.009965215681657,
      "low_plane_intersection": [
        3.661421097866959,
        1.8963770452657642,
        5.801630426312632
      ],
      "high_plane_intersection": [
        7.054606878429408,
        6.845123009701313,
        10.945316729472722
      ],
      "penetration_segments": {
        "n1_to_low_plane": 1.6094436613807421,
        "low_plane_to_high_plane": 7.903246494146886,
        "high_plane_to_n2": 1.4972750601540283,
        "total_calculated": 11.009965215681657,
        "molecular_length": 11.009965215681657,
        "length_difference": 0.0
      },
      "penetration_parameters": {
        "t_low_plane": 1.6094436613807424,
        "t_high_plane": 9.512690155527629
      }
    },
    "comparative_analysis": {
      "molecule_1": {
        "id": "molecule_1",
        "segments": {
          "n1_to_low_plane": 0.4098398496012232,
          "low_plane_to_high_plane": 6.677295241640912,
          "high_plane_to_n2": 0.6628768676966721,
          "total_calculated": 7.750011958938806,
          "molecular_length": 7.750011958938806,
          "length_difference": 0.0
        }
      },
      "molecule_2": {
        "id": "molecule_3",
        "segments": {
          "n1_to_low_plane": 1.6094436613807421,
          "low_plane_to_high_plane": 7.903246494146886,
          "high_plane_to_n2": 1.4972750601540283,
          "total_calculated": 11.009965215681657,
          "molecular_length": 11.009965215681657,
          "length_difference": 0.0
        }
      },
      "penetration_comparison": {
        "n1_to_low_diff": 1.199603811779519,
        "low_to_high_diff": 1.2259512525059746,
        "high_to_n2_diff": 0.8343981924573562
      }
    },
    "plane_reference": {
      "plane_analysis": {
        "low_plane": {
          "normal_vector": [
            0.0019063602109609952,
            0.10610352071677827,
            0.9943532615133568
          ],
          "center_position": [
            6.129356354225501,
            2.2403172892078063,
            5.760198426269019
          ],
          "angle_vs_z_axis_degrees": 8.681552825153531
        },
        "high_plane": {
          "normal_vector": [
            0.010747429032521204,
            0.09504705881013192,
            0.9954147624888503
          ],
          "center_position": [
            4.575733229559314,
            6.425910655689918,
            11.012109409662875
          ],
          "angle_vs_z_axis_degrees": 7.87365557998111
        }
      },
      "vector_analysis_results": {
        "angle_between_planes_degrees": 0.8133983325963288,
        "distance_between_plane_centers_angstrom": 6.893149180202733,
        "angle_between_low_plane_and_z": 8.681552825153531,
        "angle_between_high_plane_and_z": 7.87365557998111
      }
    }
  }
}