{
  "experiment": {
    "name": "CONTCAR",
    "file_path": "/home/dotempo/Documents/DION-JACOBSON/BULKS/MAPbCl3/MAPbCl3_n1_CC(C)(CC[NH3+])C(C)(C)CC[NH3+]/CONTCAR",
    "timestamp": "2025-08-06 13:14:02.315514"
  },
  "analysis_parameters": {
    "halogen_symbol": "Cl",
    "central_metal": "Pb",
    "total_spacer_molecules": 2,
    "analyzed_molecules": 2
  },
  "penetration_analysis": {
    "molecule_0": {
      "formula": "C10H26N2",
      "n1_position": [
        7.872492499520391,
        4.639172413376101,
        3.9099227620708783
      ],
      "n2_position": [
        1.8489859854075177,
        3.4057258974705826,
        12.12253868349934
      ],
      "molecular_vector": [
        -6.0235065141128725,
        -1.2334465159055181,
        8.212615921428462
      ],
      "molecular_vector_length": 10.25919496383902,
      "low_plane_intersection": [
        7.482572071264006,
        4.559327560118885,
        4.441551093456558
      ],
      "high_plane_intersection": [
        2.182423007995226,
        3.4740045210299844,
        11.667921394702265
      ],
      "penetration_segments": {
        "n1_to_low_plane": 0.6641097979214211,
        "low_plane_to_high_plane": 9.027177516963542,
        "high_plane_to_n2": 0.5679076489540571,
        "total_calculated": 10.25919496383902,
        "molecular_length": 10.25919496383902,
        "length_difference": 0.0
      },
      "penetration_parameters": {
        "t_low_plane": 0.6641097979214211,
        "t_high_plane": 9.691287314884963
      }
    },
    "molecule_1": {
      "formula": "C10H26N2",
      "n1_position": [
        3.7662851827731805,
        7.439979938976924,
        3.977629159603899
      ],
      "n2_position": [
        4.5691580578424285,
        0.2215159203786573,
        12.245138458022177
      ],
      "molecular_vector": [
        0.802872875069248,
        -7.218464018598267,
        8.267509298418279
      ],
      "molecular_vector_length": 11.00465981485809,
      "low_plane_intersection": [
        3.804731375990843,
        7.094318164851302,
        4.373525284365116
      ],
      "high_plane_intersection": [
        4.5036955132380445,
        0.8100761239499512,
        11.571043949388812
      ],
      "penetration_segments": {
        "n1_to_low_plane": 0.526966710016441,
        "low_plane_to_high_plane": 9.580423989947114,
        "high_plane_to_n2": 0.8972691148945346,
        "total_calculated": 11.00465981485809,
        "molecular_length": 11.00465981485809,
        "length_difference": 0.0
      },
      "penetration_parameters": {
        "t_low_plane": 0.5269667100164409,
        "t_high_plane": 10.107390699963554
      }
    },
    "comparative_analysis": {
      "molecule_1": {
        "id": "molecule_0",
        "segments": {
          "n1_to_low_plane": 0.6641097979214211,
          "low_plane_to_high_plane": 9.027177516963542,
          "high_plane_to_n2": 0.5679076489540571,
          "total_calculated": 10.25919496383902,
          "molecular_length": 10.25919496383902,
          "length_difference": 0.0
        }
      },
      "molecule_2": {
        "id": "molecule_1",
        "segments": {
          "n1_to_low_plane": 0.526966710016441,
          "low_plane_to_high_plane": 9.580423989947114,
          "high_plane_to_n2": 0.8972691148945346,
          "total_calculated": 11.00465981485809,
          "molecular_length": 11.00465981485809,
          "length_difference": 0.0
        }
      },
      "penetration_comparison": {
        "n1_to_low_diff": 0.1371430879049801,
        "low_to_high_diff": 0.553246472983572,
        "high_to_n2_diff": 0.32936146594047755
      }
    },
    "plane_reference": {
      "plane_analysis": {
        "low_plane": {
          "normal_vector": [
            0.0006207601313130053,
            0.027725034853743977,
            0.9996153945889479
          ],
          "center_position": [
            2.6099527567293026,
            6.013577904152302,
            4.404242330635631
          ],
          "angle_vs_z_axis_degrees": 2.8104842315756327
        },
        "high_plane": {
          "normal_vector": [
            0.033206495349330456,
            -0.007410121342856204,
            0.999421041787844
          ],
          "center_position": [
            3.14985034229835,
            1.86870079269393,
            11.623875527289155
          ],
          "angle_vs_z_axis_degrees": 0.5110720432616113
        }
      },
      "vector_analysis_results": {
        "angle_between_planes_degrees": 2.745888909939039,
        "distance_between_plane_centers_angstrom": 8.342337751866461,
        "angle_between_low_plane_and_z": 2.8104842315756327,
        "angle_between_high_plane_and_z": 0.5110720432616113
      }
    }
  }
}