{
  "experiment": {
    "name": "CONTCAR",
    "file_path": "/home/dotempo/Documents/DION-JACOBSON/BULKS/MAPbCl3/MAPbCl3_n3_CC(C)(CCCC[NH3+])C(C)(C)CCCC[NH3+]/CONTCAR",
    "timestamp": "2025-08-06 13:13:06.808090"
  },
  "analysis_parameters": {
    "halogen_symbol": "Cl",
    "central_metal": "Pb",
    "total_spacer_molecules": 6,
    "analyzed_molecules": 2
  },
  "penetration_analysis": {
    "molecule_0": {
      "formula": "C14H34N2",
      "n1_position": [
        7.8586003910454,
        2.7475417838144094,
        4.343581783939842
      ],
      "n2_position": [
        1.075863205511623,
        9.218851668551533,
        16.57100528923809
      ],
      "molecular_vector": [
        -6.782737185533777,
        6.471309884737124,
        12.227423505298248
      ],
      "molecular_vector_length": 15.407571545517454,
      "low_plane_intersection": [
        7.198184408910736,
        3.3776349683685,
        5.53413151074494
      ],
      "high_plane_intersection": [
        1.528630480424578,
        8.786873064415316,
        15.754789494896528
      ],
      "penetration_segments": {
        "n1_to_low_plane": 1.5001917686336306,
        "low_plane_to_high_plane": 12.878879926326615,
        "high_plane_to_n2": 1.0284998505572116,
        "total_calculated": 15.407571545517458,
        "molecular_length": 15.407571545517454,
        "length_difference": 3.552713678800501e-15
      },
      "penetration_parameters": {
        "t_low_plane": 1.5001917686336308,
        "t_high_plane": 14.379071694960244
      }
    },
    "molecule_3": {
      "formula": "C14H34N2",
      "n1_position": [
        4.71157179842604,
        6.304644717153489,
        5.183159079480241
      ],
      "n2_position": [
        3.6379877738721924,
        5.29823093205268,
        16.160754185096323
      ],
      "molecular_vector": [
        -1.0735840245538477,
        -1.0064137851008095,
        10.977595105616082
      ],
      "molecular_vector_length": 11.075786458191777,
      "low_plane_intersection": [
        4.6951851601,
        6.289283331062037,
        5.350715485472953
      ],
      "high_plane_intersection": [
        3.6548275336362996,
        5.3140170894253425,
        15.988564528638795
      ],
      "penetration_segments": {
        "n1_to_low_plane": 0.16905514865709811,
        "low_plane_to_high_plane": 10.733001467353008,
        "high_plane_to_n2": 0.1737298421816723,
        "total_calculated": 11.075786458191777,
        "molecular_length": 11.075786458191777,
        "length_difference": 0.0
      },
      "penetration_parameters": {
        "t_low_plane": 0.16905514865709778,
        "t_high_plane": 10.902056616010105
      }
    },
    "comparative_analysis": {
      "molecule_1": {
        "id": "molecule_0",
        "segments": {
          "n1_to_low_plane": 1.5001917686336306,
          "low_plane_to_high_plane": 12.878879926326615,
          "high_plane_to_n2": 1.0284998505572116,
          "total_calculated": 15.407571545517458,
          "molecular_length": 15.407571545517454,
          "length_difference": 3.552713678800501e-15
        }
      },
      "molecule_2": {
        "id": "molecule_3",
        "segments": {
          "n1_to_low_plane": 0.16905514865709811,
          "low_plane_to_high_plane": 10.733001467353008,
          "high_plane_to_n2": 0.1737298421816723,
          "total_calculated": 11.075786458191777,
          "molecular_length": 11.075786458191777,
          "length_difference": 0.0
        }
      },
      "penetration_comparison": {
        "n1_to_low_diff": 1.3311366199765324,
        "low_to_high_diff": 2.1458784589736073,
        "high_to_n2_diff": 0.8547700083755393
      }
    },
    "plane_reference": {
      "plane_analysis": {
        "low_plane": {
          "normal_vector": [
            -0.11351225322375384,
            -0.035033032941021315,
            0.9929187554734878
          ],
          "center_position": [
            6.093039398329802,
            5.306176601862692,
            5.475833853059852
          ],
          "angle_vs_z_axis_degrees": 12.084992103962392
        },
        "high_plane": {
          "normal_vector": [
            -0.10102728388536797,
            0.0051173933453525925,
            0.9948704941830843
          ],
          "center_position": [
            2.419860294585846,
            6.285403204576916,
            15.858159263381982
          ],
          "angle_vs_z_axis_degrees": 9.814845743478525
        }
      },
      "vector_analysis_results": {
        "angle_between_planes_degrees": 2.411874753735058,
        "distance_between_plane_centers_angstrom": 11.056392286522085,
        "angle_between_low_plane_and_z": 12.084992103962392,
        "angle_between_high_plane_and_z": 9.814845743478525
      }
    }
  }
}