{
  "experiment": {
    "name": "CONTCAR",
    "file_path": "/home/dotempo/Documents/DION-JACOBSON/BULKS/MAPbCl3/MAPbCl3_n3_CC(C)(CCCC[NH3+])C(C)(C)CCCC[NH3+]/CONTCAR",
    "timestamp": "2025-08-06 13:13:06.783305"
  },
  "salt_structure_info": {
    "total_atoms": 104,
    "halogen_symbol": "Cl"
  },
  "vector_analysis": {
    "plane_analysis": {
      "low_plane": {
        "normal_vector": [
          -0.11351225322375384,
          -0.035033032941021315,
          0.9929187554734878
        ],
        "center_position": [
          6.093039398329802,
          5.306176601862692,
          5.475833853059852
        ],
        "angle_vs_z_axis_degrees": 12.084992103962392
      },
      "high_plane": {
        "normal_vector": [
          -0.10102728388536797,
          0.0051173933453525925,
          0.9948704941830843
        ],
        "center_position": [
          2.419860294585846,
          6.285403204576916,
          15.858159263381982
        ],
        "angle_vs_z_axis_degrees": 9.814845743478525
      }
    },
    "vector_analysis_results": {
      "angle_between_planes_degrees": 2.411874753735058,
      "distance_between_plane_centers_angstrom": 11.056392286522085,
      "angle_between_low_plane_and_z": 12.084992103962392,
      "angle_between_high_plane_and_z": 9.814845743478525
    }
  }
}